$date
	Sun Apr 06 20:35:45 2025
$end
$version
	Icarus Verilog
$end
$timescale
	1s
$end
$scope module Modulo_principal_tb $end
$var wire 16 ! OUT [15:0] $end
$var reg 3 " ADDR [2:0] $end
$var reg 1 # CLK $end
$var reg 16 $ IN [15:0] $end
$var reg 1 % RST $end
$var reg 2 & SEL [1:0] $end
$var reg 1 ' WRITE_EN $end
$var reg 16 ( valor_esperado [15:0] $end
$scope function dato_random $end
$var reg 16 ) dato [15:0] $end
$upscope $end
$scope function reg_random $end
$var reg 3 * selec_reg [2:0] $end
$upscope $end
$scope function sel_random $end
$var reg 2 + sel_HL [1:0] $end
$upscope $end
$scope module DUT $end
$var wire 3 , ADDR [2:0] $end
$var wire 1 # CLK $end
$var wire 16 - IN [15:0] $end
$var wire 1 % RST $end
$var wire 2 . SEL [1:0] $end
$var wire 1 ' WRITE_EN $end
$var wire 16 / SP_OUT [15:0] $end
$var wire 16 0 SI_OUT [15:0] $end
$var wire 16 1 OUT [15:0] $end
$var wire 16 2 DX_OUT [15:0] $end
$var wire 16 3 DI_OUT [15:0] $end
$var wire 16 4 CX_OUT [15:0] $end
$var wire 16 5 BX_OUT [15:0] $end
$var wire 16 6 BP_OUT [15:0] $end
$var wire 16 7 AX_OUT [15:0] $end
$scope module u_AX $end
$var wire 1 # CLK $end
$var wire 16 8 IN [15:0] $end
$var wire 1 % RST $end
$var wire 2 9 SEL [1:0] $end
$var wire 1 : WRITE_EN $end
$var reg 16 ; AX [15:0] $end
$var reg 16 < OUT [15:0] $end
$upscope $end
$scope module u_BP $end
$var wire 1 # CLK $end
$var wire 16 = IN [15:0] $end
$var wire 1 % RST $end
$var wire 2 > SEL [1:0] $end
$var wire 1 ? WRITE_EN $end
$var reg 16 @ BP [15:0] $end
$var reg 16 A OUT [15:0] $end
$upscope $end
$scope module u_BX $end
$var wire 1 # CLK $end
$var wire 16 B IN [15:0] $end
$var wire 1 % RST $end
$var wire 2 C SEL [1:0] $end
$var wire 1 D WRITE_EN $end
$var reg 16 E BX [15:0] $end
$var reg 16 F OUT [15:0] $end
$upscope $end
$scope module u_CX $end
$var wire 1 # CLK $end
$var wire 16 G IN [15:0] $end
$var wire 1 % RST $end
$var wire 2 H SEL [1:0] $end
$var wire 1 I WRITE_EN $end
$var reg 16 J CX [15:0] $end
$var reg 16 K OUT [15:0] $end
$upscope $end
$scope module u_DI $end
$var wire 1 # CLK $end
$var wire 16 L IN [15:0] $end
$var wire 1 % RST $end
$var wire 2 M SEL [1:0] $end
$var wire 1 N WRITE_EN $end
$var reg 16 O DI [15:0] $end
$var reg 16 P OUT [15:0] $end
$upscope $end
$scope module u_DX $end
$var wire 1 # CLK $end
$var wire 16 Q IN [15:0] $end
$var wire 1 % RST $end
$var wire 2 R SEL [1:0] $end
$var wire 1 S WRITE_EN $end
$var reg 16 T DX [15:0] $end
$var reg 16 U OUT [15:0] $end
$upscope $end
$scope module u_SI $end
$var wire 1 # CLK $end
$var wire 16 V IN [15:0] $end
$var wire 1 % RST $end
$var wire 2 W SEL [1:0] $end
$var wire 1 X WRITE_EN $end
$var reg 16 Y OUT [15:0] $end
$var reg 16 Z SI [15:0] $end
$upscope $end
$scope module u_SP $end
$var wire 1 # CLK $end
$var wire 16 [ IN [15:0] $end
$var wire 1 % RST $end
$var wire 1 \ WRITE_EN $end
$var reg 16 ] OUT [15:0] $end
$var reg 16 ^ SP [15:0] $end
$upscope $end
$upscope $end
$scope begin tester $end
$upscope $end
$upscope $end
$enddefinitions $end
$comment Show the parameter values. $end
$dumpall
$end
#0
$dumpvars
b0 ^
b0 ]
0\
b0 [
b0 Z
b0 Y
0X
bz W
b0 V
b0 U
b0 T
0S
b0 R
b0 Q
b0 P
b0 O
0N
bz M
b0 L
b0 K
b0 J
0I
b0 H
b0 G
b0 F
b0 E
0D
b0 C
b0 B
b0 A
b0 @
0?
bz >
b0 =
b0 <
b0 ;
0:
b0 9
b0 8
b0 7
b0 6
b0 5
b0 4
b0 3
b0 2
b0 1
b0 0
b0 /
b0 .
b0 -
b0 ,
b0 +
b0 *
b0 )
b0 (
0'
b0 &
1%
b0 $
0#
b0 "
b0 !
$end
#10
1#
#20
0#
#30
0%
1#
#40
0#
#50
1#
#60
0#
#70
1I
1'
b1101011000001001 $
b1101011000001001 -
b1101011000001001 8
b1101011000001001 =
b1101011000001001 B
b1101011000001001 G
b1101011000001001 L
b1101011000001001 Q
b1101011000001001 V
b1101011000001001 [
b1101011000001001 )
b10 "
b10 ,
b10 *
1#
#80
0#
#90
b1101011000001001 !
b1101011000001001 1
b1101011000001001 4
b1101011000001001 K
0I
b1101011000001001 (
b1101011000001001 J
0'
1#
#100
0#
#110
b0 !
b0 1
1\
1'
b1001100110001101 $
b1001100110001101 -
b1001100110001101 8
b1001100110001101 =
b1001100110001101 B
b1001100110001101 G
b1001100110001101 L
b1001100110001101 Q
b1001100110001101 V
b1001100110001101 [
b1001100110001101 )
b100 "
b100 ,
b100 *
b11 &
b11 .
b11 9
b11 C
b11 H
b11 R
b11 +
1#
#120
0#
#130
b1001100110001101 !
b1001100110001101 1
b1001100110001101 /
b1001100110001101 ]
0\
b1001100110001101 (
b1001100110001101 ^
0'
1#
#140
0#
#150
1:
b0 !
b0 1
b1001 4
b1001 K
1'
b1110001100000001 $
b1110001100000001 -
b1110001100000001 8
b1110001100000001 =
b1110001100000001 B
b1110001100000001 G
b1110001100000001 L
b1110001100000001 Q
b1110001100000001 V
b1110001100000001 [
b1110001100000001 )
b0 "
b0 ,
b0 *
b1 &
b1 .
b1 9
b1 C
b1 H
b1 R
b1 +
1#
#160
0#
#170
b1 !
b1 1
b1 7
b1 <
0:
b1 (
b1 ;
0'
1#
#180
0#
#190
1?
b0 !
b0 1
1'
b1100110100111101 $
b1100110100111101 -
b1100110100111101 8
b1100110100111101 =
b1100110100111101 B
b1100110100111101 G
b1100110100111101 L
b1100110100111101 Q
b1100110100111101 V
b1100110100111101 [
b1100110100111101 )
b101 "
b101 ,
b101 *
1#
#200
0#
#210
b1100110100111101 !
b1100110100111101 1
b1100110100111101 6
b1100110100111101 A
0?
b1100110100111101 (
b1100110100111101 @
0'
1#
#220
0#
#230
b0 !
b0 1
1X
1'
b1110100111111001 $
b1110100111111001 -
b1110100111111001 8
b1110100111111001 =
b1110100111111001 B
b1110100111111001 G
b1110100111111001 L
b1110100111111001 Q
b1110100111111001 V
b1110100111111001 [
b1110100111111001 )
b110 "
b110 ,
b110 *
1#
#240
0#
#250
b1110100111111001 !
b1110100111111001 1
b1110100111111001 0
b1110100111111001 Y
0X
b1110100111111001 (
b1110100111111001 Z
0'
1#
#260
0#
#270
b0 !
b0 1
1S
b0 7
b0 <
b1101011000000000 4
b1101011000000000 K
1'
b1101001010101010 $
b1101001010101010 -
b1101001010101010 8
b1101001010101010 =
b1101001010101010 B
b1101001010101010 G
b1101001010101010 L
b1101001010101010 Q
b1101001010101010 V
b1101001010101010 [
b1101001010101010 )
b11 "
b11 ,
b11 *
b10 &
b10 .
b10 9
b10 C
b10 H
b10 R
b10 +
1#
#280
0#
#290
b1101001000000000 !
b1101001000000000 1
b1101001000000000 2
b1101001000000000 U
0S
b1101001000000000 (
b1101001000000000 T
0'
1#
#300
0#
#310
b0 !
b0 1
1D
b1 7
b1 <
b1001 4
b1001 K
b0 2
b0 U
1'
b1101011000010010 $
b1101011000010010 -
b1101011000010010 8
b1101011000010010 =
b1101011000010010 B
b1101011000010010 G
b1101011000010010 L
b1101011000010010 Q
b1101011000010010 V
b1101011000010010 [
b1101011000010010 )
b1 "
b1 ,
b1 *
b1 &
b1 .
b1 9
b1 C
b1 H
b1 R
b1 +
1#
#320
0#
#330
b10010 !
b10010 1
b10010 5
b10010 F
0D
b10010 (
b10010 E
0'
1#
#340
0#
#350
b0 !
b0 1
1N
b1101011000001001 4
b1101011000001001 K
b1101001000000000 2
b1101001000000000 U
1'
b1001011011001110 $
b1001011011001110 -
b1001011011001110 8
b1001011011001110 =
b1001011011001110 B
b1001011011001110 G
b1001011011001110 L
b1001011011001110 Q
b1001011011001110 V
b1001011011001110 [
b1001011011001110 )
b111 "
b111 ,
b111 *
b11 &
b11 .
b11 9
b11 C
b11 H
b11 R
b11 +
1#
#360
0#
#370
b1001011011001110 !
b1001011011001110 1
b1001011011001110 3
b1001011011001110 P
0N
b1001011011001110 (
b1001011011001110 O
0'
1#
#380
0#
#390
b1101001000000000 !
b1101001000000000 1
1S
1'
b100100101011100 $
b100100101011100 -
b100100101011100 8
b100100101011100 =
b100100101011100 B
b100100101011100 G
b100100101011100 L
b100100101011100 Q
b100100101011100 V
b100100101011100 [
b100100101011100 )
b11 "
b11 ,
b11 *
b0 &
b0 .
b0 9
b0 C
b0 H
b0 R
b0 +
1#
#400
0#
#410
b100100101011100 !
b100100101011100 1
b100100101011100 2
b100100101011100 U
0S
b100100101011100 (
b100100101011100 T
0'
1#
#420
0#
#430
1:
b1 !
b1 1
b1001 4
b1001 K
b1011100 2
b1011100 U
1'
b10011001100101 $
b10011001100101 -
b10011001100101 8
b10011001100101 =
b10011001100101 B
b10011001100101 G
b10011001100101 L
b10011001100101 Q
b10011001100101 V
b10011001100101 [
b10011001100101 )
b0 "
b0 ,
b0 *
b1 &
b1 .
b1 9
b1 C
b1 H
b1 R
b1 +
1#
#440
0#
#450
b1100101 !
b1100101 1
b1100101 7
b1100101 <
0:
b1100101 (
b1100101 ;
0'
1#
#460
0#
#470
1\
b1001100110001101 !
b1001100110001101 1
b1101011000001001 4
b1101011000001001 K
b100100101011100 2
b100100101011100 U
1'
b10001010000000 $
b10001010000000 -
b10001010000000 8
b10001010000000 =
b10001010000000 B
b10001010000000 G
b10001010000000 L
b10001010000000 Q
b10001010000000 V
b10001010000000 [
b10001010000000 )
b100 "
b100 ,
b100 *
b11 &
b11 .
b11 9
b11 C
b11 H
b11 R
b11 +
1#
#480
0#
#490
b10001010000000 !
b10001010000000 1
b10001010000000 /
b10001010000000 ]
0\
b10001010000000 (
b10001010000000 ^
0'
1#
#500
0#
#510
b1110100111111001 !
b1110100111111001 1
1X
1'
b1100110010011101 $
b1100110010011101 -
b1100110010011101 8
b1100110010011101 =
b1100110010011101 B
b1100110010011101 G
b1100110010011101 L
b1100110010011101 Q
b1100110010011101 V
b1100110010011101 [
b1100110010011101 )
b110 "
b110 ,
b110 *
b0 &
b0 .
b0 9
b0 C
b0 H
b0 R
b0 +
1#
#520
0#
#530
b1100110010011101 !
b1100110010011101 1
b1100110010011101 0
b1100110010011101 Y
0X
b1100110010011101 (
b1100110010011101 Z
0'
1#
#540
0#
#550
1:
b0 !
b0 1
b0 7
b0 <
b0 5
b0 F
b1101011000000000 4
b1101011000000000 K
b100100100000000 2
b100100100000000 U
1'
b11100000001101 $
b11100000001101 -
b11100000001101 8
b11100000001101 =
b11100000001101 B
b11100000001101 G
b11100000001101 L
b11100000001101 Q
b11100000001101 V
b11100000001101 [
b11100000001101 )
b0 "
b0 ,
b0 *
b10 &
b10 .
b10 9
b10 C
b10 H
b10 R
b10 +
1#
#560
0#
#570
b11100000000000 !
b11100000000000 1
b11100000000000 7
b11100000000000 <
0:
b11100000000000 (
b11100001100101 ;
0'
1#
#580
0#
#590
1?
b1100110100111101 !
b1100110100111101 1
b11100001100101 7
b11100001100101 <
b10010 5
b10010 F
b1101011000001001 4
b1101011000001001 K
b100100101011100 2
b100100101011100 U
1'
b10101011010101 $
b10101011010101 -
b10101011010101 8
b10101011010101 =
b10101011010101 B
b10101011010101 G
b10101011010101 L
b10101011010101 Q
b10101011010101 V
b10101011010101 [
b10101011010101 )
b101 "
b101 ,
b101 *
b11 &
b11 .
b11 9
b11 C
b11 H
b11 R
b11 +
1#
#600
0#
#610
b10101011010101 !
b10101011010101 1
b10101011010101 6
b10101011010101 A
0?
b10101011010101 (
b10101011010101 @
0'
1#
#620
0#
#630
b1101011000000000 !
b1101011000000000 1
1I
b11100000000000 7
b11100000000000 <
b0 5
b0 F
b1101011000000000 4
b1101011000000000 K
b100100100000000 2
b100100100000000 U
1'
b1110100100011101 $
b1110100100011101 -
b1110100100011101 8
b1110100100011101 =
b1110100100011101 B
b1110100100011101 G
b1110100100011101 L
b1110100100011101 Q
b1110100100011101 V
b1110100100011101 [
b1110100100011101 )
b10 "
b10 ,
b10 *
b10 &
b10 .
b10 9
b10 C
b10 H
b10 R
b10 +
1#
#640
0#
#650
b1110100100000000 !
b1110100100000000 1
b1110100100000000 4
b1110100100000000 K
0I
b1110100100000000 (
b1110100100001001 J
0'
1#
#660
0#
#670
b10001010000000 !
b10001010000000 1
1\
b11100001100101 7
b11100001100101 <
b10010 5
b10010 F
b1110100100001001 4
b1110100100001001 K
b100100101011100 2
b100100101011100 U
1'
b110010100001010 $
b110010100001010 -
b110010100001010 8
b110010100001010 =
b110010100001010 B
b110010100001010 G
b110010100001010 L
b110010100001010 Q
b110010100001010 V
b110010100001010 [
b110010100001010 )
b100 "
b100 ,
b100 *
b11 &
b11 .
b11 9
b11 C
b11 H
b11 R
b11 +
1#
#680
0#
#690
b110010100001010 !
b110010100001010 1
b110010100001010 /
b110010100001010 ]
0\
b110010100001010 (
b110010100001010 ^
0'
1#
#700
0#
#710
1:
b11100000000000 !
b11100000000000 1
b11100000000000 7
b11100000000000 <
b0 5
b0 F
b1110100100000000 4
b1110100100000000 K
b100100100000000 2
b100100100000000 U
1'
b1011110111110010 $
b1011110111110010 -
b1011110111110010 8
b1011110111110010 =
b1011110111110010 B
b1011110111110010 G
b1011110111110010 L
b1011110111110010 Q
b1011110111110010 V
b1011110111110010 [
b1011110111110010 )
b0 "
b0 ,
b0 *
b10 &
b10 .
b10 9
b10 C
b10 H
b10 R
b10 +
1#
#720
0#
#730
b1011110100000000 !
b1011110100000000 1
b1011110100000000 7
b1011110100000000 <
0:
b1011110100000000 (
b1011110101100101 ;
0'
1#
#740
0#
#750
1?
b10101011010101 !
b10101011010101 1
1'
b11010011011000 $
b11010011011000 -
b11010011011000 8
b11010011011000 =
b11010011011000 B
b11010011011000 G
b11010011011000 L
b11010011011000 Q
b11010011011000 V
b11010011011000 [
b11010011011000 )
b101 "
b101 ,
b101 *
1#
#760
0#
#770
b11010011011000 !
b11010011011000 1
b11010011011000 6
b11010011011000 A
0?
b11010011011000 (
b11010011011000 @
0'
1#
#780
0#
#790
b1110100100001001 !
b1110100100001001 1
1I
b1011110101100101 7
b1011110101100101 <
b10010 5
b10010 F
b1110100100001001 4
b1110100100001001 K
b100100101011100 2
b100100101011100 U
1'
b110111101011 $
b110111101011 -
b110111101011 8
b110111101011 =
b110111101011 B
b110111101011 G
b110111101011 L
b110111101011 Q
b110111101011 V
b110111101011 [
b110111101011 )
b10 "
b10 ,
b10 *
b0 &
b0 .
b0 9
b0 C
b0 H
b0 R
b0 +
1#
#800
0#
#810
b110111101011 !
b110111101011 1
b110111101011 4
b110111101011 K
0I
b110111101011 (
b110111101011 J
0'
1#
#820
0#
#830
b1001011011001110 !
b1001011011001110 1
1N
b1011110100000000 7
b1011110100000000 <
b0 5
b0 F
b110100000000 4
b110100000000 K
b100100100000000 2
b100100100000000 U
1'
b1001110101110 $
b1001110101110 -
b1001110101110 8
b1001110101110 =
b1001110101110 B
b1001110101110 G
b1001110101110 L
b1001110101110 Q
b1001110101110 V
b1001110101110 [
b1001110101110 )
b111 "
b111 ,
b111 *
b10 &
b10 .
b10 9
b10 C
b10 H
b10 R
b10 +
1#
#840
0#
#850
b1001110101110 !
b1001110101110 1
b1001110101110 3
b1001110101110 P
0N
b1001110101110 (
b1001110101110 O
0'
1#
#860
0#
#870
b110010100001010 !
b110010100001010 1
1\
b1011110101100101 7
b1011110101100101 <
b10010 5
b10010 F
b110111101011 4
b110111101011 K
b100100101011100 2
b100100101011100 U
1'
b1001101000001011 $
b1001101000001011 -
b1001101000001011 8
b1001101000001011 =
b1001101000001011 B
b1001101000001011 G
b1001101000001011 L
b1001101000001011 Q
b1001101000001011 V
b1001101000001011 [
b1001101000001011 )
b100 "
b100 ,
b100 *
b0 &
b0 .
b0 9
b0 C
b0 H
b0 R
b0 +
1#
#880
0#
#890
b1001101000001011 !
b1001101000001011 1
b1001101000001011 /
b1001101000001011 ]
0\
b1001101000001011 (
b1001101000001011 ^
0'
1#
#900
0#
#910
b1100110010011101 !
b1100110010011101 1
1X
b1100101 7
b1100101 <
b11101011 4
b11101011 K
b1011100 2
b1011100 U
1'
b101010101001111 $
b101010101001111 -
b101010101001111 8
b101010101001111 =
b101010101001111 B
b101010101001111 G
b101010101001111 L
b101010101001111 Q
b101010101001111 V
b101010101001111 [
b101010101001111 )
b110 "
b110 ,
b110 *
b1 &
b1 .
b1 9
b1 C
b1 H
b1 R
b1 +
1#
#920
0#
#930
b101010101001111 !
b101010101001111 1
b101010101001111 0
b101010101001111 Y
0X
b101010101001111 (
b101010101001111 Z
0'
1#
#940
0#
#950
b1001101000001011 !
b1001101000001011 1
1\
b1011110101100101 7
b1011110101100101 <
b110111101011 4
b110111101011 K
b100100101011100 2
b100100101011100 U
1'
b11001001111110 $
b11001001111110 -
b11001001111110 8
b11001001111110 =
b11001001111110 B
b11001001111110 G
b11001001111110 L
b11001001111110 Q
b11001001111110 V
b11001001111110 [
b11001001111110 )
b100 "
b100 ,
b100 *
b11 &
b11 .
b11 9
b11 C
b11 H
b11 R
b11 +
1#
#960
0#
#970
b11001001111110 !
b11001001111110 1
b11001001111110 /
b11001001111110 ]
0\
b11001001111110 (
b11001001111110 ^
0'
1#
#980
0#
#990
b1001110101110 !
b1001110101110 1
1N
b1100101 7
b1100101 <
b11101011 4
b11101011 K
b1011100 2
b1011100 U
1'
b100101111011001 $
b100101111011001 -
b100101111011001 8
b100101111011001 =
b100101111011001 B
b100101111011001 G
b100101111011001 L
b100101111011001 Q
b100101111011001 V
b100101111011001 [
b100101111011001 )
b111 "
b111 ,
b111 *
b1 &
b1 .
b1 9
b1 C
b1 H
b1 R
b1 +
1#
#1000
0#
#1010
b100101111011001 !
b100101111011001 1
b100101111011001 3
b100101111011001 P
0N
b100101111011001 (
b100101111011001 O
0'
1#
#1020
0#
#1030
b11010011011000 !
b11010011011000 1
1?
b1011110100000000 7
b1011110100000000 <
b0 5
b0 F
b110100000000 4
b110100000000 K
b100100100000000 2
b100100100000000 U
1'
b101010110011111 $
b101010110011111 -
b101010110011111 8
b101010110011111 =
b101010110011111 B
b101010110011111 G
b101010110011111 L
b101010110011111 Q
b101010110011111 V
b101010110011111 [
b101010110011111 )
b101 "
b101 ,
b101 *
b10 &
b10 .
b10 9
b10 C
b10 H
b10 R
b10 +
1#
#1040
0#
#1050
b101010110011111 !
b101010110011111 1
b101010110011111 6
b101010110011111 A
0?
b101010110011111 (
b101010110011111 @
0'
1#
#1060
0#
#1070
b100101111011001 !
b100101111011001 1
1N
b1011110101100101 7
b1011110101100101 <
b10010 5
b10010 F
b110111101011 4
b110111101011 K
b100100101011100 2
b100100101011100 U
1'
b110000010110111 $
b110000010110111 -
b110000010110111 8
b110000010110111 =
b110000010110111 B
b110000010110111 G
b110000010110111 L
b110000010110111 Q
b110000010110111 V
b110000010110111 [
b110000010110111 )
b111 "
b111 ,
b111 *
b11 &
b11 .
b11 9
b11 C
b11 H
b11 R
b11 +
1#
#1080
0#
#1090
b110000010110111 !
b110000010110111 1
b110000010110111 3
b110000010110111 P
0N
b110000010110111 (
b110000010110111 O
0'
1#
#1100
0#
#1110
b10010 !
b10010 1
1D
1'
b1100000001011011 $
b1100000001011011 -
b1100000001011011 8
b1100000001011011 =
b1100000001011011 B
b1100000001011011 G
b1100000001011011 L
b1100000001011011 Q
b1100000001011011 V
b1100000001011011 [
b1100000001011011 )
b1 "
b1 ,
b1 *
1#
#1120
0#
#1130
b1100000001011011 !
b1100000001011011 1
b1100000001011011 5
b1100000001011011 F
0D
b1100000001011011 (
b1100000001011011 E
0'
1#
#1140
0#
#1150
b1011011 !
b1011011 1
1D
b1100101 7
b1100101 <
b1011011 5
b1011011 F
b11101011 4
b11101011 K
b1011100 2
b1011100 U
1'
b11111011010000 $
b11111011010000 -
b11111011010000 8
b11111011010000 =
b11111011010000 B
b11111011010000 G
b11111011010000 L
b11111011010000 Q
b11111011010000 V
b11111011010000 [
b11111011010000 )
b1 &
b1 .
b1 9
b1 C
b1 H
b1 R
b1 +
1#
#1160
0#
#1170
b11010000 !
b11010000 1
b11010000 5
b11010000 F
0D
b11010000 (
b1100000011010000 E
0'
1#
#1180
0#
#1190
b1100000011010000 !
b1100000011010000 1
1D
b1011110101100101 7
b1011110101100101 <
b1100000011010000 5
b1100000011010000 F
b110111101011 4
b110111101011 K
b100100101011100 2
b100100101011100 U
1'
b10111110010110 $
b10111110010110 -
b10111110010110 8
b10111110010110 =
b10111110010110 B
b10111110010110 G
b10111110010110 L
b10111110010110 Q
b10111110010110 V
b10111110010110 [
b10111110010110 )
b11 &
b11 .
b11 9
b11 C
b11 H
b11 R
b11 +
1#
#1200
0#
#1210
b10111110010110 !
b10111110010110 1
b10111110010110 5
b10111110010110 F
0D
b10111110010110 (
b10111110010110 E
0'
1#
#1220
0#
#1230
b100100101011100 !
b100100101011100 1
1S
1'
b1110110111001000 $
b1110110111001000 -
b1110110111001000 8
b1110110111001000 =
b1110110111001000 B
b1110110111001000 G
b1110110111001000 L
b1110110111001000 Q
b1110110111001000 V
b1110110111001000 [
b1110110111001000 )
b11 "
b11 ,
b11 *
b0 &
b0 .
b0 9
b0 C
b0 H
b0 R
b0 +
1#
#1240
0#
#1250
b1110110111001000 !
b1110110111001000 1
b1110110111001000 2
b1110110111001000 U
0S
b1110110111001000 (
b1110110111001000 T
0'
1#
#1260
0#
#1270
b11001001111110 !
b11001001111110 1
1\
1'
b1101101100010010 $
b1101101100010010 -
b1101101100010010 8
b1101101100010010 =
b1101101100010010 B
b1101101100010010 G
b1101101100010010 L
b1101101100010010 Q
b1101101100010010 V
b1101101100010010 [
b1101101100010010 )
b100 "
b100 ,
b100 *
b11 &
b11 .
b11 9
b11 C
b11 H
b11 R
b11 +
1#
#1280
0#
#1290
b1101101100010010 !
b1101101100010010 1
b1101101100010010 /
b1101101100010010 ]
0\
b1101101100010010 (
b1101101100010010 ^
0'
1#
#1300
0#
#1310
b101010110011111 !
b101010110011111 1
1?
b1011110100000000 7
b1011110100000000 <
b10111100000000 5
b10111100000000 F
b110100000000 4
b110100000000 K
b1110110100000000 2
b1110110100000000 U
1'
b1110011100111001 $
b1110011100111001 -
b1110011100111001 8
b1110011100111001 =
b1110011100111001 B
b1110011100111001 G
b1110011100111001 L
b1110011100111001 Q
b1110011100111001 V
b1110011100111001 [
b1110011100111001 )
b101 "
b101 ,
b101 *
b10 &
b10 .
b10 9
b10 C
b10 H
b10 R
b10 +
1#
#1320
0#
#1330
b1110011100111001 !
b1110011100111001 1
b1110011100111001 6
b1110011100111001 A
0?
b1110011100111001 (
b1110011100111001 @
0'
1#
#1340
0#
#1350
b1110110111001000 !
b1110110111001000 1
1S
b1011110101100101 7
b1011110101100101 <
b10111110010110 5
b10111110010110 F
b110111101011 4
b110111101011 K
b1110110111001000 2
b1110110111001000 U
1'
b10111110000101 $
b10111110000101 -
b10111110000101 8
b10111110000101 =
b10111110000101 B
b10111110000101 G
b10111110000101 L
b10111110000101 Q
b10111110000101 V
b10111110000101 [
b10111110000101 )
b11 "
b11 ,
b11 *
b11 &
b11 .
b11 9
b11 C
b11 H
b11 R
b11 +
1#
#1360
0#
#1370
b10111110000101 !
b10111110000101 1
b10111110000101 2
b10111110000101 U
0S
b10111110000101 (
b10111110000101 T
0'
1#
#1380
0#
#1390
b1110011100111001 !
b1110011100111001 1
1?
1'
b100101101001001 $
b100101101001001 -
b100101101001001 8
b100101101001001 =
b100101101001001 B
b100101101001001 G
b100101101001001 L
b100101101001001 Q
b100101101001001 V
b100101101001001 [
b100101101001001 )
b101 "
b101 ,
b101 *
b0 &
b0 .
b0 9
b0 C
b0 H
b0 R
b0 +
1#
#1400
0#
#1410
b100101101001001 !
b100101101001001 1
b100101101001001 6
b100101101001001 A
0?
b100101101001001 (
b100101101001001 @
0'
1#
#1420
0#
#1430
b1101101100010010 !
b1101101100010010 1
1\
1'
b110001101011000 $
b110001101011000 -
b110001101011000 8
b110001101011000 =
b110001101011000 B
b110001101011000 G
b110001101011000 L
b110001101011000 Q
b110001101011000 V
b110001101011000 [
b110001101011000 )
b100 "
b100 ,
b100 *
b11 &
b11 .
b11 9
b11 C
b11 H
b11 R
b11 +
1#
#1440
0#
#1450
b110001101011000 !
b110001101011000 1
b110001101011000 /
b110001101011000 ]
0\
b110001101011000 (
b110001101011000 ^
0'
1#
#1460
0#
#1470
b110100000000 !
b110100000000 1
1I
b1011110100000000 7
b1011110100000000 <
b10111100000000 5
b10111100000000 F
b110100000000 4
b110100000000 K
b10111100000000 2
b10111100000000 U
1'
b1111001010011100 $
b1111001010011100 -
b1111001010011100 8
b1111001010011100 =
b1111001010011100 B
b1111001010011100 G
b1111001010011100 L
b1111001010011100 Q
b1111001010011100 V
b1111001010011100 [
b1111001010011100 )
b10 "
b10 ,
b10 *
b10 &
b10 .
b10 9
b10 C
b10 H
b10 R
b10 +
1#
#1480
0#
#1490
b1111001000000000 !
b1111001000000000 1
b1111001000000000 4
b1111001000000000 K
0I
b1111001000000000 (
b1111001011101011 J
0'
1#
#1500
0#
#1510
1:
b1011110100000000 !
b1011110100000000 1
1'
b1011101110011 $
b1011101110011 -
b1011101110011 8
b1011101110011 =
b1011101110011 B
b1011101110011 G
b1011101110011 L
b1011101110011 Q
b1011101110011 V
b1011101110011 [
b1011101110011 )
b0 "
b0 ,
b0 *
1#
#1520
0#
#1530
b1011100000000 !
b1011100000000 1
b1011100000000 7
b1011100000000 <
0:
b1011100000000 (
b1011101100101 ;
0'
1#
#1540
0#
#1550
b1011101100101 !
b1011101100101 1
1:
b1011101100101 7
b1011101100101 <
b10111110010110 5
b10111110010110 F
b1111001011101011 4
b1111001011101011 K
b10111110000101 2
b10111110000101 U
1'
b1001001010110011 $
b1001001010110011 -
b1001001010110011 8
b1001001010110011 =
b1001001010110011 B
b1001001010110011 G
b1001001010110011 L
b1001001010110011 Q
b1001001010110011 V
b1001001010110011 [
b1001001010110011 )
b11 &
b11 .
b11 9
b11 C
b11 H
b11 R
b11 +
1#
#1560
0#
#1570
b1001001010110011 !
b1001001010110011 1
b1001001010110011 7
b1001001010110011 <
0:
b1001001010110011 (
b1001001010110011 ;
0'
1#
#1580
0#
#1590
1?
b100101101001001 !
b100101101001001 1
1'
b1111110111110111 $
b1111110111110111 -
b1111110111110111 8
b1111110111110111 =
b1111110111110111 B
b1111110111110111 G
b1111110111110111 L
b1111110111110111 Q
b1111110111110111 V
b1111110111110111 [
b1111110111110111 )
b101 "
b101 ,
b101 *
1#
#1600
0#
#1610
b1111110111110111 !
b1111110111110111 1
b1111110111110111 6
b1111110111110111 A
0?
b1111110111110111 (
b1111110111110111 @
0'
1#
#1620
0#
#1630
b10111110000101 !
b10111110000101 1
1S
1'
b1101101101011010 $
b1101101101011010 -
b1101101101011010 8
b1101101101011010 =
b1101101101011010 B
b1101101101011010 G
b1101101101011010 L
b1101101101011010 Q
b1101101101011010 V
b1101101101011010 [
b1101101101011010 )
b11 "
b11 ,
b11 *
1#
#1640
0#
#1650
b1101101101011010 !
b1101101101011010 1
b1101101101011010 2
b1101101101011010 U
0S
b1101101101011010 (
b1101101101011010 T
0'
1#
#1660
0#
#1670
b1011010 !
b1011010 1
1S
b10110011 7
b10110011 <
b10010110 5
b10010110 F
b11101011 4
b11101011 K
b1011010 2
b1011010 U
1'
b110110011011010 $
b110110011011010 -
b110110011011010 8
b110110011011010 =
b110110011011010 B
b110110011011010 G
b110110011011010 L
b110110011011010 Q
b110110011011010 V
b110110011011010 [
b110110011011010 )
b1 &
b1 .
b1 9
b1 C
b1 H
b1 R
b1 +
1#
#1680
0#
#1690
b11011010 !
b11011010 1
b11011010 2
b11011010 U
0S
b11011010 (
b1101101111011010 T
0'
1#
#1700
0#
#1710
b11101011 !
b11101011 1
1I
1'
b1001010011011111 $
b1001010011011111 -
b1001010011011111 8
b1001010011011111 =
b1001010011011111 B
b1001010011011111 G
b1001010011011111 L
b1001010011011111 Q
b1001010011011111 V
b1001010011011111 [
b1001010011011111 )
b10 "
b10 ,
b10 *
1#
#1720
0#
#1730
b11011111 !
b11011111 1
b11011111 4
b11011111 K
0I
b11011111 (
b1111001011011111 J
0'
1#
#1740
0#
#1750
b1111110111110111 !
b1111110111110111 1
1?
1'
b110011010000 $
b110011010000 -
b110011010000 8
b110011010000 =
b110011010000 B
b110011010000 G
b110011010000 L
b110011010000 Q
b110011010000 V
b110011010000 [
b110011010000 )
b101 "
b101 ,
b101 *
1#
#1760
0#
#1770
b110011010000 !
b110011010000 1
b110011010000 6
b110011010000 A
0?
b110011010000 (
b110011010000 @
0'
1#
#1780
0#
#1790
b101010101001111 !
b101010101001111 1
1X
b1001001000000000 7
b1001001000000000 <
b10111100000000 5
b10111100000000 F
b1111001000000000 4
b1111001000000000 K
b1101101100000000 2
b1101101100000000 U
1'
b1100111100001110 $
b1100111100001110 -
b1100111100001110 8
b1100111100001110 =
b1100111100001110 B
b1100111100001110 G
b1100111100001110 L
b1100111100001110 Q
b1100111100001110 V
b1100111100001110 [
b1100111100001110 )
b110 "
b110 ,
b110 *
b10 &
b10 .
b10 9
b10 C
b10 H
b10 R
b10 +
1#
#1800
0#
#1810
b1100111100001110 !
b1100111100001110 1
b1100111100001110 0
b1100111100001110 Y
0X
b1100111100001110 (
b1100111100001110 Z
0'
1#
#1820
0#
#1830
b1111001011011111 !
b1111001011011111 1
1I
b1001001010110011 7
b1001001010110011 <
b10111110010110 5
b10111110010110 F
b1111001011011111 4
b1111001011011111 K
b1101101111011010 2
b1101101111011010 U
1'
b111001011111101 $
b111001011111101 -
b111001011111101 8
b111001011111101 =
b111001011111101 B
b111001011111101 G
b111001011111101 L
b111001011111101 Q
b111001011111101 V
b111001011111101 [
b111001011111101 )
b10 "
b10 ,
b10 *
b0 &
b0 .
b0 9
b0 C
b0 H
b0 R
b0 +
1#
#1840
0#
#1850
b111001011111101 !
b111001011111101 1
b111001011111101 4
b111001011111101 K
0I
b111001011111101 (
b111001011111101 J
0'
1#
#1860
0#
#1870
b110011010000 !
b110011010000 1
1?
1'
b1110100101001110 $
b1110100101001110 -
b1110100101001110 8
b1110100101001110 =
b1110100101001110 B
b1110100101001110 G
b1110100101001110 L
b1110100101001110 Q
b1110100101001110 V
b1110100101001110 [
b1110100101001110 )
b101 "
b101 ,
b101 *
b11 &
b11 .
b11 9
b11 C
b11 H
b11 R
b11 +
1#
#1880
0#
#1890
b1110100101001110 !
b1110100101001110 1
b1110100101001110 6
b1110100101001110 A
0?
b1110100101001110 (
b1110100101001110 @
0'
1#
#1900
0#
#1910
1:
b1001001010110011 !
b1001001010110011 1
1'
b1011100110110110 $
b1011100110110110 -
b1011100110110110 8
b1011100110110110 =
b1011100110110110 B
b1011100110110110 G
b1011100110110110 L
b1011100110110110 Q
b1011100110110110 V
b1011100110110110 [
b1011100110110110 )
b0 "
b0 ,
b0 *
1#
#1920
0#
#1930
b1011100110110110 !
b1011100110110110 1
b1011100110110110 7
b1011100110110110 <
0:
b1011100110110110 (
b1011100110110110 ;
0'
1#
#1940
0#
#1950
1?
b1110100101001110 !
b1110100101001110 1
1'
b1100010010111000 $
b1100010010111000 -
b1100010010111000 8
b1100010010111000 =
b1100010010111000 B
b1100010010111000 G
b1100010010111000 L
b1100010010111000 Q
b1100010010111000 V
b1100010010111000 [
b1100010010111000 )
b101 "
b101 ,
b101 *
b0 &
b0 .
b0 9
b0 C
b0 H
b0 R
b0 +
1#
#1960
0#
#1970
b1100010010111000 !
b1100010010111000 1
b1100010010111000 6
b1100010010111000 A
0?
b1100010010111000 (
b1100010010111000 @
0'
1#
#1980
0#
#1990
b1100111100001110 !
b1100111100001110 1
1X
1'
b10110000000100 $
b10110000000100 -
b10110000000100 8
b10110000000100 =
b10110000000100 B
b10110000000100 G
b10110000000100 L
b10110000000100 Q
b10110000000100 V
b10110000000100 [
b10110000000100 )
b110 "
b110 ,
b110 *
1#
#2000
0#
#2010
b10110000000100 !
b10110000000100 1
b10110000000100 0
b10110000000100 Y
0X
b10110000000100 (
b10110000000100 Z
0'
1#
#2020
0#
#2030
b110000010110111 !
b110000010110111 1
1N
b10110110 7
b10110110 <
b10010110 5
b10010110 F
b11111101 4
b11111101 K
b11011010 2
b11011010 U
1'
b1101111001001101 $
b1101111001001101 -
b1101111001001101 8
b1101111001001101 =
b1101111001001101 B
b1101111001001101 G
b1101111001001101 L
b1101111001001101 Q
b1101111001001101 V
b1101111001001101 [
b1101111001001101 )
b111 "
b111 ,
b111 *
b1 &
b1 .
b1 9
b1 C
b1 H
b1 R
b1 +
1#
#2040
0#
#2050
b1101111001001101 !
b1101111001001101 1
b1101111001001101 3
b1101111001001101 P
0N
b1101111001001101 (
b1101111001001101 O
0'
1#
#2060
0#
#2070
b10010110 !
b10010110 1
1D
1'
b1110001001110110 $
b1110001001110110 -
b1110001001110110 8
b1110001001110110 =
b1110001001110110 B
b1110001001110110 G
b1110001001110110 L
b1110001001110110 Q
b1110001001110110 V
b1110001001110110 [
b1110001001110110 )
b1 "
b1 ,
b1 *
1#
#2080
0#
#2090
b1110110 !
b1110110 1
b1110110 5
b1110110 F
0D
b1110110 (
b10111101110110 E
0'
1#
#2100
0#
#2110
b10110000000100 !
b10110000000100 1
1X
b1011100100000000 7
b1011100100000000 <
b10111100000000 5
b10111100000000 F
b111001000000000 4
b111001000000000 K
b1101101100000000 2
b1101101100000000 U
1'
b111000110010101 $
b111000110010101 -
b111000110010101 8
b111000110010101 =
b111000110010101 B
b111000110010101 G
b111000110010101 L
b111000110010101 Q
b111000110010101 V
b111000110010101 [
b111000110010101 )
b110 "
b110 ,
b110 *
b10 &
b10 .
b10 9
b10 C
b10 H
b10 R
b10 +
1#
#2120
0#
#2130
b111000110010101 !
b111000110010101 1
b111000110010101 0
b111000110010101 Y
0X
b111000110010101 (
b111000110010101 Z
0'
1#
#2140
0#
#2150
b110001101011000 !
b110001101011000 1
1\
1'
b110000111110111 $
b110000111110111 -
b110000111110111 8
b110000111110111 =
b110000111110111 B
b110000111110111 G
b110000111110111 L
b110000111110111 Q
b110000111110111 V
b110000111110111 [
b110000111110111 )
b100 "
b100 ,
b100 *
1#
#2160
0#
#2170
b110000111110111 !
b110000111110111 1
b110000111110111 /
b110000111110111 ]
0\
b110000111110111 (
b110000111110111 ^
0'
1#
#2180
0#
#2190
b11111101 !
b11111101 1
1I
b10110110 7
b10110110 <
b1110110 5
b1110110 F
b11111101 4
b11111101 K
b11011010 2
b11011010 U
1'
b1000110110001000 $
b1000110110001000 -
b1000110110001000 8
b1000110110001000 =
b1000110110001000 B
b1000110110001000 G
b1000110110001000 L
b1000110110001000 Q
b1000110110001000 V
b1000110110001000 [
b1000110110001000 )
b10 "
b10 ,
b10 *
b1 &
b1 .
b1 9
b1 C
b1 H
b1 R
b1 +
1#
#2200
0#
#2210
b10001000 !
b10001000 1
b10001000 4
b10001000 K
0I
b10001000 (
b111001010001000 J
0'
1#
#2220
0#
#2230
1:
b1011100110110110 !
b1011100110110110 1
b1011100110110110 7
b1011100110110110 <
b10111101110110 5
b10111101110110 F
b111001010001000 4
b111001010001000 K
b1101101111011010 2
b1101101111011010 U
1'
b11000011000111 $
b11000011000111 -
b11000011000111 8
b11000011000111 =
b11000011000111 B
b11000011000111 G
b11000011000111 L
b11000011000111 Q
b11000011000111 V
b11000011000111 [
b11000011000111 )
b0 "
b0 ,
b0 *
b0 &
b0 .
b0 9
b0 C
b0 H
b0 R
b0 +
1#
#2240
0#
#2250
b11000011000111 !
b11000011000111 1
b11000011000111 7
b11000011000111 <
0:
b11000011000111 (
b11000011000111 ;
0'
1#
#2260
0#
#2270
b11000000000000 !
b11000000000000 1
1:
b11000000000000 7
b11000000000000 <
b10111100000000 5
b10111100000000 F
b111001000000000 4
b111001000000000 K
b1101101100000000 2
b1101101100000000 U
1'
b100010100011100 $
b100010100011100 -
b100010100011100 8
b100010100011100 =
b100010100011100 B
b100010100011100 G
b100010100011100 L
b100010100011100 Q
b100010100011100 V
b100010100011100 [
b100010100011100 )
b10 &
b10 .
b10 9
b10 C
b10 H
b10 R
b10 +
1#
#2280
0#
#2290
b100010100000000 !
b100010100000000 1
b100010100000000 7
b100010100000000 <
0:
b100010100000000 (
b100010111000111 ;
0'
1#
#2300
0#
#2310
1\
b110000111110111 !
b110000111110111 1
b11000111 7
b11000111 <
b1110110 5
b1110110 F
b10001000 4
b10001000 K
b11011010 2
b11011010 U
1'
b1001000000011100 $
b1001000000011100 -
b1001000000011100 8
b1001000000011100 =
b1001000000011100 B
b1001000000011100 G
b1001000000011100 L
b1001000000011100 Q
b1001000000011100 V
b1001000000011100 [
b1001000000011100 )
b100 "
b100 ,
b100 *
b1 &
b1 .
b1 9
b1 C
b1 H
b1 R
b1 +
1#
#2320
0#
#2330
b1001000000011100 !
b1001000000011100 1
b1001000000011100 /
b1001000000011100 ]
0\
b1001000000011100 (
b1001000000011100 ^
0'
1#
#2340
0#
#2350
b1101101100000000 !
b1101101100000000 1
1S
b100010100000000 7
b100010100000000 <
b10111100000000 5
b10111100000000 F
b111001000000000 4
b111001000000000 K
b1101101100000000 2
b1101101100000000 U
1'
b1100011000111101 $
b1100011000111101 -
b1100011000111101 8
b1100011000111101 =
b1100011000111101 B
b1100011000111101 G
b1100011000111101 L
b1100011000111101 Q
b1100011000111101 V
b1100011000111101 [
b1100011000111101 )
b11 "
b11 ,
b11 *
b10 &
b10 .
b10 9
b10 C
b10 H
b10 R
b10 +
1#
#2360
0#
#2370
b1100011000000000 !
b1100011000000000 1
b1100011000000000 2
b1100011000000000 U
0S
b1100011000000000 (
b1100011011011010 T
0'
1#
#2380
0#
#2390
b10111100000000 !
b10111100000000 1
1D
1'
b10001110011 $
b10001110011 -
b10001110011 8
b10001110011 =
b10001110011 B
b10001110011 G
b10001110011 L
b10001110011 Q
b10001110011 V
b10001110011 [
b10001110011 )
b1 "
b1 ,
b1 *
1#
#2400
0#
#2410
b10000000000 !
b10000000000 1
b10000000000 5
b10000000000 F
0D
b10000000000 (
b10001110110 E
0'
1#
#2420
0#
#2430
b1100010010111000 !
b1100010010111000 1
1?
1'
b111100111111010 $
b111100111111010 -
b111100111111010 8
b111100111111010 =
b111100111111010 B
b111100111111010 G
b111100111111010 L
b111100111111010 Q
b111100111111010 V
b111100111111010 [
b111100111111010 )
b101 "
b101 ,
b101 *
1#
#2440
0#
#2450
b111100111111010 !
b111100111111010 1
b111100111111010 6
b111100111111010 A
0?
b111100111111010 (
b111100111111010 @
0'
1#
#2460
0#
#2470
1:
b11000111 !
b11000111 1
b11000111 7
b11000111 <
b1110110 5
b1110110 F
b10001000 4
b10001000 K
b11011010 2
b11011010 U
1'
b10111001 $
b10111001 -
b10111001 8
b10111001 =
b10111001 B
b10111001 G
b10111001 L
b10111001 Q
b10111001 V
b10111001 [
b10111001 )
b0 "
b0 ,
b0 *
b1 &
b1 .
b1 9
b1 C
b1 H
b1 R
b1 +
1#
#2480
0#
#2490
b10111001 !
b10111001 1
b10111001 7
b10111001 <
0:
b10111001 (
b100010110111001 ;
0'
1#
#2500
0#
#2510
1X
b111000110010101 !
b111000110010101 1
b100010110111001 7
b100010110111001 <
b10001110110 5
b10001110110 F
b111001010001000 4
b111001010001000 K
b1100011011011010 2
b1100011011011010 U
1'
b10000111000000 $
b10000111000000 -
b10000111000000 8
b10000111000000 =
b10000111000000 B
b10000111000000 G
b10000111000000 L
b10000111000000 Q
b10000111000000 V
b10000111000000 [
b10000111000000 )
b110 "
b110 ,
b110 *
b11 &
b11 .
b11 9
b11 C
b11 H
b11 R
b11 +
1#
#2520
0#
#2530
b10000111000000 !
b10000111000000 1
b10000111000000 0
b10000111000000 Y
0X
b10000111000000 (
b10000111000000 Z
0'
1#
#2540
0#
#2550
b111001000000000 !
b111001000000000 1
1I
b100010100000000 7
b100010100000000 <
b10000000000 5
b10000000000 F
b111001000000000 4
b111001000000000 K
b1100011000000000 2
b1100011000000000 U
1'
b1000001101111101 $
b1000001101111101 -
b1000001101111101 8
b1000001101111101 =
b1000001101111101 B
b1000001101111101 G
b1000001101111101 L
b1000001101111101 Q
b1000001101111101 V
b1000001101111101 [
b1000001101111101 )
b10 "
b10 ,
b10 *
b10 &
b10 .
b10 9
b10 C
b10 H
b10 R
b10 +
1#
#2560
0#
#2570
b1000001100000000 !
b1000001100000000 1
b1000001100000000 4
b1000001100000000 K
0I
b1000001100000000 (
b1000001110001000 J
0'
1#
#2580
0#
#2590
b10000111000000 !
b10000111000000 1
1X
b100010110111001 7
b100010110111001 <
b10001110110 5
b10001110110 F
b1000001110001000 4
b1000001110001000 K
b1100011011011010 2
b1100011011011010 U
1'
b1111111101111000 $
b1111111101111000 -
b1111111101111000 8
b1111111101111000 =
b1111111101111000 B
b1111111101111000 G
b1111111101111000 L
b1111111101111000 Q
b1111111101111000 V
b1111111101111000 [
b1111111101111000 )
b110 "
b110 ,
b110 *
b0 &
b0 .
b0 9
b0 C
b0 H
b0 R
b0 +
1#
#2600
0#
#2610
b1111111101111000 !
b1111111101111000 1
b1111111101111000 0
b1111111101111000 Y
0X
b1111111101111000 (
b1111111101111000 Z
0'
1#
#2620
0#
#2630
b1100011000000000 !
b1100011000000000 1
1S
b100010100000000 7
b100010100000000 <
b10000000000 5
b10000000000 F
b1000001100000000 4
b1000001100000000 K
b1100011000000000 2
b1100011000000000 U
1'
b1011011011001111 $
b1011011011001111 -
b1011011011001111 8
b1011011011001111 =
b1011011011001111 B
b1011011011001111 G
b1011011011001111 L
b1011011011001111 Q
b1011011011001111 V
b1011011011001111 [
b1011011011001111 )
b11 "
b11 ,
b11 *
b10 &
b10 .
b10 9
b10 C
b10 H
b10 R
b10 +
1#
#2640
0#
#2650
b1011011000000000 !
b1011011000000000 1
b1011011000000000 2
b1011011000000000 U
0S
b1011011000000000 (
b1011011011011010 T
0'
1#
#2660
0#
#2670
b11011010 !
b11011010 1
1S
b10111001 7
b10111001 <
b1110110 5
b1110110 F
b10001000 4
b10001000 K
b11011010 2
b11011010 U
1'
b1110111001100001 $
b1110111001100001 -
b1110111001100001 8
b1110111001100001 =
b1110111001100001 B
b1110111001100001 G
b1110111001100001 L
b1110111001100001 Q
b1110111001100001 V
b1110111001100001 [
b1110111001100001 )
b1 &
b1 .
b1 9
b1 C
b1 H
b1 R
b1 +
1#
#2680
0#
#2690
b1100001 !
b1100001 1
b1100001 2
b1100001 U
0S
b1100001 (
b1011011001100001 T
0'
1#
#2700
0#
#2710
b1000001110001000 !
b1000001110001000 1
1I
b100010110111001 7
b100010110111001 <
b10001110110 5
b10001110110 F
b1000001110001000 4
b1000001110001000 K
b1011011001100001 2
b1011011001100001 U
1'
b1001000110000110 $
b1001000110000110 -
b1001000110000110 8
b1001000110000110 =
b1001000110000110 B
b1001000110000110 G
b1001000110000110 L
b1001000110000110 Q
b1001000110000110 V
b1001000110000110 [
b1001000110000110 )
b10 "
b10 ,
b10 *
b11 &
b11 .
b11 9
b11 C
b11 H
b11 R
b11 +
1#
#2720
0#
#2730
b1001000110000110 !
b1001000110000110 1
b1001000110000110 4
b1001000110000110 K
0I
b1001000110000110 (
b1001000110000110 J
0'
1#
#2740
0#
#2750
b1101111001001101 !
b1101111001001101 1
1N
1'
b1000100000110101 $
b1000100000110101 -
b1000100000110101 8
b1000100000110101 =
b1000100000110101 B
b1000100000110101 G
b1000100000110101 L
b1000100000110101 Q
b1000100000110101 V
b1000100000110101 [
b1000100000110101 )
b111 "
b111 ,
b111 *
b0 &
b0 .
b0 9
b0 C
b0 H
b0 R
b0 +
1#
#2760
0#
#2770
b1000100000110101 !
b1000100000110101 1
b1000100000110101 3
b1000100000110101 P
0N
b1000100000110101 (
b1000100000110101 O
0'
1#
#2780
0#
#2790
1N
b10111001 7
b10111001 <
b1110110 5
b1110110 F
b10000110 4
b10000110 K
b1100001 2
b1100001 U
1'
b111010011000101 $
b111010011000101 -
b111010011000101 8
b111010011000101 =
b111010011000101 B
b111010011000101 G
b111010011000101 L
b111010011000101 Q
b111010011000101 V
b111010011000101 [
b111010011000101 )
b1 &
b1 .
b1 9
b1 C
b1 H
b1 R
b1 +
1#
#2800
0#
#2810
b111010011000101 !
b111010011000101 1
b111010011000101 3
b111010011000101 P
0N
b111010011000101 (
b111010011000101 O
0'
1#
#2820
0#
#2830
b111100111111010 !
b111100111111010 1
1?
b100010110111001 7
b100010110111001 <
b10001110110 5
b10001110110 F
b1001000110000110 4
b1001000110000110 K
b1011011001100001 2
b1011011001100001 U
1'
b100001001110011 $
b100001001110011 -
b100001001110011 8
b100001001110011 =
b100001001110011 B
b100001001110011 G
b100001001110011 L
b100001001110011 Q
b100001001110011 V
b100001001110011 [
b100001001110011 )
b101 "
b101 ,
b101 *
b0 &
b0 .
b0 9
b0 C
b0 H
b0 R
b0 +
1#
#2840
0#
#2850
b100001001110011 !
b100001001110011 1
b100001001110011 6
b100001001110011 A
0?
b100001001110011 (
b100001001110011 @
0'
1#
#2860
0#
#2870
b1001000110000110 !
b1001000110000110 1
1I
1'
b1101000101001110 $
b1101000101001110 -
b1101000101001110 8
b1101000101001110 =
b1101000101001110 B
b1101000101001110 G
b1101000101001110 L
b1101000101001110 Q
b1101000101001110 V
b1101000101001110 [
b1101000101001110 )
b10 "
b10 ,
b10 *
1#
#2880
0#
#2890
b1101000101001110 !
b1101000101001110 1
b1101000101001110 4
b1101000101001110 K
0I
b1101000101001110 (
b1101000101001110 J
0'
1#
#2900
0#
#2910
b1111111101111000 !
b1111111101111000 1
1X
1'
b1000110010100001 $
b1000110010100001 -
b1000110010100001 8
b1000110010100001 =
b1000110010100001 B
b1000110010100001 G
b1000110010100001 L
b1000110010100001 Q
b1000110010100001 V
b1000110010100001 [
b1000110010100001 )
b110 "
b110 ,
b110 *
1#
#2920
0#
#2930
b1000110010100001 !
b1000110010100001 1
b1000110010100001 0
b1000110010100001 Y
0X
b1000110010100001 (
b1000110010100001 Z
0'
1#
#2940
0#
#2950
b1011011000000000 !
b1011011000000000 1
1S
b100010100000000 7
b100010100000000 <
b10000000000 5
b10000000000 F
b1101000100000000 4
b1101000100000000 K
b1011011000000000 2
b1011011000000000 U
1'
b1100000010011111 $
b1100000010011111 -
b1100000010011111 8
b1100000010011111 =
b1100000010011111 B
b1100000010011111 G
b1100000010011111 L
b1100000010011111 Q
b1100000010011111 V
b1100000010011111 [
b1100000010011111 )
b11 "
b11 ,
b11 *
b10 &
b10 .
b10 9
b10 C
b10 H
b10 R
b10 +
1#
#2960
0#
#2970
b1100000000000000 !
b1100000000000000 1
b1100000000000000 2
b1100000000000000 U
0S
b1100000000000000 (
b1100000001100001 T
0'
1#
#2980
0#
#2990
b1001000000011100 !
b1001000000011100 1
1\
1'
b1111010010001101 $
b1111010010001101 -
b1111010010001101 8
b1111010010001101 =
b1111010010001101 B
b1111010010001101 G
b1111010010001101 L
b1111010010001101 Q
b1111010010001101 V
b1111010010001101 [
b1111010010001101 )
b100 "
b100 ,
b100 *
1#
#3000
0#
#3010
b1111010010001101 !
b1111010010001101 1
b1111010010001101 /
b1111010010001101 ]
0\
b1111010010001101 (
b1111010010001101 ^
0'
1#
#3020
0#
#3030
1:
b100010100000000 !
b100010100000000 1
1'
b1010100001111001 $
b1010100001111001 -
b1010100001111001 8
b1010100001111001 =
b1010100001111001 B
b1010100001111001 G
b1010100001111001 L
b1010100001111001 Q
b1010100001111001 V
b1010100001111001 [
b1010100001111001 )
b0 "
b0 ,
b0 *
1#
#3040
0#
#3050
b1010100000000000 !
b1010100000000000 1
b1010100000000000 7
b1010100000000000 <
0:
b1010100000000000 (
b1010100010111001 ;
0'
1#
#3060
0#
#3070
1N
b111010011000101 !
b111010011000101 1
b1010100010111001 7
b1010100010111001 <
b10001110110 5
b10001110110 F
b1101000101001110 4
b1101000101001110 K
b1100000001100001 2
b1100000001100001 U
1'
b100000100010011 $
b100000100010011 -
b100000100010011 8
b100000100010011 =
b100000100010011 B
b100000100010011 G
b100000100010011 L
b100000100010011 Q
b100000100010011 V
b100000100010011 [
b100000100010011 )
b111 "
b111 ,
b111 *
b0 &
b0 .
b0 9
b0 C
b0 H
b0 R
b0 +
1#
#3080
0#
#3090
b100000100010011 !
b100000100010011 1
b100000100010011 3
b100000100010011 P
0N
b100000100010011 (
b100000100010011 O
0'
1#
#3100
0#
#3110
b1100000001100001 !
b1100000001100001 1
1S
1'
b1101110110110110 $
b1101110110110110 -
b1101110110110110 8
b1101110110110110 =
b1101110110110110 B
b1101110110110110 G
b1101110110110110 L
b1101110110110110 Q
b1101110110110110 V
b1101110110110110 [
b1101110110110110 )
b11 "
b11 ,
b11 *
b11 &
b11 .
b11 9
b11 C
b11 H
b11 R
b11 +
1#
#3120
0#
#3130
b1101110110110110 !
b1101110110110110 1
b1101110110110110 2
b1101110110110110 U
0S
b1101110110110110 (
b1101110110110110 T
0'
1#
#3140
0#
#3150
b100000100010011 !
b100000100010011 1
1N
b1010100000000000 7
b1010100000000000 <
b10000000000 5
b10000000000 F
b1101000100000000 4
b1101000100000000 K
b1101110100000000 2
b1101110100000000 U
1'
b1001010110111001 $
b1001010110111001 -
b1001010110111001 8
b1001010110111001 =
b1001010110111001 B
b1001010110111001 G
b1001010110111001 L
b1001010110111001 Q
b1001010110111001 V
b1001010110111001 [
b1001010110111001 )
b111 "
b111 ,
b111 *
b10 &
b10 .
b10 9
b10 C
b10 H
b10 R
b10 +
1#
#3160
0#
#3170
b1001010110111001 !
b1001010110111001 1
b1001010110111001 3
b1001010110111001 P
0N
b1001010110111001 (
b1001010110111001 O
0'
1#
#3180
0#
#3190
b1101000100000000 !
b1101000100000000 1
1I
1'
b11101101111111 $
b11101101111111 -
b11101101111111 8
b11101101111111 =
b11101101111111 B
b11101101111111 G
b11101101111111 L
b11101101111111 Q
b11101101111111 V
b11101101111111 [
b11101101111111 )
b10 "
b10 ,
b10 *
1#
#3200
0#
#3210
b11101100000000 !
b11101100000000 1
b11101100000000 4
b11101100000000 K
0I
b11101100000000 (
b11101101001110 J
0'
1#
#3220
0#
#3230
b1001010110111001 !
b1001010110111001 1
1N
1'
b1001010011110010 $
b1001010011110010 -
b1001010011110010 8
b1001010011110010 =
b1001010011110010 B
b1001010011110010 G
b1001010011110010 L
b1001010011110010 Q
b1001010011110010 V
b1001010011110010 [
b1001010011110010 )
b111 "
b111 ,
b111 *
1#
#3240
0#
#3250
b1001010011110010 !
b1001010011110010 1
b1001010011110010 3
b1001010011110010 P
0N
b1001010011110010 (
b1001010011110010 O
0'
1#
#3260
0#
#3270
b11101100000000 !
b11101100000000 1
1I
1'
b1100110110000100 $
b1100110110000100 -
b1100110110000100 8
b1100110110000100 =
b1100110110000100 B
b1100110110000100 G
b1100110110000100 L
b1100110110000100 Q
b1100110110000100 V
b1100110110000100 [
b1100110110000100 )
b10 "
b10 ,
b10 *
1#
#3280
0#
#3290
b1100110100000000 !
b1100110100000000 1
b1100110100000000 4
b1100110100000000 K
0I
b1100110100000000 (
b1100110101001110 J
0'
1#
#3300
0#
#3310
b1001010011110010 !
b1001010011110010 1
1N
b1010100010111001 7
b1010100010111001 <
b10001110110 5
b10001110110 F
b1100110101001110 4
b1100110101001110 K
b1101110110110110 2
b1101110110110110 U
1'
b111100110101001 $
b111100110101001 -
b111100110101001 8
b111100110101001 =
b111100110101001 B
b111100110101001 G
b111100110101001 L
b111100110101001 Q
b111100110101001 V
b111100110101001 [
b111100110101001 )
b111 "
b111 ,
b111 *
b0 &
b0 .
b0 9
b0 C
b0 H
b0 R
b0 +
1#
#3320
0#
#3330
b111100110101001 !
b111100110101001 1
b111100110101001 3
b111100110101001 P
0N
b111100110101001 (
b111100110101001 O
0'
1#
#3340
0#
#3350
b1000110010100001 !
b1000110010100001 1
1X
b10111001 7
b10111001 <
b1110110 5
b1110110 F
b1001110 4
b1001110 K
b10110110 2
b10110110 U
1'
b110101011111011 $
b110101011111011 -
b110101011111011 8
b110101011111011 =
b110101011111011 B
b110101011111011 G
b110101011111011 L
b110101011111011 Q
b110101011111011 V
b110101011111011 [
b110101011111011 )
b110 "
b110 ,
b110 *
b1 &
b1 .
b1 9
b1 C
b1 H
b1 R
b1 +
1#
#3360
0#
#3370
b110101011111011 !
b110101011111011 1
b110101011111011 0
b110101011111011 Y
0X
b110101011111011 (
b110101011111011 Z
0'
1#
#3380
0#
#3390
b1101110110110110 !
b1101110110110110 1
1S
b1010100010111001 7
b1010100010111001 <
b10001110110 5
b10001110110 F
b1100110101001110 4
b1100110101001110 K
b1101110110110110 2
b1101110110110110 U
1'
b11110111001001 $
b11110111001001 -
b11110111001001 8
b11110111001001 =
b11110111001001 B
b11110111001001 G
b11110111001001 L
b11110111001001 Q
b11110111001001 V
b11110111001001 [
b11110111001001 )
b11 "
b11 ,
b11 *
b11 &
b11 .
b11 9
b11 C
b11 H
b11 R
b11 +
1#
#3400
0#
#3410
b11110111001001 !
b11110111001001 1
b11110111001001 2
b11110111001001 U
0S
b11110111001001 (
b11110111001001 T
0'
1#
#3420
0#
#3430
b10000000000 !
b10000000000 1
1D
b1010100000000000 7
b1010100000000000 <
b10000000000 5
b10000000000 F
b1100110100000000 4
b1100110100000000 K
b11110100000000 2
b11110100000000 U
1'
b101011010001111 $
b101011010001111 -
b101011010001111 8
b101011010001111 =
b101011010001111 B
b101011010001111 G
b101011010001111 L
b101011010001111 Q
b101011010001111 V
b101011010001111 [
b101011010001111 )
b1 "
b1 ,
b1 *
b10 &
b10 .
b10 9
b10 C
b10 H
b10 R
b10 +
1#
#3440
0#
#3450
b101011000000000 !
b101011000000000 1
b101011000000000 5
b101011000000000 F
0D
b101011000000000 (
b101011001110110 E
0'
1#
#3460
0#
#3470
b110101011111011 !
b110101011111011 1
1X
b1010100010111001 7
b1010100010111001 <
b101011001110110 5
b101011001110110 F
b1100110101001110 4
b1100110101001110 K
b11110111001001 2
b11110111001001 U
1'
b1011010010101110 $
b1011010010101110 -
b1011010010101110 8
b1011010010101110 =
b1011010010101110 B
b1011010010101110 G
b1011010010101110 L
b1011010010101110 Q
b1011010010101110 V
b1011010010101110 [
b1011010010101110 )
b110 "
b110 ,
b110 *
b11 &
b11 .
b11 9
b11 C
b11 H
b11 R
b11 +
1#
#3480
0#
#3490
b1011010010101110 !
b1011010010101110 1
b1011010010101110 0
b1011010010101110 Y
0X
b1011010010101110 (
b1011010010101110 Z
0'
1#
#3500
0#
#3510
1X
1'
b1101111100101000 $
b1101111100101000 -
b1101111100101000 8
b1101111100101000 =
b1101111100101000 B
b1101111100101000 G
b1101111100101000 L
b1101111100101000 Q
b1101111100101000 V
b1101111100101000 [
b1101111100101000 )
1#
#3520
0#
#3530
b1101111100101000 !
b1101111100101000 1
b1101111100101000 0
b1101111100101000 Y
0X
b1101111100101000 (
b1101111100101000 Z
0'
1#
#3540
0#
#3550
b100001001110011 !
b100001001110011 1
1?
b10111001 7
b10111001 <
b1110110 5
b1110110 F
b1001110 4
b1001110 K
b11001001 2
b11001001 U
1'
b1011000011000010 $
b1011000011000010 -
b1011000011000010 8
b1011000011000010 =
b1011000011000010 B
b1011000011000010 G
b1011000011000010 L
b1011000011000010 Q
b1011000011000010 V
b1011000011000010 [
b1011000011000010 )
b101 "
b101 ,
b101 *
b1 &
b1 .
b1 9
b1 C
b1 H
b1 R
b1 +
1#
#3560
0#
#3570
b1011000011000010 !
b1011000011000010 1
b1011000011000010 6
b1011000011000010 A
0?
b1011000011000010 (
b1011000011000010 @
0'
1#
#3580
0#
#3590
b1111010010001101 !
b1111010010001101 1
1\
b1010100000000000 7
b1010100000000000 <
b101011000000000 5
b101011000000000 F
b1100110100000000 4
b1100110100000000 K
b11110100000000 2
b11110100000000 U
1'
b1111110111101100 $
b1111110111101100 -
b1111110111101100 8
b1111110111101100 =
b1111110111101100 B
b1111110111101100 G
b1111110111101100 L
b1111110111101100 Q
b1111110111101100 V
b1111110111101100 [
b1111110111101100 )
b100 "
b100 ,
b100 *
b10 &
b10 .
b10 9
b10 C
b10 H
b10 R
b10 +
1#
#3600
0#
#3610
b1111110111101100 !
b1111110111101100 1
b1111110111101100 /
b1111110111101100 ]
0\
b1111110111101100 (
b1111110111101100 ^
0'
1#
#3620
0#
#3630
b111100110101001 !
b111100110101001 1
1N
b1010100010111001 7
b1010100010111001 <
b101011001110110 5
b101011001110110 F
b1100110101001110 4
b1100110101001110 K
b11110111001001 2
b11110111001001 U
1'
b1110010000110 $
b1110010000110 -
b1110010000110 8
b1110010000110 =
b1110010000110 B
b1110010000110 G
b1110010000110 L
b1110010000110 Q
b1110010000110 V
b1110010000110 [
b1110010000110 )
b111 "
b111 ,
b111 *
b0 &
b0 .
b0 9
b0 C
b0 H
b0 R
b0 +
1#
#3640
0#
#3650
b1110010000110 !
b1110010000110 1
b1110010000110 3
b1110010000110 P
0N
b1110010000110 (
b1110010000110 O
0'
1#
#3660
0#
#3670
1:
b10111001 !
b10111001 1
b10111001 7
b10111001 <
b1110110 5
b1110110 F
b1001110 4
b1001110 K
b11001001 2
b11001001 U
1'
b1111100111011000 $
b1111100111011000 -
b1111100111011000 8
b1111100111011000 =
b1111100111011000 B
b1111100111011000 G
b1111100111011000 L
b1111100111011000 Q
b1111100111011000 V
b1111100111011000 [
b1111100111011000 )
b0 "
b0 ,
b0 *
b1 &
b1 .
b1 9
b1 C
b1 H
b1 R
b1 +
1#
#3680
0#
#3690
b11011000 !
b11011000 1
b11011000 7
b11011000 <
0:
b11011000 (
b1010100011011000 ;
0'
1#
#3700
0#
#3710
1D
b101011001110110 !
b101011001110110 1
b1010100011011000 7
b1010100011011000 <
b101011001110110 5
b101011001110110 F
b1100110101001110 4
b1100110101001110 K
b11110111001001 2
b11110111001001 U
1'
b10001001011011 $
b10001001011011 -
b10001001011011 8
b10001001011011 =
b10001001011011 B
b10001001011011 G
b10001001011011 L
b10001001011011 Q
b10001001011011 V
b10001001011011 [
b10001001011011 )
b1 "
b1 ,
b1 *
b11 &
b11 .
b11 9
b11 C
b11 H
b11 R
b11 +
1#
#3720
0#
#3730
b10001001011011 !
b10001001011011 1
b10001001011011 5
b10001001011011 F
0D
b10001001011011 (
b10001001011011 E
0'
1#
#3740
0#
#3750
1:
b1010100000000000 !
b1010100000000000 1
b1010100000000000 7
b1010100000000000 <
b10001000000000 5
b10001000000000 F
b1100110100000000 4
b1100110100000000 K
b11110100000000 2
b11110100000000 U
1'
b1101110011 $
b1101110011 -
b1101110011 8
b1101110011 =
b1101110011 B
b1101110011 G
b1101110011 L
b1101110011 Q
b1101110011 V
b1101110011 [
b1101110011 )
b0 "
b0 ,
b0 *
b10 &
b10 .
b10 9
b10 C
b10 H
b10 R
b10 +
1#
#3760
0#
#3770
b1100000000 !
b1100000000 1
b1100000000 7
b1100000000 <
0:
b1100000000 (
b1111011000 ;
0'
1#
#3780
0#
#3790
1\
b1111110111101100 !
b1111110111101100 1
b1111011000 7
b1111011000 <
b10001001011011 5
b10001001011011 F
b1100110101001110 4
b1100110101001110 K
b11110111001001 2
b11110111001001 U
1'
b100010010111000 $
b100010010111000 -
b100010010111000 8
b100010010111000 =
b100010010111000 B
b100010010111000 G
b100010010111000 L
b100010010111000 Q
b100010010111000 V
b100010010111000 [
b100010010111000 )
b100 "
b100 ,
b100 *
b0 &
b0 .
b0 9
b0 C
b0 H
b0 R
b0 +
1#
#3800
0#
#3810
b100010010111000 !
b100010010111000 1
b100010010111000 /
b100010010111000 ]
0\
b100010010111000 (
b100010010111000 ^
0'
1#
#3820
0#
#3830
b11001001 !
b11001001 1
1S
b11011000 7
b11011000 <
b1011011 5
b1011011 F
b1001110 4
b1001110 K
b11001001 2
b11001001 U
1'
b1101110010100001 $
b1101110010100001 -
b1101110010100001 8
b1101110010100001 =
b1101110010100001 B
b1101110010100001 G
b1101110010100001 L
b1101110010100001 Q
b1101110010100001 V
b1101110010100001 [
b1101110010100001 )
b11 "
b11 ,
b11 *
b1 &
b1 .
b1 9
b1 C
b1 H
b1 R
b1 +
1#
#3840
0#
#3850
b10100001 !
b10100001 1
b10100001 2
b10100001 U
0S
b10100001 (
b11110110100001 T
0'
1#
#3860
0#
#3870
b1101111100101000 !
b1101111100101000 1
1X
b1111011000 7
b1111011000 <
b10001001011011 5
b10001001011011 F
b1100110101001110 4
b1100110101001110 K
b11110110100001 2
b11110110100001 U
1'
b1000010111001000 $
b1000010111001000 -
b1000010111001000 8
b1000010111001000 =
b1000010111001000 B
b1000010111001000 G
b1000010111001000 L
b1000010111001000 Q
b1000010111001000 V
b1000010111001000 [
b1000010111001000 )
b110 "
b110 ,
b110 *
b11 &
b11 .
b11 9
b11 C
b11 H
b11 R
b11 +
1#
#3880
0#
#3890
b1000010111001000 !
b1000010111001000 1
b1000010111001000 0
b1000010111001000 Y
0X
b1000010111001000 (
b1000010111001000 Z
0'
1#
#3900
0#
#3910
1X
1'
b110111000011111 $
b110111000011111 -
b110111000011111 8
b110111000011111 =
b110111000011111 B
b110111000011111 G
b110111000011111 L
b110111000011111 Q
b110111000011111 V
b110111000011111 [
b110111000011111 )
1#
#3920
0#
#3930
b110111000011111 !
b110111000011111 1
b110111000011111 0
b110111000011111 Y
0X
b110111000011111 (
b110111000011111 Z
0'
1#
#3940
0#
#3950
b1011000011000010 !
b1011000011000010 1
1?
1'
b1000000010010110 $
b1000000010010110 -
b1000000010010110 8
b1000000010010110 =
b1000000010010110 B
b1000000010010110 G
b1000000010010110 L
b1000000010010110 Q
b1000000010010110 V
b1000000010010110 [
b1000000010010110 )
b101 "
b101 ,
b101 *
b0 &
b0 .
b0 9
b0 C
b0 H
b0 R
b0 +
1#
#3960
0#
#3970
b1000000010010110 !
b1000000010010110 1
b1000000010010110 6
b1000000010010110 A
0?
b1000000010010110 (
b1000000010010110 @
0'
1#
#3980
0#
#3990
1:
b1111011000 !
b1111011000 1
1'
b111000010010110 $
b111000010010110 -
b111000010010110 8
b111000010010110 =
b111000010010110 B
b111000010010110 G
b111000010010110 L
b111000010010110 Q
b111000010010110 V
b111000010010110 [
b111000010010110 )
b0 "
b0 ,
b0 *
1#
#4000
0#
#4010
b111000010010110 !
b111000010010110 1
b111000010010110 7
b111000010010110 <
0:
b111000010010110 (
b111000010010110 ;
0'
1#
#4020
0#
#4030
1?
b1000000010010110 !
b1000000010010110 1
b10010110 7
b10010110 <
b1011011 5
b1011011 F
b1001110 4
b1001110 K
b10100001 2
b10100001 U
1'
b1000111011101101 $
b1000111011101101 -
b1000111011101101 8
b1000111011101101 =
b1000111011101101 B
b1000111011101101 G
b1000111011101101 L
b1000111011101101 Q
b1000111011101101 V
b1000111011101101 [
b1000111011101101 )
b101 "
b101 ,
b101 *
b1 &
b1 .
b1 9
b1 C
b1 H
b1 R
b1 +
1#
#4040
0#
#4050
b1000111011101101 !
b1000111011101101 1
b1000111011101101 6
b1000111011101101 A
0?
b1000111011101101 (
b1000111011101101 @
0'
1#
#4060
0#
#4070
b1110010000110 !
b1110010000110 1
1N
b111000010010110 7
b111000010010110 <
b10001001011011 5
b10001001011011 F
b1100110101001110 4
b1100110101001110 K
b11110110100001 2
b11110110100001 U
1'
b1110101101 $
b1110101101 -
b1110101101 8
b1110101101 =
b1110101101 B
b1110101101 G
b1110101101 L
b1110101101 Q
b1110101101 V
b1110101101 [
b1110101101 )
b111 "
b111 ,
b111 *
b11 &
b11 .
b11 9
b11 C
b11 H
b11 R
b11 +
1#
#4080
0#
#4090
b1110101101 !
b1110101101 1
b1110101101 3
b1110101101 P
0N
b1110101101 (
b1110101101 O
0'
1#
#4100
0#
#4110
b110111000011111 !
b110111000011111 1
1X
1'
b1110010010100111 $
b1110010010100111 -
b1110010010100111 8
b1110010010100111 =
b1110010010100111 B
b1110010010100111 G
b1110010010100111 L
b1110010010100111 Q
b1110010010100111 V
b1110010010100111 [
b1110010010100111 )
b110 "
b110 ,
b110 *
1#
#4120
0#
#4130
b1110010010100111 !
b1110010010100111 1
b1110010010100111 0
b1110010010100111 Y
0X
b1110010010100111 (
b1110010010100111 Z
0'
1#
#4140
0#
#4150
b1100110101001110 !
b1100110101001110 1
1I
1'
b101011001001001 $
b101011001001001 -
b101011001001001 8
b101011001001001 =
b101011001001001 B
b101011001001001 G
b101011001001001 L
b101011001001001 Q
b101011001001001 V
b101011001001001 [
b101011001001001 )
b10 "
b10 ,
b10 *
1#
#4160
0#
#4170
b101011001001001 !
b101011001001001 1
b101011001001001 4
b101011001001001 K
0I
b101011001001001 (
b101011001001001 J
0'
1#
#4180
0#
#4190
b1110101101 !
b1110101101 1
1N
1'
b1011000101010001 $
b1011000101010001 -
b1011000101010001 8
b1011000101010001 =
b1011000101010001 B
b1011000101010001 G
b1011000101010001 L
b1011000101010001 Q
b1011000101010001 V
b1011000101010001 [
b1011000101010001 )
b111 "
b111 ,
b111 *
1#
#4200
0#
#4210
b1011000101010001 !
b1011000101010001 1
b1011000101010001 3
b1011000101010001 P
0N
b1011000101010001 (
b1011000101010001 O
0'
1#
#4220
0#
#4230
b100010010111000 !
b100010010111000 1
1\
b10010110 7
b10010110 <
b1011011 5
b1011011 F
b1001001 4
b1001001 K
b10100001 2
b10100001 U
1'
b100010111111010 $
b100010111111010 -
b100010111111010 8
b100010111111010 =
b100010111111010 B
b100010111111010 G
b100010111111010 L
b100010111111010 Q
b100010111111010 V
b100010111111010 [
b100010111111010 )
b100 "
b100 ,
b100 *
b1 &
b1 .
b1 9
b1 C
b1 H
b1 R
b1 +
1#
#4240
0#
#4250
b100010111111010 !
b100010111111010 1
b100010111111010 /
b100010111111010 ]
0\
b100010111111010 (
b100010111111010 ^
0'
1#
#4260
0#
#4270
b1110010010100111 !
b1110010010100111 1
1X
1'
b100001001111100 $
b100001001111100 -
b100001001111100 8
b100001001111100 =
b100001001111100 B
b100001001111100 G
b100001001111100 L
b100001001111100 Q
b100001001111100 V
b100001001111100 [
b100001001111100 )
b110 "
b110 ,
b110 *
1#
#4280
0#
#4290
b100001001111100 !
b100001001111100 1
b100001001111100 0
b100001001111100 Y
0X
b100001001111100 (
b100001001111100 Z
0'
1#
#4300
0#
#4310
b11110100000000 !
b11110100000000 1
1S
b111000000000000 7
b111000000000000 <
b10001000000000 5
b10001000000000 F
b101011000000000 4
b101011000000000 K
b11110100000000 2
b11110100000000 U
1'
b1111001001101000 $
b1111001001101000 -
b1111001001101000 8
b1111001001101000 =
b1111001001101000 B
b1111001001101000 G
b1111001001101000 L
b1111001001101000 Q
b1111001001101000 V
b1111001001101000 [
b1111001001101000 )
b11 "
b11 ,
b11 *
b10 &
b10 .
b10 9
b10 C
b10 H
b10 R
b10 +
1#
#4320
0#
#4330
b1111001000000000 !
b1111001000000000 1
b1111001000000000 2
b1111001000000000 U
0S
b1111001000000000 (
b1111001010100001 T
0'
1#
#4340
0#
#4350
b100001001111100 !
b100001001111100 1
1X
b111000010010110 7
b111000010010110 <
b10001001011011 5
b10001001011011 F
b101011001001001 4
b101011001001001 K
b1111001010100001 2
b1111001010100001 U
1'
b10000111110000 $
b10000111110000 -
b10000111110000 8
b10000111110000 =
b10000111110000 B
b10000111110000 G
b10000111110000 L
b10000111110000 Q
b10000111110000 V
b10000111110000 [
b10000111110000 )
b110 "
b110 ,
b110 *
b11 &
b11 .
b11 9
b11 C
b11 H
b11 R
b11 +
1#
#4360
0#
#4370
b10000111110000 !
b10000111110000 1
b10000111110000 0
b10000111110000 Y
0X
b10000111110000 (
b10000111110000 Z
0'
1#
#4380
0#
#4390
b1000111011101101 !
b1000111011101101 1
1?
1'
b111011000101000 $
b111011000101000 -
b111011000101000 8
b111011000101000 =
b111011000101000 B
b111011000101000 G
b111011000101000 L
b111011000101000 Q
b111011000101000 V
b111011000101000 [
b111011000101000 )
b101 "
b101 ,
b101 *
b0 &
b0 .
b0 9
b0 C
b0 H
b0 R
b0 +
1#
#4400
0#
#4410
b111011000101000 !
b111011000101000 1
b111011000101000 6
b111011000101000 A
0?
b111011000101000 (
b111011000101000 @
0'
1#
#4420
0#
#4430
b1111001000000000 !
b1111001000000000 1
1S
b111000000000000 7
b111000000000000 <
b10001000000000 5
b10001000000000 F
b101011000000000 4
b101011000000000 K
b1111001000000000 2
b1111001000000000 U
1'
b11000111000000 $
b11000111000000 -
b11000111000000 8
b11000111000000 =
b11000111000000 B
b11000111000000 G
b11000111000000 L
b11000111000000 Q
b11000111000000 V
b11000111000000 [
b11000111000000 )
b11 "
b11 ,
b11 *
b10 &
b10 .
b10 9
b10 C
b10 H
b10 R
b10 +
1#
#4440
0#
#4450
b11000100000000 !
b11000100000000 1
b11000100000000 2
b11000100000000 U
0S
b11000100000000 (
b11000110100001 T
0'
1#
#4460
0#
#4470
b100010111111010 !
b100010111111010 1
1\
b111000010010110 7
b111000010010110 <
b10001001011011 5
b10001001011011 F
b101011001001001 4
b101011001001001 K
b11000110100001 2
b11000110100001 U
1'
b110101010110000 $
b110101010110000 -
b110101010110000 8
b110101010110000 =
b110101010110000 B
b110101010110000 G
b110101010110000 L
b110101010110000 Q
b110101010110000 V
b110101010110000 [
b110101010110000 )
b100 "
b100 ,
b100 *
b0 &
b0 .
b0 9
b0 C
b0 H
b0 R
b0 +
1#
#4480
0#
#4490
b110101010110000 !
b110101010110000 1
b110101010110000 /
b110101010110000 ]
0\
b110101010110000 (
b110101010110000 ^
0'
1#
#4500
0#
#4510
1\
1'
b1101001101100010 $
b1101001101100010 -
b1101001101100010 8
b1101001101100010 =
b1101001101100010 B
b1101001101100010 G
b1101001101100010 L
b1101001101100010 Q
b1101001101100010 V
b1101001101100010 [
b1101001101100010 )
1#
#4520
0#
#4530
b1101001101100010 !
b1101001101100010 1
b1101001101100010 /
b1101001101100010 ]
0\
b1101001101100010 (
b1101001101100010 ^
0'
1#
#4540
0#
#4550
b10100001 !
b10100001 1
1S
b10010110 7
b10010110 <
b1011011 5
b1011011 F
b1001001 4
b1001001 K
b10100001 2
b10100001 U
1'
b1001110100010111 $
b1001110100010111 -
b1001110100010111 8
b1001110100010111 =
b1001110100010111 B
b1001110100010111 G
b1001110100010111 L
b1001110100010111 Q
b1001110100010111 V
b1001110100010111 [
b1001110100010111 )
b11 "
b11 ,
b11 *
b1 &
b1 .
b1 9
b1 C
b1 H
b1 R
b1 +
1#
#4560
0#
#4570
b10111 !
b10111 1
b10111 2
b10111 U
0S
b10111 (
b11000100010111 T
0'
1#
#4580
0#
#4590
b1011000101010001 !
b1011000101010001 1
1N
b111000010010110 7
b111000010010110 <
b10001001011011 5
b10001001011011 F
b101011001001001 4
b101011001001001 K
b11000100010111 2
b11000100010111 U
1'
b10010000110 $
b10010000110 -
b10010000110 8
b10010000110 =
b10010000110 B
b10010000110 G
b10010000110 L
b10010000110 Q
b10010000110 V
b10010000110 [
b10010000110 )
b111 "
b111 ,
b111 *
b11 &
b11 .
b11 9
b11 C
b11 H
b11 R
b11 +
1#
#4600
0#
#4610
b10010000110 !
b10010000110 1
b10010000110 3
b10010000110 P
0N
b10010000110 (
b10010000110 O
0'
1#
#4620
0#
#4630
1N
b10010110 7
b10010110 <
b1011011 5
b1011011 F
b1001001 4
b1001001 K
b10111 2
b10111 U
1'
b1010001010001101 $
b1010001010001101 -
b1010001010001101 8
b1010001010001101 =
b1010001010001101 B
b1010001010001101 G
b1010001010001101 L
b1010001010001101 Q
b1010001010001101 V
b1010001010001101 [
b1010001010001101 )
b1 &
b1 .
b1 9
b1 C
b1 H
b1 R
b1 +
1#
#4640
0#
#4650
b1010001010001101 !
b1010001010001101 1
b1010001010001101 3
b1010001010001101 P
0N
b1010001010001101 (
b1010001010001101 O
0'
1#
#4660
0#
#4670
b1101001101100010 !
b1101001101100010 1
1\
b111000000000000 7
b111000000000000 <
b10001000000000 5
b10001000000000 F
b101011000000000 4
b101011000000000 K
b11000100000000 2
b11000100000000 U
1'
b111101100101100 $
b111101100101100 -
b111101100101100 8
b111101100101100 =
b111101100101100 B
b111101100101100 G
b111101100101100 L
b111101100101100 Q
b111101100101100 V
b111101100101100 [
b111101100101100 )
b100 "
b100 ,
b100 *
b10 &
b10 .
b10 9
b10 C
b10 H
b10 R
b10 +
1#
#4680
0#
#4690
b111101100101100 !
b111101100101100 1
b111101100101100 /
b111101100101100 ]
0\
b111101100101100 (
b111101100101100 ^
0'
1#
#4700
0#
#4710
b10001001011011 !
b10001001011011 1
1D
b111000010010110 7
b111000010010110 <
b10001001011011 5
b10001001011011 F
b101011001001001 4
b101011001001001 K
b11000100010111 2
b11000100010111 U
1'
b111110000111011 $
b111110000111011 -
b111110000111011 8
b111110000111011 =
b111110000111011 B
b111110000111011 G
b111110000111011 L
b111110000111011 Q
b111110000111011 V
b111110000111011 [
b111110000111011 )
b1 "
b1 ,
b1 *
b0 &
b0 .
b0 9
b0 C
b0 H
b0 R
b0 +
1#
#4720
0#
#4730
b111110000111011 !
b111110000111011 1
b111110000111011 5
b111110000111011 F
0D
b111110000111011 (
b111110000111011 E
0'
1#
#4740
0#
#4750
b11000100000000 !
b11000100000000 1
1S
b111000000000000 7
b111000000000000 <
b111110000000000 5
b111110000000000 F
b101011000000000 4
b101011000000000 K
b11000100000000 2
b11000100000000 U
1'
b1100111010011110 $
b1100111010011110 -
b1100111010011110 8
b1100111010011110 =
b1100111010011110 B
b1100111010011110 G
b1100111010011110 L
b1100111010011110 Q
b1100111010011110 V
b1100111010011110 [
b1100111010011110 )
b11 "
b11 ,
b11 *
b10 &
b10 .
b10 9
b10 C
b10 H
b10 R
b10 +
1#
#4760
0#
#4770
b1100111000000000 !
b1100111000000000 1
b1100111000000000 2
b1100111000000000 U
0S
b1100111000000000 (
b1100111000010111 T
0'
1#
#4780
0#
#4790
b111011000101000 !
b111011000101000 1
1?
b111000010010110 7
b111000010010110 <
b111110000111011 5
b111110000111011 F
b101011001001001 4
b101011001001001 K
b1100111000010111 2
b1100111000010111 U
1'
b11101000100000 $
b11101000100000 -
b11101000100000 8
b11101000100000 =
b11101000100000 B
b11101000100000 G
b11101000100000 L
b11101000100000 Q
b11101000100000 V
b11101000100000 [
b11101000100000 )
b101 "
b101 ,
b101 *
b0 &
b0 .
b0 9
b0 C
b0 H
b0 R
b0 +
1#
#4800
0#
#4810
b11101000100000 !
b11101000100000 1
b11101000100000 6
b11101000100000 A
0?
b11101000100000 (
b11101000100000 @
0'
1#
#4820
0#
#4830
1?
1'
b1000110010110100 $
b1000110010110100 -
b1000110010110100 8
b1000110010110100 =
b1000110010110100 B
b1000110010110100 G
b1000110010110100 L
b1000110010110100 Q
b1000110010110100 V
b1000110010110100 [
b1000110010110100 )
1#
#4840
0#
#4850
b1000110010110100 !
b1000110010110100 1
b1000110010110100 6
b1000110010110100 A
0?
b1000110010110100 (
b1000110010110100 @
0'
1#
#4860
0#
#4870
1:
b10010110 !
b10010110 1
b10010110 7
b10010110 <
b111011 5
b111011 F
b1001001 4
b1001001 K
b10111 2
b10111 U
1'
b1001100101001011 $
b1001100101001011 -
b1001100101001011 8
b1001100101001011 =
b1001100101001011 B
b1001100101001011 G
b1001100101001011 L
b1001100101001011 Q
b1001100101001011 V
b1001100101001011 [
b1001100101001011 )
b0 "
b0 ,
b0 *
b1 &
b1 .
b1 9
b1 C
b1 H
b1 R
b1 +
1#
#4880
0#
#4890
b1001011 !
b1001011 1
b1001011 7
b1001011 <
0:
b1001011 (
b111000001001011 ;
0'
1#
#4900
0#
#4910
1I
b1001001 !
b1001001 1
1'
b110010011111101 $
b110010011111101 -
b110010011111101 8
b110010011111101 =
b110010011111101 B
b110010011111101 G
b110010011111101 L
b110010011111101 Q
b110010011111101 V
b110010011111101 [
b110010011111101 )
b10 "
b10 ,
b10 *
1#
#4920
0#
#4930
b11111101 !
b11111101 1
b11111101 4
b11111101 K
0I
b11111101 (
b101011011111101 J
0'
1#
#4940
0#
#4950
b10000111110000 !
b10000111110000 1
1X
b111000001001011 7
b111000001001011 <
b111110000111011 5
b111110000111011 F
b101011011111101 4
b101011011111101 K
b1100111000010111 2
b1100111000010111 U
1'
b1001101000000011 $
b1001101000000011 -
b1001101000000011 8
b1001101000000011 =
b1001101000000011 B
b1001101000000011 G
b1001101000000011 L
b1001101000000011 Q
b1001101000000011 V
b1001101000000011 [
b1001101000000011 )
b110 "
b110 ,
b110 *
b11 &
b11 .
b11 9
b11 C
b11 H
b11 R
b11 +
1#
#4960
0#
#4970
b1001101000000011 !
b1001101000000011 1
b1001101000000011 0
b1001101000000011 Y
0X
b1001101000000011 (
b1001101000000011 Z
0'
1#
#4980
0#
#4990
b111101100101100 !
b111101100101100 1
1\
1'
b11110110110001 $
b11110110110001 -
b11110110110001 8
b11110110110001 =
b11110110110001 B
b11110110110001 G
b11110110110001 L
b11110110110001 Q
b11110110110001 V
b11110110110001 [
b11110110110001 )
b100 "
b100 ,
b100 *
1#
#5000
0#
#5010
b11110110110001 !
b11110110110001 1
b11110110110001 /
b11110110110001 ]
0\
b11110110110001 (
b11110110110001 ^
0'
1#
#5020
0#
#5030
b101011011111101 !
b101011011111101 1
1I
1'
b11010011100000 $
b11010011100000 -
b11010011100000 8
b11010011100000 =
b11010011100000 B
b11010011100000 G
b11010011100000 L
b11010011100000 Q
b11010011100000 V
b11010011100000 [
b11010011100000 )
b10 "
b10 ,
b10 *
b0 &
b0 .
b0 9
b0 C
b0 H
b0 R
b0 +
1#
#5040
0#
#5050
b11010011100000 !
b11010011100000 1
b11010011100000 4
b11010011100000 K
0I
b11010011100000 (
b11010011100000 J
0'
1#
#5060
0#
#5070
b1000110010110100 !
b1000110010110100 1
1?
b1001011 7
b1001011 <
b111011 5
b111011 F
b11100000 4
b11100000 K
b10111 2
b10111 U
1'
b101101111111000 $
b101101111111000 -
b101101111111000 8
b101101111111000 =
b101101111111000 B
b101101111111000 G
b101101111111000 L
b101101111111000 Q
b101101111111000 V
b101101111111000 [
b101101111111000 )
b101 "
b101 ,
b101 *
b1 &
b1 .
b1 9
b1 C
b1 H
b1 R
b1 +
1#
#5080
0#
#5090
b101101111111000 !
b101101111111000 1
b101101111111000 6
b101101111111000 A
0?
b101101111111000 (
b101101111111000 @
0'
1#
#5100
0#
#5110
b111011 !
b111011 1
1D
1'
b1110011110000100 $
b1110011110000100 -
b1110011110000100 8
b1110011110000100 =
b1110011110000100 B
b1110011110000100 G
b1110011110000100 L
b1110011110000100 Q
b1110011110000100 V
b1110011110000100 [
b1110011110000100 )
b1 "
b1 ,
b1 *
1#
#5120
0#
#5130
b10000100 !
b10000100 1
b10000100 5
b10000100 F
0D
b10000100 (
b111110010000100 E
0'
1#
#5140
0#
#5150
b11010000000000 !
b11010000000000 1
1I
b111000000000000 7
b111000000000000 <
b111110000000000 5
b111110000000000 F
b11010000000000 4
b11010000000000 K
b1100111000000000 2
b1100111000000000 U
1'
b111110110010000 $
b111110110010000 -
b111110110010000 8
b111110110010000 =
b111110110010000 B
b111110110010000 G
b111110110010000 L
b111110110010000 Q
b111110110010000 V
b111110110010000 [
b111110110010000 )
b10 "
b10 ,
b10 *
b10 &
b10 .
b10 9
b10 C
b10 H
b10 R
b10 +
1#
#5160
0#
#5170
b111110100000000 !
b111110100000000 1
b111110100000000 4
b111110100000000 K
0I
b111110100000000 (
b111110111100000 J
0'
1#
#5180
0#
#5190
b101101111111000 !
b101101111111000 1
1?
b111000001001011 7
b111000001001011 <
b111110010000100 5
b111110010000100 F
b111110111100000 4
b111110111100000 K
b1100111000010111 2
b1100111000010111 U
1'
b101011110000100 $
b101011110000100 -
b101011110000100 8
b101011110000100 =
b101011110000100 B
b101011110000100 G
b101011110000100 L
b101011110000100 Q
b101011110000100 V
b101011110000100 [
b101011110000100 )
b101 "
b101 ,
b101 *
b11 &
b11 .
b11 9
b11 C
b11 H
b11 R
b11 +
1#
#5200
0#
#5210
b101011110000100 !
b101011110000100 1
b101011110000100 6
b101011110000100 A
0?
b101011110000100 (
b101011110000100 @
0'
1#
#5220
0#
#5230
1?
b111000000000000 7
b111000000000000 <
b111110000000000 5
b111110000000000 F
b111110100000000 4
b111110100000000 K
b1100111000000000 2
b1100111000000000 U
1'
b1001100000 $
b1001100000 -
b1001100000 8
b1001100000 =
b1001100000 B
b1001100000 G
b1001100000 L
b1001100000 Q
b1001100000 V
b1001100000 [
b1001100000 )
b10 &
b10 .
b10 9
b10 C
b10 H
b10 R
b10 +
1#
#5240
0#
#5250
b1001100000 !
b1001100000 1
b1001100000 6
b1001100000 A
0?
b1001100000 (
b1001100000 @
0'
1#
#5260
0#
#5270
b111110100000000 !
b111110100000000 1
1I
1'
b1111111010100110 $
b1111111010100110 -
b1111111010100110 8
b1111111010100110 =
b1111111010100110 B
b1111111010100110 G
b1111111010100110 L
b1111111010100110 Q
b1111111010100110 V
b1111111010100110 [
b1111111010100110 )
b10 "
b10 ,
b10 *
1#
#5280
0#
#5290
b1111111000000000 !
b1111111000000000 1
b1111111000000000 4
b1111111000000000 K
0I
b1111111000000000 (
b1111111011100000 J
0'
1#
#5300
0#
#5310
b11110110110001 !
b11110110110001 1
1\
b1001011 7
b1001011 <
b10000100 5
b10000100 F
b11100000 4
b11100000 K
b10111 2
b10111 U
1'
b10010100010 $
b10010100010 -
b10010100010 8
b10010100010 =
b10010100010 B
b10010100010 G
b10010100010 L
b10010100010 Q
b10010100010 V
b10010100010 [
b10010100010 )
b100 "
b100 ,
b100 *
b1 &
b1 .
b1 9
b1 C
b1 H
b1 R
b1 +
1#
#5320
0#
#5330
b10010100010 !
b10010100010 1
b10010100010 /
b10010100010 ]
0\
b10010100010 (
b10010100010 ^
0'
1#
#5340
0#
#5350
1:
b1001011 !
b1001011 1
1'
b1100000000111101 $
b1100000000111101 -
b1100000000111101 8
b1100000000111101 =
b1100000000111101 B
b1100000000111101 G
b1100000000111101 L
b1100000000111101 Q
b1100000000111101 V
b1100000000111101 [
b1100000000111101 )
b0 "
b0 ,
b0 *
1#
#5360
0#
#5370
b111101 !
b111101 1
b111101 7
b111101 <
0:
b111101 (
b111000000111101 ;
0'
1#
#5380
0#
#5390
1D
b111110010000100 !
b111110010000100 1
b111000000111101 7
b111000000111101 <
b111110010000100 5
b111110010000100 F
b1111111011100000 4
b1111111011100000 K
b1100111000010111 2
b1100111000010111 U
1'
b111010101000111 $
b111010101000111 -
b111010101000111 8
b111010101000111 =
b111010101000111 B
b111010101000111 G
b111010101000111 L
b111010101000111 Q
b111010101000111 V
b111010101000111 [
b111010101000111 )
b1 "
b1 ,
b1 *
b11 &
b11 .
b11 9
b11 C
b11 H
b11 R
b11 +
1#
#5400
0#
#5410
b111010101000111 !
b111010101000111 1
b111010101000111 5
b111010101000111 F
0D
b111010101000111 (
b111010101000111 E
0'
1#
#5420
0#
#5430
1:
b111000000000000 !
b111000000000000 1
b111000000000000 7
b111000000000000 <
b111010100000000 5
b111010100000000 F
b1111111000000000 4
b1111111000000000 K
b1100111000000000 2
b1100111000000000 U
1'
b1000101010110100 $
b1000101010110100 -
b1000101010110100 8
b1000101010110100 =
b1000101010110100 B
b1000101010110100 G
b1000101010110100 L
b1000101010110100 Q
b1000101010110100 V
b1000101010110100 [
b1000101010110100 )
b0 "
b0 ,
b0 *
b10 &
b10 .
b10 9
b10 C
b10 H
b10 R
b10 +
1#
#5440
0#
#5450
b1000101000000000 !
b1000101000000000 1
b1000101000000000 7
b1000101000000000 <
0:
b1000101000000000 (
b1000101000111101 ;
0'
1#
#5460
0#
#5470
b1000101000111101 !
b1000101000111101 1
1:
b1000101000111101 7
b1000101000111101 <
b111010101000111 5
b111010101000111 F
b1111111011100000 4
b1111111011100000 K
b1100111000010111 2
b1100111000010111 U
1'
b100010110001100 $
b100010110001100 -
b100010110001100 8
b100010110001100 =
b100010110001100 B
b100010110001100 G
b100010110001100 L
b100010110001100 Q
b100010110001100 V
b100010110001100 [
b100010110001100 )
b0 &
b0 .
b0 9
b0 C
b0 H
b0 R
b0 +
1#
#5480
0#
#5490
b100010110001100 !
b100010110001100 1
b100010110001100 7
b100010110001100 <
0:
b100010110001100 (
b100010110001100 ;
0'
1#
#5500
0#
#5510
1D
b111010101000111 !
b111010101000111 1
1'
b1111100100010001 $
b1111100100010001 -
b1111100100010001 8
b1111100100010001 =
b1111100100010001 B
b1111100100010001 G
b1111100100010001 L
b1111100100010001 Q
b1111100100010001 V
b1111100100010001 [
b1111100100010001 )
b1 "
b1 ,
b1 *
b11 &
b11 .
b11 9
b11 C
b11 H
b11 R
b11 +
1#
#5520
0#
#5530
b1111100100010001 !
b1111100100010001 1
b1111100100010001 5
b1111100100010001 F
0D
b1111100100010001 (
b1111100100010001 E
0'
1#
#5540
0#
#5550
1D
1'
b1000000101110011 $
b1000000101110011 -
b1000000101110011 8
b1000000101110011 =
b1000000101110011 B
b1000000101110011 G
b1000000101110011 L
b1000000101110011 Q
b1000000101110011 V
b1000000101110011 [
b1000000101110011 )
b0 &
b0 .
b0 9
b0 C
b0 H
b0 R
b0 +
1#
#5560
0#
#5570
b1000000101110011 !
b1000000101110011 1
b1000000101110011 5
b1000000101110011 F
0D
b1000000101110011 (
b1000000101110011 E
0'
1#
#5580
0#
#5590
b10010100010 !
b10010100010 1
1\
1'
b1110111110100100 $
b1110111110100100 -
b1110111110100100 8
b1110111110100100 =
b1110111110100100 B
b1110111110100100 G
b1110111110100100 L
b1110111110100100 Q
b1110111110100100 V
b1110111110100100 [
b1110111110100100 )
b100 "
b100 ,
b100 *
1#
#5600
0#
#5610
b1110111110100100 !
b1110111110100100 1
b1110111110100100 /
b1110111110100100 ]
0\
b1110111110100100 (
b1110111110100100 ^
0'
1#
#5620
0#
#5630
1:
b10001100 !
b10001100 1
b10001100 7
b10001100 <
b1110011 5
b1110011 F
b11100000 4
b11100000 K
b10111 2
b10111 U
1'
b111001011011111 $
b111001011011111 -
b111001011011111 8
b111001011011111 =
b111001011011111 B
b111001011011111 G
b111001011011111 L
b111001011011111 Q
b111001011011111 V
b111001011011111 [
b111001011011111 )
b0 "
b0 ,
b0 *
b1 &
b1 .
b1 9
b1 C
b1 H
b1 R
b1 +
1#
#5640
0#
#5650
b11011111 !
b11011111 1
b11011111 7
b11011111 <
0:
b11011111 (
b100010111011111 ;
0'
1#
#5660
0#
#5670
1?
b1001100000 !
b1001100000 1
b100010111011111 7
b100010111011111 <
b1000000101110011 5
b1000000101110011 F
b1111111011100000 4
b1111111011100000 K
b1100111000010111 2
b1100111000010111 U
1'
b100000110011101 $
b100000110011101 -
b100000110011101 8
b100000110011101 =
b100000110011101 B
b100000110011101 G
b100000110011101 L
b100000110011101 Q
b100000110011101 V
b100000110011101 [
b100000110011101 )
b101 "
b101 ,
b101 *
b0 &
b0 .
b0 9
b0 C
b0 H
b0 R
b0 +
1#
#5680
0#
#5690
b100000110011101 !
b100000110011101 1
b100000110011101 6
b100000110011101 A
0?
b100000110011101 (
b100000110011101 @
0'
1#
#5700
0#
#5710
b1001101000000011 !
b1001101000000011 1
1X
1'
b1011111101001001 $
b1011111101001001 -
b1011111101001001 8
b1011111101001001 =
b1011111101001001 B
b1011111101001001 G
b1011111101001001 L
b1011111101001001 Q
b1011111101001001 V
b1011111101001001 [
b1011111101001001 )
b110 "
b110 ,
b110 *
1#
#5720
0#
#5730
b1011111101001001 !
b1011111101001001 1
b1011111101001001 0
b1011111101001001 Y
0X
b1011111101001001 (
b1011111101001001 Z
0'
1#
#5740
0#
#5750
b1110111110100100 !
b1110111110100100 1
1\
b11011111 7
b11011111 <
b1110011 5
b1110011 F
b11100000 4
b11100000 K
b10111 2
b10111 U
1'
b100110000011100 $
b100110000011100 -
b100110000011100 8
b100110000011100 =
b100110000011100 B
b100110000011100 G
b100110000011100 L
b100110000011100 Q
b100110000011100 V
b100110000011100 [
b100110000011100 )
b100 "
b100 ,
b100 *
b1 &
b1 .
b1 9
b1 C
b1 H
b1 R
b1 +
1#
#5760
0#
#5770
b100110000011100 !
b100110000011100 1
b100110000011100 /
b100110000011100 ]
0\
b100110000011100 (
b100110000011100 ^
0'
1#
#5780
0#
#5790
b1010001010001101 !
b1010001010001101 1
1N
b100010111011111 7
b100010111011111 <
b1000000101110011 5
b1000000101110011 F
b1111111011100000 4
b1111111011100000 K
b1100111000010111 2
b1100111000010111 U
1'
b1000001000101010 $
b1000001000101010 -
b1000001000101010 8
b1000001000101010 =
b1000001000101010 B
b1000001000101010 G
b1000001000101010 L
b1000001000101010 Q
b1000001000101010 V
b1000001000101010 [
b1000001000101010 )
b111 "
b111 ,
b111 *
b11 &
b11 .
b11 9
b11 C
b11 H
b11 R
b11 +
1#
#5800
0#
#5810
b1000001000101010 !
b1000001000101010 1
b1000001000101010 3
b1000001000101010 P
0N
b1000001000101010 (
b1000001000101010 O
0'
1#
#5820
0#
#5830
b1000000101110011 !
b1000000101110011 1
1D
1'
b1001110100111010 $
b1001110100111010 -
b1001110100111010 8
b1001110100111010 =
b1001110100111010 B
b1001110100111010 G
b1001110100111010 L
b1001110100111010 Q
b1001110100111010 V
b1001110100111010 [
b1001110100111010 )
b1 "
b1 ,
b1 *
b0 &
b0 .
b0 9
b0 C
b0 H
b0 R
b0 +
1#
#5840
0#
#5850
b1001110100111010 !
b1001110100111010 1
b1001110100111010 5
b1001110100111010 F
0D
b1001110100111010 (
b1001110100111010 E
0'
1#
#5860
0#
#5870
1:
b100010111011111 !
b100010111011111 1
1'
b111111100111001 $
b111111100111001 -
b111111100111001 8
b111111100111001 =
b111111100111001 B
b111111100111001 G
b111111100111001 L
b111111100111001 Q
b111111100111001 V
b111111100111001 [
b111111100111001 )
b0 "
b0 ,
b0 *
1#
#5880
0#
#5890
b111111100111001 !
b111111100111001 1
b111111100111001 7
b111111100111001 <
0:
b111111100111001 (
b111111100111001 ;
0'
1#
#5900
0#
#5910
1D
b1001110100000000 !
b1001110100000000 1
b111111100000000 7
b111111100000000 <
b1001110100000000 5
b1001110100000000 F
b1111111000000000 4
b1111111000000000 K
b1100111000000000 2
b1100111000000000 U
1'
b1000100101011001 $
b1000100101011001 -
b1000100101011001 8
b1000100101011001 =
b1000100101011001 B
b1000100101011001 G
b1000100101011001 L
b1000100101011001 Q
b1000100101011001 V
b1000100101011001 [
b1000100101011001 )
b1 "
b1 ,
b1 *
b10 &
b10 .
b10 9
b10 C
b10 H
b10 R
b10 +
1#
#5920
0#
#5930
b1000100100000000 !
b1000100100000000 1
b1000100100000000 5
b1000100100000000 F
0D
b1000100100000000 (
b1000100100111010 E
0'
1#
#5940
0#
#5950
b1000100100111010 !
b1000100100111010 1
1D
b111111100111001 7
b111111100111001 <
b1000100100111010 5
b1000100100111010 F
b1111111011100000 4
b1111111011100000 K
b1100111000010111 2
b1100111000010111 U
1'
b10100110010111 $
b10100110010111 -
b10100110010111 8
b10100110010111 =
b10100110010111 B
b10100110010111 G
b10100110010111 L
b10100110010111 Q
b10100110010111 V
b10100110010111 [
b10100110010111 )
b0 &
b0 .
b0 9
b0 C
b0 H
b0 R
b0 +
1#
#5960
0#
#5970
b10100110010111 !
b10100110010111 1
b10100110010111 5
b10100110010111 F
0D
b10100110010111 (
b10100110010111 E
0'
1#
#5980
0#
#5990
b1011111101001001 !
b1011111101001001 1
1X
1'
b1101001110111011 $
b1101001110111011 -
b1101001110111011 8
b1101001110111011 =
b1101001110111011 B
b1101001110111011 G
b1101001110111011 L
b1101001110111011 Q
b1101001110111011 V
b1101001110111011 [
b1101001110111011 )
b110 "
b110 ,
b110 *
b11 &
b11 .
b11 9
b11 C
b11 H
b11 R
b11 +
1#
#6000
0#
#6010
b1101001110111011 !
b1101001110111011 1
b1101001110111011 0
b1101001110111011 Y
0X
b1101001110111011 (
b1101001110111011 Z
0'
1#
#6020
0#
#6030
1:
b111111100111001 !
b111111100111001 1
1'
b1101011001101001 $
b1101011001101001 -
b1101011001101001 8
b1101011001101001 =
b1101011001101001 B
b1101011001101001 G
b1101011001101001 L
b1101011001101001 Q
b1101011001101001 V
b1101011001101001 [
b1101011001101001 )
b0 "
b0 ,
b0 *
b0 &
b0 .
b0 9
b0 C
b0 H
b0 R
b0 +
1#
#6040
0#
#6050
b1101011001101001 !
b1101011001101001 1
b1101011001101001 7
b1101011001101001 <
0:
b1101011001101001 (
b1101011001101001 ;
0'
1#
#6060
0#
#6070
1?
b100000110011101 !
b100000110011101 1
1'
b100100111000101 $
b100100111000101 -
b100100111000101 8
b100100111000101 =
b100100111000101 B
b100100111000101 G
b100100111000101 L
b100100111000101 Q
b100100111000101 V
b100100111000101 [
b100100111000101 )
b101 "
b101 ,
b101 *
1#
#6080
0#
#6090
b100100111000101 !
b100100111000101 1
b100100111000101 6
b100100111000101 A
0?
b100100111000101 (
b100100111000101 @
0'
1#
#6100
0#
#6110
b1101001110111011 !
b1101001110111011 1
1X
1'
b1101100001010001 $
b1101100001010001 -
b1101100001010001 8
b1101100001010001 =
b1101100001010001 B
b1101100001010001 G
b1101100001010001 L
b1101100001010001 Q
b1101100001010001 V
b1101100001010001 [
b1101100001010001 )
b110 "
b110 ,
b110 *
b11 &
b11 .
b11 9
b11 C
b11 H
b11 R
b11 +
1#
#6120
0#
#6130
b1101100001010001 !
b1101100001010001 1
b1101100001010001 0
b1101100001010001 Y
0X
b1101100001010001 (
b1101100001010001 Z
0'
1#
#6140
0#
#6150
b100100111000101 !
b100100111000101 1
1?
b1101001 7
b1101001 <
b10010111 5
b10010111 F
b11100000 4
b11100000 K
b10111 2
b10111 U
1'
b110010101001010 $
b110010101001010 -
b110010101001010 8
b110010101001010 =
b110010101001010 B
b110010101001010 G
b110010101001010 L
b110010101001010 Q
b110010101001010 V
b110010101001010 [
b110010101001010 )
b101 "
b101 ,
b101 *
b1 &
b1 .
b1 9
b1 C
b1 H
b1 R
b1 +
1#
#6160
0#
#6170
b110010101001010 !
b110010101001010 1
b110010101001010 6
b110010101001010 A
0?
b110010101001010 (
b110010101001010 @
0'
1#
#6180
0#
#6190
b1101100001010001 !
b1101100001010001 1
1X
b1101011001101001 7
b1101011001101001 <
b10100110010111 5
b10100110010111 F
b1111111011100000 4
b1111111011100000 K
b1100111000010111 2
b1100111000010111 U
1'
b1001101011000100 $
b1001101011000100 -
b1001101011000100 8
b1001101011000100 =
b1001101011000100 B
b1001101011000100 G
b1001101011000100 L
b1001101011000100 Q
b1001101011000100 V
b1001101011000100 [
b1001101011000100 )
b110 "
b110 ,
b110 *
b0 &
b0 .
b0 9
b0 C
b0 H
b0 R
b0 +
1#
#6200
0#
#6210
b1001101011000100 !
b1001101011000100 1
b1001101011000100 0
b1001101011000100 Y
0X
b1001101011000100 (
b1001101011000100 Z
0'
1#
#6220
0#
#6230
b1111111011100000 !
b1111111011100000 1
1I
1'
b1110111010000110 $
b1110111010000110 -
b1110111010000110 8
b1110111010000110 =
b1110111010000110 B
b1110111010000110 G
b1110111010000110 L
b1110111010000110 Q
b1110111010000110 V
b1110111010000110 [
b1110111010000110 )
b10 "
b10 ,
b10 *
1#
#6240
0#
#6250
b1110111010000110 !
b1110111010000110 1
b1110111010000110 4
b1110111010000110 K
0I
b1110111010000110 (
b1110111010000110 J
0'
1#
#6260
0#
#6270
b110010101001010 !
b110010101001010 1
1?
1'
b1100011110110101 $
b1100011110110101 -
b1100011110110101 8
b1100011110110101 =
b1100011110110101 B
b1100011110110101 G
b1100011110110101 L
b1100011110110101 Q
b1100011110110101 V
b1100011110110101 [
b1100011110110101 )
b101 "
b101 ,
b101 *
1#
#6280
0#
#6290
b1100011110110101 !
b1100011110110101 1
b1100011110110101 6
b1100011110110101 A
0?
b1100011110110101 (
b1100011110110101 @
0'
1#
#6300
0#
#6310
b100110000011100 !
b100110000011100 1
1\
1'
b1001011101110110 $
b1001011101110110 -
b1001011101110110 8
b1001011101110110 =
b1001011101110110 B
b1001011101110110 G
b1001011101110110 L
b1001011101110110 Q
b1001011101110110 V
b1001011101110110 [
b1001011101110110 )
b100 "
b100 ,
b100 *
1#
#6320
0#
#6330
b1001011101110110 !
b1001011101110110 1
b1001011101110110 /
b1001011101110110 ]
0\
b1001011101110110 (
b1001011101110110 ^
0'
1#
#6340
0#
#6350
b1001101011000100 !
b1001101011000100 1
1X
b1101001 7
b1101001 <
b10010111 5
b10010111 F
b10000110 4
b10000110 K
b10111 2
b10111 U
1'
b101111100000001 $
b101111100000001 -
b101111100000001 8
b101111100000001 =
b101111100000001 B
b101111100000001 G
b101111100000001 L
b101111100000001 Q
b101111100000001 V
b101111100000001 [
b101111100000001 )
b110 "
b110 ,
b110 *
b1 &
b1 .
b1 9
b1 C
b1 H
b1 R
b1 +
1#
#6360
0#
#6370
b101111100000001 !
b101111100000001 1
b101111100000001 0
b101111100000001 Y
0X
b101111100000001 (
b101111100000001 Z
0'
1#
#6380
0#
#6390
b1110111010000110 !
b1110111010000110 1
1I
b1101011001101001 7
b1101011001101001 <
b10100110010111 5
b10100110010111 F
b1110111010000110 4
b1110111010000110 K
b1100111000010111 2
b1100111000010111 U
1'
b1001111111000010 $
b1001111111000010 -
b1001111111000010 8
b1001111111000010 =
b1001111111000010 B
b1001111111000010 G
b1001111111000010 L
b1001111111000010 Q
b1001111111000010 V
b1001111111000010 [
b1001111111000010 )
b10 "
b10 ,
b10 *
b11 &
b11 .
b11 9
b11 C
b11 H
b11 R
b11 +
1#
#6400
0#
#6410
b1001111111000010 !
b1001111111000010 1
b1001111111000010 4
b1001111111000010 K
0I
b1001111111000010 (
b1001111111000010 J
0'
1#
#6420
0#
#6430
1:
b1101001 !
b1101001 1
b1101001 7
b1101001 <
b10010111 5
b10010111 F
b11000010 4
b11000010 K
b10111 2
b10111 U
1'
b1110010010101111 $
b1110010010101111 -
b1110010010101111 8
b1110010010101111 =
b1110010010101111 B
b1110010010101111 G
b1110010010101111 L
b1110010010101111 Q
b1110010010101111 V
b1110010010101111 [
b1110010010101111 )
b0 "
b0 ,
b0 *
b1 &
b1 .
b1 9
b1 C
b1 H
b1 R
b1 +
1#
#6440
0#
#6450
b10101111 !
b10101111 1
b10101111 7
b10101111 <
0:
b10101111 (
b1101011010101111 ;
0'
1#
#6460
0#
#6470
1X
b101111100000001 !
b101111100000001 1
b1101011000000000 7
b1101011000000000 <
b10100100000000 5
b10100100000000 F
b1001111100000000 4
b1001111100000000 K
b1100111000000000 2
b1100111000000000 U
1'
b110111011101001 $
b110111011101001 -
b110111011101001 8
b110111011101001 =
b110111011101001 B
b110111011101001 G
b110111011101001 L
b110111011101001 Q
b110111011101001 V
b110111011101001 [
b110111011101001 )
b110 "
b110 ,
b110 *
b10 &
b10 .
b10 9
b10 C
b10 H
b10 R
b10 +
1#
#6480
0#
#6490
b110111011101001 !
b110111011101001 1
b110111011101001 0
b110111011101001 Y
0X
b110111011101001 (
b110111011101001 Z
0'
1#
#6500
0#
#6510
1:
b1101011010101111 !
b1101011010101111 1
b1101011010101111 7
b1101011010101111 <
b10100110010111 5
b10100110010111 F
b1001111111000010 4
b1001111111000010 K
b1100111000010111 2
b1100111000010111 U
1'
b111011011101111 $
b111011011101111 -
b111011011101111 8
b111011011101111 =
b111011011101111 B
b111011011101111 G
b111011011101111 L
b111011011101111 Q
b111011011101111 V
b111011011101111 [
b111011011101111 )
b0 "
b0 ,
b0 *
b0 &
b0 .
b0 9
b0 C
b0 H
b0 R
b0 +
1#
#6520
0#
#6530
b111011011101111 !
b111011011101111 1
b111011011101111 7
b111011011101111 <
0:
b111011011101111 (
b111011011101111 ;
0'
1#
#6540
0#
#6550
1I
b11000010 !
b11000010 1
b11101111 7
b11101111 <
b10010111 5
b10010111 F
b11000010 4
b11000010 K
b10111 2
b10111 U
1'
b11111011101110 $
b11111011101110 -
b11111011101110 8
b11111011101110 =
b11111011101110 B
b11111011101110 G
b11111011101110 L
b11111011101110 Q
b11111011101110 V
b11111011101110 [
b11111011101110 )
b10 "
b10 ,
b10 *
b1 &
b1 .
b1 9
b1 C
b1 H
b1 R
b1 +
1#
#6560
0#
#6570
b11101110 !
b11101110 1
b11101110 4
b11101110 K
0I
b11101110 (
b1001111111101110 J
0'
1#
#6580
0#
#6590
b1100111000010111 !
b1100111000010111 1
1S
b111011011101111 7
b111011011101111 <
b10100110010111 5
b10100110010111 F
b1001111111101110 4
b1001111111101110 K
b1100111000010111 2
b1100111000010111 U
1'
b1110101000101000 $
b1110101000101000 -
b1110101000101000 8
b1110101000101000 =
b1110101000101000 B
b1110101000101000 G
b1110101000101000 L
b1110101000101000 Q
b1110101000101000 V
b1110101000101000 [
b1110101000101000 )
b11 "
b11 ,
b11 *
b0 &
b0 .
b0 9
b0 C
b0 H
b0 R
b0 +
1#
#6600
0#
#6610
b1110101000101000 !
b1110101000101000 1
b1110101000101000 2
b1110101000101000 U
0S
b1110101000101000 (
b1110101000101000 T
0'
1#
#6620
0#
#6630
b1001011101110110 !
b1001011101110110 1
1\
1'
b1010111011100001 $
b1010111011100001 -
b1010111011100001 8
b1010111011100001 =
b1010111011100001 B
b1010111011100001 G
b1010111011100001 L
b1010111011100001 Q
b1010111011100001 V
b1010111011100001 [
b1010111011100001 )
b100 "
b100 ,
b100 *
1#
#6640
0#
#6650
b1010111011100001 !
b1010111011100001 1
b1010111011100001 /
b1010111011100001 ]
0\
b1010111011100001 (
b1010111011100001 ^
0'
1#
#6660
0#
#6670
b1100011110110101 !
b1100011110110101 1
1?
1'
b1111010110000001 $
b1111010110000001 -
b1111010110000001 8
b1111010110000001 =
b1111010110000001 B
b1111010110000001 G
b1111010110000001 L
b1111010110000001 Q
b1111010110000001 V
b1111010110000001 [
b1111010110000001 )
b101 "
b101 ,
b101 *
b11 &
b11 .
b11 9
b11 C
b11 H
b11 R
b11 +
1#
#6680
0#
#6690
b1111010110000001 !
b1111010110000001 1
b1111010110000001 6
b1111010110000001 A
0?
b1111010110000001 (
b1111010110000001 @
0'
1#
#6700
0#
#6710
1?
b11101111 7
b11101111 <
b10010111 5
b10010111 F
b11101110 4
b11101110 K
b101000 2
b101000 U
1'
b111000111110000 $
b111000111110000 -
b111000111110000 8
b111000111110000 =
b111000111110000 B
b111000111110000 G
b111000111110000 L
b111000111110000 Q
b111000111110000 V
b111000111110000 [
b111000111110000 )
b1 &
b1 .
b1 9
b1 C
b1 H
b1 R
b1 +
1#
#6720
0#
#6730
b111000111110000 !
b111000111110000 1
b111000111110000 6
b111000111110000 A
0?
b111000111110000 (
b111000111110000 @
0'
1#
#6740
0#
#6750
b1010111011100001 !
b1010111011100001 1
1\
b111011000000000 7
b111011000000000 <
b10100100000000 5
b10100100000000 F
b1001111100000000 4
b1001111100000000 K
b1110101000000000 2
b1110101000000000 U
1'
b100100011110001 $
b100100011110001 -
b100100011110001 8
b100100011110001 =
b100100011110001 B
b100100011110001 G
b100100011110001 L
b100100011110001 Q
b100100011110001 V
b100100011110001 [
b100100011110001 )
b100 "
b100 ,
b100 *
b10 &
b10 .
b10 9
b10 C
b10 H
b10 R
b10 +
1#
#6760
0#
#6770
b100100011110001 !
b100100011110001 1
b100100011110001 /
b100100011110001 ]
0\
b100100011110001 (
b100100011110001 ^
0'
1#
#6780
0#
#6790
b110111011101001 !
b110111011101001 1
1X
b11101111 7
b11101111 <
b10010111 5
b10010111 F
b11101110 4
b11101110 K
b101000 2
b101000 U
1'
b1101110011100010 $
b1101110011100010 -
b1101110011100010 8
b1101110011100010 =
b1101110011100010 B
b1101110011100010 G
b1101110011100010 L
b1101110011100010 Q
b1101110011100010 V
b1101110011100010 [
b1101110011100010 )
b110 "
b110 ,
b110 *
b1 &
b1 .
b1 9
b1 C
b1 H
b1 R
b1 +
1#
#6800
0#
#6810
b1101110011100010 !
b1101110011100010 1
b1101110011100010 0
b1101110011100010 Y
0X
b1101110011100010 (
b1101110011100010 Z
0'
1#
#6820
0#
#6830
b1001111111101110 !
b1001111111101110 1
1I
b111011011101111 7
b111011011101111 <
b10100110010111 5
b10100110010111 F
b1001111111101110 4
b1001111111101110 K
b1110101000101000 2
b1110101000101000 U
1'
b1011000111101111 $
b1011000111101111 -
b1011000111101111 8
b1011000111101111 =
b1011000111101111 B
b1011000111101111 G
b1011000111101111 L
b1011000111101111 Q
b1011000111101111 V
b1011000111101111 [
b1011000111101111 )
b10 "
b10 ,
b10 *
b0 &
b0 .
b0 9
b0 C
b0 H
b0 R
b0 +
1#
#6840
0#
#6850
b1011000111101111 !
b1011000111101111 1
b1011000111101111 4
b1011000111101111 K
0I
b1011000111101111 (
b1011000111101111 J
0'
1#
#6860
0#
#6870
1I
1'
b1001101101001010 $
b1001101101001010 -
b1001101101001010 8
b1001101101001010 =
b1001101101001010 B
b1001101101001010 G
b1001101101001010 L
b1001101101001010 Q
b1001101101001010 V
b1001101101001010 [
b1001101101001010 )
b11 &
b11 .
b11 9
b11 C
b11 H
b11 R
b11 +
1#
#6880
0#
#6890
b1001101101001010 !
b1001101101001010 1
b1001101101001010 4
b1001101101001010 K
0I
b1001101101001010 (
b1001101101001010 J
0'
1#
#6900
0#
#6910
b100100011110001 !
b100100011110001 1
1\
b11101111 7
b11101111 <
b10010111 5
b10010111 F
b1001010 4
b1001010 K
b101000 2
b101000 U
1'
b11010100010011 $
b11010100010011 -
b11010100010011 8
b11010100010011 =
b11010100010011 B
b11010100010011 G
b11010100010011 L
b11010100010011 Q
b11010100010011 V
b11010100010011 [
b11010100010011 )
b100 "
b100 ,
b100 *
b1 &
b1 .
b1 9
b1 C
b1 H
b1 R
b1 +
1#
#6920
0#
#6930
b11010100010011 !
b11010100010011 1
b11010100010011 /
b11010100010011 ]
0\
b11010100010011 (
b11010100010011 ^
0'
1#
#6940
0#
#6950
b111000111110000 !
b111000111110000 1
1?
1'
b11101010110111 $
b11101010110111 -
b11101010110111 8
b11101010110111 =
b11101010110111 B
b11101010110111 G
b11101010110111 L
b11101010110111 Q
b11101010110111 V
b11101010110111 [
b11101010110111 )
b101 "
b101 ,
b101 *
1#
#6960
0#
#6970
b11101010110111 !
b11101010110111 1
b11101010110111 6
b11101010110111 A
0?
b11101010110111 (
b11101010110111 @
0'
1#
#6980
0#
#6990
1:
b11101111 !
b11101111 1
1'
b11101001110001 $
b11101001110001 -
b11101001110001 8
b11101001110001 =
b11101001110001 B
b11101001110001 G
b11101001110001 L
b11101001110001 Q
b11101001110001 V
b11101001110001 [
b11101001110001 )
b0 "
b0 ,
b0 *
1#
#7000
0#
#7010
b1110001 !
b1110001 1
b1110001 7
b1110001 <
0:
b1110001 (
b111011001110001 ;
0'
1#
#7020
0#
#7030
1S
b1110101000000000 !
b1110101000000000 1
b111011000000000 7
b111011000000000 <
b10100100000000 5
b10100100000000 F
b1001101100000000 4
b1001101100000000 K
b1110101000000000 2
b1110101000000000 U
1'
b1101110100101010 $
b1101110100101010 -
b1101110100101010 8
b1101110100101010 =
b1101110100101010 B
b1101110100101010 G
b1101110100101010 L
b1101110100101010 Q
b1101110100101010 V
b1101110100101010 [
b1101110100101010 )
b11 "
b11 ,
b11 *
b10 &
b10 .
b10 9
b10 C
b10 H
b10 R
b10 +
1#
#7040
0#
#7050
b1101110100000000 !
b1101110100000000 1
b1101110100000000 2
b1101110100000000 U
0S
b1101110100000000 (
b1101110100101000 T
0'
1#
#7060
0#
#7070
b11101010110111 !
b11101010110111 1
1?
b1110001 7
b1110001 <
b10010111 5
b10010111 F
b1001010 4
b1001010 K
b101000 2
b101000 U
1'
b1010001111100101 $
b1010001111100101 -
b1010001111100101 8
b1010001111100101 =
b1010001111100101 B
b1010001111100101 G
b1010001111100101 L
b1010001111100101 Q
b1010001111100101 V
b1010001111100101 [
b1010001111100101 )
b101 "
b101 ,
b101 *
b1 &
b1 .
b1 9
b1 C
b1 H
b1 R
b1 +
1#
#7080
0#
#7090
b1010001111100101 !
b1010001111100101 1
b1010001111100101 6
b1010001111100101 A
0?
b1010001111100101 (
b1010001111100101 @
0'
1#
#7100
0#
#7110
b101000 !
b101000 1
1S
1'
b1100110001000001 $
b1100110001000001 -
b1100110001000001 8
b1100110001000001 =
b1100110001000001 B
b1100110001000001 G
b1100110001000001 L
b1100110001000001 Q
b1100110001000001 V
b1100110001000001 [
b1100110001000001 )
b11 "
b11 ,
b11 *
1#
#7120
0#
#7130
b1000001 !
b1000001 1
b1000001 2
b1000001 U
0S
b1000001 (
b1101110101000001 T
0'
1#
#7140
0#
#7150
b1101110101000001 !
b1101110101000001 1
1S
b111011001110001 7
b111011001110001 <
b10100110010111 5
b10100110010111 F
b1001101101001010 4
b1001101101001010 K
b1101110101000001 2
b1101110101000001 U
1'
b1110100011001101 $
b1110100011001101 -
b1110100011001101 8
b1110100011001101 =
b1110100011001101 B
b1110100011001101 G
b1110100011001101 L
b1110100011001101 Q
b1110100011001101 V
b1110100011001101 [
b1110100011001101 )
b11 &
b11 .
b11 9
b11 C
b11 H
b11 R
b11 +
1#
#7160
0#
#7170
b1110100011001101 !
b1110100011001101 1
b1110100011001101 2
b1110100011001101 U
0S
b1110100011001101 (
b1110100011001101 T
0'
1#
#7180
0#
#7190
1:
b111011001110001 !
b111011001110001 1
1'
b10000010100010 $
b10000010100010 -
b10000010100010 8
b10000010100010 =
b10000010100010 B
b10000010100010 G
b10000010100010 L
b10000010100010 Q
b10000010100010 V
b10000010100010 [
b10000010100010 )
b0 "
b0 ,
b0 *
b0 &
b0 .
b0 9
b0 C
b0 H
b0 R
b0 +
1#
#7200
0#
#7210
b10000010100010 !
b10000010100010 1
b10000010100010 7
b10000010100010 <
0:
b10000010100010 (
b10000010100010 ;
0'
1#
#7220
0#
#7230
1D
b10010111 !
b10010111 1
b10100010 7
b10100010 <
b10010111 5
b10010111 F
b1001010 4
b1001010 K
b11001101 2
b11001101 U
1'
b100011111011100 $
b100011111011100 -
b100011111011100 8
b100011111011100 =
b100011111011100 B
b100011111011100 G
b100011111011100 L
b100011111011100 Q
b100011111011100 V
b100011111011100 [
b100011111011100 )
b1 "
b1 ,
b1 *
b1 &
b1 .
b1 9
b1 C
b1 H
b1 R
b1 +
1#
#7240
0#
#7250
b11011100 !
b11011100 1
b11011100 5
b11011100 F
0D
b11011100 (
b10100111011100 E
0'
1#
#7260
0#
#7270
b10100111011100 !
b10100111011100 1
1D
b10000010100010 7
b10000010100010 <
b10100111011100 5
b10100111011100 F
b1001101101001010 4
b1001101101001010 K
b1110100011001101 2
b1110100011001101 U
1'
b101100000100101 $
b101100000100101 -
b101100000100101 8
b101100000100101 =
b101100000100101 B
b101100000100101 G
b101100000100101 L
b101100000100101 Q
b101100000100101 V
b101100000100101 [
b101100000100101 )
b0 &
b0 .
b0 9
b0 C
b0 H
b0 R
b0 +
1#
#7280
0#
#7290
b101100000100101 !
b101100000100101 1
b101100000100101 5
b101100000100101 F
0D
b101100000100101 (
b101100000100101 E
0'
1#
#7300
0#
#7310
b1000001000101010 !
b1000001000101010 1
1N
1'
b1100111001011100 $
b1100111001011100 -
b1100111001011100 8
b1100111001011100 =
b1100111001011100 B
b1100111001011100 G
b1100111001011100 L
b1100111001011100 Q
b1100111001011100 V
b1100111001011100 [
b1100111001011100 )
b111 "
b111 ,
b111 *
1#
#7320
0#
#7330
b1100111001011100 !
b1100111001011100 1
b1100111001011100 3
b1100111001011100 P
0N
b1100111001011100 (
b1100111001011100 O
0'
1#
#7340
0#
#7350
b1010001111100101 !
b1010001111100101 1
1?
1'
b10111001000 $
b10111001000 -
b10111001000 8
b10111001000 =
b10111001000 B
b10111001000 G
b10111001000 L
b10111001000 Q
b10111001000 V
b10111001000 [
b10111001000 )
b101 "
b101 ,
b101 *
b11 &
b11 .
b11 9
b11 C
b11 H
b11 R
b11 +
1#
#7360
0#
#7370
b10111001000 !
b10111001000 1
b10111001000 6
b10111001000 A
0?
b10111001000 (
b10111001000 @
0'
1#
#7380
0#
#7390
1:
b10000010100010 !
b10000010100010 1
1'
b1001010001110011 $
b1001010001110011 -
b1001010001110011 8
b1001010001110011 =
b1001010001110011 B
b1001010001110011 G
b1001010001110011 L
b1001010001110011 Q
b1001010001110011 V
b1001010001110011 [
b1001010001110011 )
b0 "
b0 ,
b0 *
1#
#7400
0#
#7410
b1001010001110011 !
b1001010001110011 1
b1001010001110011 7
b1001010001110011 <
0:
b1001010001110011 (
b1001010001110011 ;
0'
1#
#7420
0#
#7430
1S
b1110100011001101 !
b1110100011001101 1
1'
b110000111010100 $
b110000111010100 -
b110000111010100 8
b110000111010100 =
b110000111010100 B
b110000111010100 G
b110000111010100 L
b110000111010100 Q
b110000111010100 V
b110000111010100 [
b110000111010100 )
b11 "
b11 ,
b11 *
b0 &
b0 .
b0 9
b0 C
b0 H
b0 R
b0 +
1#
#7440
0#
#7450
b110000111010100 !
b110000111010100 1
b110000111010100 2
b110000111010100 U
0S
b110000111010100 (
b110000111010100 T
0'
1#
#7460
0#
#7470
b1101110011100010 !
b1101110011100010 1
1X
b1110011 7
b1110011 <
b100101 5
b100101 F
b1001010 4
b1001010 K
b11010100 2
b11010100 U
1'
b1100000010110011 $
b1100000010110011 -
b1100000010110011 8
b1100000010110011 =
b1100000010110011 B
b1100000010110011 G
b1100000010110011 L
b1100000010110011 Q
b1100000010110011 V
b1100000010110011 [
b1100000010110011 )
b110 "
b110 ,
b110 *
b1 &
b1 .
b1 9
b1 C
b1 H
b1 R
b1 +
1#
#7480
0#
#7490
b1100000010110011 !
b1100000010110011 1
b1100000010110011 0
b1100000010110011 Y
0X
b1100000010110011 (
b1100000010110011 Z
0'
1#
#7500
0#
#7510
b101100000100101 !
b101100000100101 1
1D
b1001010001110011 7
b1001010001110011 <
b101100000100101 5
b101100000100101 F
b1001101101001010 4
b1001101101001010 K
b110000111010100 2
b110000111010100 U
1'
b1111000100001100 $
b1111000100001100 -
b1111000100001100 8
b1111000100001100 =
b1111000100001100 B
b1111000100001100 G
b1111000100001100 L
b1111000100001100 Q
b1111000100001100 V
b1111000100001100 [
b1111000100001100 )
b1 "
b1 ,
b1 *
b0 &
b0 .
b0 9
b0 C
b0 H
b0 R
b0 +
1#
#7520
0#
#7530
b1111000100001100 !
b1111000100001100 1
b1111000100001100 5
b1111000100001100 F
0D
b1111000100001100 (
b1111000100001100 E
0'
1#
#7540
0#
#7550
b11010100010011 !
b11010100010011 1
1\
b1110011 7
b1110011 <
b1100 5
b1100 F
b1001010 4
b1001010 K
b11010100 2
b11010100 U
1'
b1011111000010101 $
b1011111000010101 -
b1011111000010101 8
b1011111000010101 =
b1011111000010101 B
b1011111000010101 G
b1011111000010101 L
b1011111000010101 Q
b1011111000010101 V
b1011111000010101 [
b1011111000010101 )
b100 "
b100 ,
b100 *
b1 &
b1 .
b1 9
b1 C
b1 H
b1 R
b1 +
1#
#7560
0#
#7570
b1011111000010101 !
b1011111000010101 1
b1011111000010101 /
b1011111000010101 ]
0\
b1011111000010101 (
b1011111000010101 ^
0'
1#
#7580
0#
#7590
b10111001000 !
b10111001000 1
1?
1'
b10100100000010 $
b10100100000010 -
b10100100000010 8
b10100100000010 =
b10100100000010 B
b10100100000010 G
b10100100000010 L
b10100100000010 Q
b10100100000010 V
b10100100000010 [
b10100100000010 )
b101 "
b101 ,
b101 *
1#
#7600
0#
#7610
b10100100000010 !
b10100100000010 1
b10100100000010 6
b10100100000010 A
0?
b10100100000010 (
b10100100000010 @
0'
1#
#7620
0#
#7630
1:
b1001010001110011 !
b1001010001110011 1
b1001010001110011 7
b1001010001110011 <
b1111000100001100 5
b1111000100001100 F
b1001101101001010 4
b1001101101001010 K
b110000111010100 2
b110000111010100 U
1'
b101001110001101 $
b101001110001101 -
b101001110001101 8
b101001110001101 =
b101001110001101 B
b101001110001101 G
b101001110001101 L
b101001110001101 Q
b101001110001101 V
b101001110001101 [
b101001110001101 )
b0 "
b0 ,
b0 *
b0 &
b0 .
b0 9
b0 C
b0 H
b0 R
b0 +
1#
#7640
0#
#7650
b101001110001101 !
b101001110001101 1
b101001110001101 7
b101001110001101 <
0:
b101001110001101 (
b101001110001101 ;
0'
1#
#7660
0#
#7670
1N
b1100111001011100 !
b1100111001011100 1
1'
b100110010000 $
b100110010000 -
b100110010000 8
b100110010000 =
b100110010000 B
b100110010000 G
b100110010000 L
b100110010000 Q
b100110010000 V
b100110010000 [
b100110010000 )
b111 "
b111 ,
b111 *
b11 &
b11 .
b11 9
b11 C
b11 H
b11 R
b11 +
1#
#7680
0#
#7690
b100110010000 !
b100110010000 1
b100110010000 3
b100110010000 P
0N
b100110010000 (
b100110010000 O
0'
1#
#7700
0#
#7710
b1100 !
b1100 1
1D
b10001101 7
b10001101 <
b1100 5
b1100 F
b1001010 4
b1001010 K
b11010100 2
b11010100 U
1'
b1011110101111011 $
b1011110101111011 -
b1011110101111011 8
b1011110101111011 =
b1011110101111011 B
b1011110101111011 G
b1011110101111011 L
b1011110101111011 Q
b1011110101111011 V
b1011110101111011 [
b1011110101111011 )
b1 "
b1 ,
b1 *
b1 &
b1 .
b1 9
b1 C
b1 H
b1 R
b1 +
1#
#7720
0#
#7730
b1111011 !
b1111011 1
b1111011 5
b1111011 F
0D
b1111011 (
b1111000101111011 E
0'
1#
#7740
0#
#7750
b1011111000010101 !
b1011111000010101 1
1\
b101001110001101 7
b101001110001101 <
b1111000101111011 5
b1111000101111011 F
b1001101101001010 4
b1001101101001010 K
b110000111010100 2
b110000111010100 U
1'
b1011011000001101 $
b1011011000001101 -
b1011011000001101 8
b1011011000001101 =
b1011011000001101 B
b1011011000001101 G
b1011011000001101 L
b1011011000001101 Q
b1011011000001101 V
b1011011000001101 [
b1011011000001101 )
b100 "
b100 ,
b100 *
b0 &
b0 .
b0 9
b0 C
b0 H
b0 R
b0 +
1#
#7760
0#
#7770
b1011011000001101 !
b1011011000001101 1
b1011011000001101 /
b1011011000001101 ]
0\
b1011011000001101 (
b1011011000001101 ^
0'
1#
#7780
0#
#7790
1\
1'
b1101100000101001 $
b1101100000101001 -
b1101100000101001 8
b1101100000101001 =
b1101100000101001 B
b1101100000101001 G
b1101100000101001 L
b1101100000101001 Q
b1101100000101001 V
b1101100000101001 [
b1101100000101001 )
1#
#7800
0#
#7810
b1101100000101001 !
b1101100000101001 1
b1101100000101001 /
b1101100000101001 ]
0\
b1101100000101001 (
b1101100000101001 ^
0'
1#
#7820
0#
#7830
1:
b101001110001101 !
b101001110001101 1
1'
b10110111000000 $
b10110111000000 -
b10110111000000 8
b10110111000000 =
b10110111000000 B
b10110111000000 G
b10110111000000 L
b10110111000000 Q
b10110111000000 V
b10110111000000 [
b10110111000000 )
b0 "
b0 ,
b0 *
1#
#7840
0#
#7850
b10110111000000 !
b10110111000000 1
b10110111000000 7
b10110111000000 <
0:
b10110111000000 (
b10110111000000 ;
0'
1#
#7860
0#
#7870
1I
b1001101101001010 !
b1001101101001010 1
1'
b11111101001101 $
b11111101001101 -
b11111101001101 8
b11111101001101 =
b11111101001101 B
b11111101001101 G
b11111101001101 L
b11111101001101 Q
b11111101001101 V
b11111101001101 [
b11111101001101 )
b10 "
b10 ,
b10 *
1#
#7880
0#
#7890
b11111101001101 !
b11111101001101 1
b11111101001101 4
b11111101001101 K
0I
b11111101001101 (
b11111101001101 J
0'
1#
#7900
0#
#7910
b100110010000 !
b100110010000 1
1N
b11000000 7
b11000000 <
b1111011 5
b1111011 F
b1001101 4
b1001101 K
b11010100 2
b11010100 U
1'
b1100110001011101 $
b1100110001011101 -
b1100110001011101 8
b1100110001011101 =
b1100110001011101 B
b1100110001011101 G
b1100110001011101 L
b1100110001011101 Q
b1100110001011101 V
b1100110001011101 [
b1100110001011101 )
b111 "
b111 ,
b111 *
b1 &
b1 .
b1 9
b1 C
b1 H
b1 R
b1 +
1#
#7920
0#
#7930
b1100110001011101 !
b1100110001011101 1
b1100110001011101 3
b1100110001011101 P
0N
b1100110001011101 (
b1100110001011101 O
0'
1#
#7940
0#
#7950
b1111000101111011 !
b1111000101111011 1
1D
b10110111000000 7
b10110111000000 <
b1111000101111011 5
b1111000101111011 F
b11111101001101 4
b11111101001101 K
b110000111010100 2
b110000111010100 U
1'
b110010110111100 $
b110010110111100 -
b110010110111100 8
b110010110111100 =
b110010110111100 B
b110010110111100 G
b110010110111100 L
b110010110111100 Q
b110010110111100 V
b110010110111100 [
b110010110111100 )
b1 "
b1 ,
b1 *
b0 &
b0 .
b0 9
b0 C
b0 H
b0 R
b0 +
1#
#7960
0#
#7970
b110010110111100 !
b110010110111100 1
b110010110111100 5
b110010110111100 F
0D
b110010110111100 (
b110010110111100 E
0'
1#
#7980
0#
#7990
b11111101001101 !
b11111101001101 1
1I
1'
b11011111010 $
b11011111010 -
b11011111010 8
b11011111010 =
b11011111010 B
b11011111010 G
b11011111010 L
b11011111010 Q
b11011111010 V
b11011111010 [
b11011111010 )
b10 "
b10 ,
b10 *
1#
#8000
0#
#8010
b11011111010 !
b11011111010 1
b11011111010 4
b11011111010 K
0I
b11011111010 (
b11011111010 J
0'
1#
#8020
0#
#8030
1:
b10110100000000 !
b10110100000000 1
b10110100000000 7
b10110100000000 <
b110010100000000 5
b110010100000000 F
b11000000000 4
b11000000000 K
b110000100000000 2
b110000100000000 U
1'
b1011110010010011 $
b1011110010010011 -
b1011110010010011 8
b1011110010010011 =
b1011110010010011 B
b1011110010010011 G
b1011110010010011 L
b1011110010010011 Q
b1011110010010011 V
b1011110010010011 [
b1011110010010011 )
b0 "
b0 ,
b0 *
b10 &
b10 .
b10 9
b10 C
b10 H
b10 R
b10 +
1#
#8040
0#
#8050
b1011110000000000 !
b1011110000000000 1
b1011110000000000 7
b1011110000000000 <
0:
b1011110000000000 (
b1011110011000000 ;
0'
1#
#8060
0#
#8070
1X
b1100000010110011 !
b1100000010110011 1
b11000000 7
b11000000 <
b10111100 5
b10111100 F
b11111010 4
b11111010 K
b11010100 2
b11010100 U
1'
b1111000101000101 $
b1111000101000101 -
b1111000101000101 8
b1111000101000101 =
b1111000101000101 B
b1111000101000101 G
b1111000101000101 L
b1111000101000101 Q
b1111000101000101 V
b1111000101000101 [
b1111000101000101 )
b110 "
b110 ,
b110 *
b1 &
b1 .
b1 9
b1 C
b1 H
b1 R
b1 +
1#
#8080
0#
#8090
b1111000101000101 !
b1111000101000101 1
b1111000101000101 0
b1111000101000101 Y
0X
b1111000101000101 (
b1111000101000101 Z
0'
1#
#8100
0#
#8110
b110010110111100 !
b110010110111100 1
1D
b1011110011000000 7
b1011110011000000 <
b110010110111100 5
b110010110111100 F
b11011111010 4
b11011111010 K
b110000111010100 2
b110000111010100 U
1'
b1100111000100110 $
b1100111000100110 -
b1100111000100110 8
b1100111000100110 =
b1100111000100110 B
b1100111000100110 G
b1100111000100110 L
b1100111000100110 Q
b1100111000100110 V
b1100111000100110 [
b1100111000100110 )
b1 "
b1 ,
b1 *
b11 &
b11 .
b11 9
b11 C
b11 H
b11 R
b11 +
1#
#8120
0#
#8130
b1100111000100110 !
b1100111000100110 1
b1100111000100110 5
b1100111000100110 F
0D
b1100111000100110 (
b1100111000100110 E
0'
1#
#8140
0#
#8150
1:
b1011110011000000 !
b1011110011000000 1
1'
b1111010010010000 $
b1111010010010000 -
b1111010010010000 8
b1111010010010000 =
b1111010010010000 B
b1111010010010000 G
b1111010010010000 L
b1111010010010000 Q
b1111010010010000 V
b1111010010010000 [
b1111010010010000 )
b0 "
b0 ,
b0 *
b0 &
b0 .
b0 9
b0 C
b0 H
b0 R
b0 +
1#
#8160
0#
#8170
b1111010010010000 !
b1111010010010000 1
b1111010010010000 7
b1111010010010000 <
0:
b1111010010010000 (
b1111010010010000 ;
0'
1#
#8180
0#
#8190
1\
b1101100000101001 !
b1101100000101001 1
b1111010000000000 7
b1111010000000000 <
b1100111000000000 5
b1100111000000000 F
b11000000000 4
b11000000000 K
b110000100000000 2
b110000100000000 U
1'
b110011110111001 $
b110011110111001 -
b110011110111001 8
b110011110111001 =
b110011110111001 B
b110011110111001 G
b110011110111001 L
b110011110111001 Q
b110011110111001 V
b110011110111001 [
b110011110111001 )
b100 "
b100 ,
b100 *
b10 &
b10 .
b10 9
b10 C
b10 H
b10 R
b10 +
1#
#8200
0#
#8210
b110011110111001 !
b110011110111001 1
b110011110111001 /
b110011110111001 ]
0\
b110011110111001 (
b110011110111001 ^
0'
1#
#8220
0#
#8230
b1100110001011101 !
b1100110001011101 1
1N
b1111010010010000 7
b1111010010010000 <
b1100111000100110 5
b1100111000100110 F
b11011111010 4
b11011111010 K
b110000111010100 2
b110000111010100 U
1'
b110010101101111 $
b110010101101111 -
b110010101101111 8
b110010101101111 =
b110010101101111 B
b110010101101111 G
b110010101101111 L
b110010101101111 Q
b110010101101111 V
b110010101101111 [
b110010101101111 )
b111 "
b111 ,
b111 *
b11 &
b11 .
b11 9
b11 C
b11 H
b11 R
b11 +
1#
#8240
0#
#8250
b110010101101111 !
b110010101101111 1
b110010101101111 3
b110010101101111 P
0N
b110010101101111 (
b110010101101111 O
0'
1#
#8260
0#
#8270
b1100111000100110 !
b1100111000100110 1
1D
1'
b1010011110001101 $
b1010011110001101 -
b1010011110001101 8
b1010011110001101 =
b1010011110001101 B
b1010011110001101 G
b1010011110001101 L
b1010011110001101 Q
b1010011110001101 V
b1010011110001101 [
b1010011110001101 )
b1 "
b1 ,
b1 *
b0 &
b0 .
b0 9
b0 C
b0 H
b0 R
b0 +
1#
#8280
0#
#8290
b1010011110001101 !
b1010011110001101 1
b1010011110001101 5
b1010011110001101 F
0D
b1010011110001101 (
b1010011110001101 E
0'
1#
#8300
0#
#8310
b110010101101111 !
b110010101101111 1
1N
1'
b1111111011100 $
b1111111011100 -
b1111111011100 8
b1111111011100 =
b1111111011100 B
b1111111011100 G
b1111111011100 L
b1111111011100 Q
b1111111011100 V
b1111111011100 [
b1111111011100 )
b111 "
b111 ,
b111 *
b11 &
b11 .
b11 9
b11 C
b11 H
b11 R
b11 +
1#
#8320
0#
#8330
b1111111011100 !
b1111111011100 1
b1111111011100 3
b1111111011100 P
0N
b1111111011100 (
b1111111011100 O
0'
1#
#8340
0#
#8350
b110011110111001 !
b110011110111001 1
1\
1'
b11001110100101 $
b11001110100101 -
b11001110100101 8
b11001110100101 =
b11001110100101 B
b11001110100101 G
b11001110100101 L
b11001110100101 Q
b11001110100101 V
b11001110100101 [
b11001110100101 )
b100 "
b100 ,
b100 *
b0 &
b0 .
b0 9
b0 C
b0 H
b0 R
b0 +
1#
#8360
0#
#8370
b11001110100101 !
b11001110100101 1
b11001110100101 /
b11001110100101 ]
0\
b11001110100101 (
b11001110100101 ^
0'
1#
#8380
0#
#8390
b110000100000000 !
b110000100000000 1
1S
b1111010000000000 7
b1111010000000000 <
b1010011100000000 5
b1010011100000000 F
b11000000000 4
b11000000000 K
b110000100000000 2
b110000100000000 U
1'
b10110001011000 $
b10110001011000 -
b10110001011000 8
b10110001011000 =
b10110001011000 B
b10110001011000 G
b10110001011000 L
b10110001011000 Q
b10110001011000 V
b10110001011000 [
b10110001011000 )
b11 "
b11 ,
b11 *
b10 &
b10 .
b10 9
b10 C
b10 H
b10 R
b10 +
1#
#8400
0#
#8410
b10110000000000 !
b10110000000000 1
b10110000000000 2
b10110000000000 U
0S
b10110000000000 (
b10110011010100 T
0'
1#
#8420
0#
#8430
b10100100000010 !
b10100100000010 1
1?
b1111010010010000 7
b1111010010010000 <
b1010011110001101 5
b1010011110001101 F
b11011111010 4
b11011111010 K
b10110011010100 2
b10110011010100 U
1'
b100010100000110 $
b100010100000110 -
b100010100000110 8
b100010100000110 =
b100010100000110 B
b100010100000110 G
b100010100000110 L
b100010100000110 Q
b100010100000110 V
b100010100000110 [
b100010100000110 )
b101 "
b101 ,
b101 *
b0 &
b0 .
b0 9
b0 C
b0 H
b0 R
b0 +
1#
#8440
0#
#8450
b100010100000110 !
b100010100000110 1
b100010100000110 6
b100010100000110 A
0?
b100010100000110 (
b100010100000110 @
0'
1#
#8460
0#
#8470
b11001110100101 !
b11001110100101 1
1\
b1111010000000000 7
b1111010000000000 <
b1010011100000000 5
b1010011100000000 F
b11000000000 4
b11000000000 K
b10110000000000 2
b10110000000000 U
1'
b110011011000101 $
b110011011000101 -
b110011011000101 8
b110011011000101 =
b110011011000101 B
b110011011000101 G
b110011011000101 L
b110011011000101 Q
b110011011000101 V
b110011011000101 [
b110011011000101 )
b100 "
b100 ,
b100 *
b10 &
b10 .
b10 9
b10 C
b10 H
b10 R
b10 +
1#
#8480
0#
#8490
b110011011000101 !
b110011011000101 1
b110011011000101 /
b110011011000101 ]
0\
b110011011000101 (
b110011011000101 ^
0'
1#
#8500
0#
#8510
1\
1'
b1101010111000011 $
b1101010111000011 -
b1101010111000011 8
b1101010111000011 =
b1101010111000011 B
b1101010111000011 G
b1101010111000011 L
b1101010111000011 Q
b1101010111000011 V
b1101010111000011 [
b1101010111000011 )
1#
#8520
0#
#8530
b1101010111000011 !
b1101010111000011 1
b1101010111000011 /
b1101010111000011 ]
0\
b1101010111000011 (
b1101010111000011 ^
0'
1#
#8540
0#
#8550
1\
1'
b111011101001 $
b111011101001 -
b111011101001 8
b111011101001 =
b111011101001 B
b111011101001 G
b111011101001 L
b111011101001 Q
b111011101001 V
b111011101001 [
b111011101001 )
1#
#8560
0#
#8570
b111011101001 !
b111011101001 1
b111011101001 /
b111011101001 ]
0\
b111011101001 (
b111011101001 ^
0'
1#
#8580
0#
#8590
b1111111011100 !
b1111111011100 1
1N
b1111010010010000 7
b1111010010010000 <
b1010011110001101 5
b1010011110001101 F
b11011111010 4
b11011111010 K
b10110011010100 2
b10110011010100 U
1'
b1011100111111000 $
b1011100111111000 -
b1011100111111000 8
b1011100111111000 =
b1011100111111000 B
b1011100111111000 G
b1011100111111000 L
b1011100111111000 Q
b1011100111111000 V
b1011100111111000 [
b1011100111111000 )
b111 "
b111 ,
b111 *
b11 &
b11 .
b11 9
b11 C
b11 H
b11 R
b11 +
1#
#8600
0#
#8610
b1011100111111000 !
b1011100111111000 1
b1011100111111000 3
b1011100111111000 P
0N
b1011100111111000 (
b1011100111111000 O
0'
1#
#8620
0#
#8630
b1111000101000101 !
b1111000101000101 1
1X
b1111010000000000 7
b1111010000000000 <
b1010011100000000 5
b1010011100000000 F
b11000000000 4
b11000000000 K
b10110000000000 2
b10110000000000 U
1'
b111001101101111 $
b111001101101111 -
b111001101101111 8
b111001101101111 =
b111001101101111 B
b111001101101111 G
b111001101101111 L
b111001101101111 Q
b111001101101111 V
b111001101101111 [
b111001101101111 )
b110 "
b110 ,
b110 *
b10 &
b10 .
b10 9
b10 C
b10 H
b10 R
b10 +
1#
#8640
0#
#8650
b111001101101111 !
b111001101101111 1
b111001101101111 0
b111001101101111 Y
0X
b111001101101111 (
b111001101101111 Z
0'
1#
#8660
0#
#8670
b11011111010 !
b11011111010 1
1I
b1111010010010000 7
b1111010010010000 <
b1010011110001101 5
b1010011110001101 F
b11011111010 4
b11011111010 K
b10110011010100 2
b10110011010100 U
1'
b1100000101101000 $
b1100000101101000 -
b1100000101101000 8
b1100000101101000 =
b1100000101101000 B
b1100000101101000 G
b1100000101101000 L
b1100000101101000 Q
b1100000101101000 V
b1100000101101000 [
b1100000101101000 )
b10 "
b10 ,
b10 *
b11 &
b11 .
b11 9
b11 C
b11 H
b11 R
b11 +
1#
#8680
0#
#8690
b1100000101101000 !
b1100000101101000 1
b1100000101101000 4
b1100000101101000 K
0I
b1100000101101000 (
b1100000101101000 J
0'
1#
#8700
0#
#8710
b1011100111111000 !
b1011100111111000 1
1N
b10010000 7
b10010000 <
b10001101 5
b10001101 F
b1101000 4
b1101000 K
b11010100 2
b11010100 U
1'
b1000110110101011 $
b1000110110101011 -
b1000110110101011 8
b1000110110101011 =
b1000110110101011 B
b1000110110101011 G
b1000110110101011 L
b1000110110101011 Q
b1000110110101011 V
b1000110110101011 [
b1000110110101011 )
b111 "
b111 ,
b111 *
b1 &
b1 .
b1 9
b1 C
b1 H
b1 R
b1 +
1#
#8720
0#
#8730
b1000110110101011 !
b1000110110101011 1
b1000110110101011 3
b1000110110101011 P
0N
b1000110110101011 (
b1000110110101011 O
0'
1#
#8740
0#
#8750
b1100000101101000 !
b1100000101101000 1
1I
b1111010010010000 7
b1111010010010000 <
b1010011110001101 5
b1010011110001101 F
b1100000101101000 4
b1100000101101000 K
b10110011010100 2
b10110011010100 U
1'
b1101100101011101 $
b1101100101011101 -
b1101100101011101 8
b1101100101011101 =
b1101100101011101 B
b1101100101011101 G
b1101100101011101 L
b1101100101011101 Q
b1101100101011101 V
b1101100101011101 [
b1101100101011101 )
b10 "
b10 ,
b10 *
b11 &
b11 .
b11 9
b11 C
b11 H
b11 R
b11 +
1#
#8760
0#
#8770
b1101100101011101 !
b1101100101011101 1
b1101100101011101 4
b1101100101011101 K
0I
b1101100101011101 (
b1101100101011101 J
0'
1#
#8780
0#
#8790
1:
b1111010000000000 !
b1111010000000000 1
b1111010000000000 7
b1111010000000000 <
b1010011100000000 5
b1010011100000000 F
b1101100100000000 4
b1101100100000000 K
b10110000000000 2
b10110000000000 U
1'
b1010010101010111 $
b1010010101010111 -
b1010010101010111 8
b1010010101010111 =
b1010010101010111 B
b1010010101010111 G
b1010010101010111 L
b1010010101010111 Q
b1010010101010111 V
b1010010101010111 [
b1010010101010111 )
b0 "
b0 ,
b0 *
b10 &
b10 .
b10 9
b10 C
b10 H
b10 R
b10 +
1#
#8800
0#
#8810
b1010010100000000 !
b1010010100000000 1
b1010010100000000 7
b1010010100000000 <
0:
b1010010100000000 (
b1010010110010000 ;
0'
1#
#8820
0#
#8830
1\
b111011101001 !
b111011101001 1
1'
b10100001111001 $
b10100001111001 -
b10100001111001 8
b10100001111001 =
b10100001111001 B
b10100001111001 G
b10100001111001 L
b10100001111001 Q
b10100001111001 V
b10100001111001 [
b10100001111001 )
b100 "
b100 ,
b100 *
1#
#8840
0#
#8850
b10100001111001 !
b10100001111001 1
b10100001111001 /
b10100001111001 ]
0\
b10100001111001 (
b10100001111001 ^
0'
1#
#8860
0#
#8870
1:
b1010010110010000 !
b1010010110010000 1
b1010010110010000 7
b1010010110010000 <
b1010011110001101 5
b1010011110001101 F
b1101100101011101 4
b1101100101011101 K
b10110011010100 2
b10110011010100 U
1'
b1110110010101010 $
b1110110010101010 -
b1110110010101010 8
b1110110010101010 =
b1110110010101010 B
b1110110010101010 G
b1110110010101010 L
b1110110010101010 Q
b1110110010101010 V
b1110110010101010 [
b1110110010101010 )
b0 "
b0 ,
b0 *
b0 &
b0 .
b0 9
b0 C
b0 H
b0 R
b0 +
1#
#8880
0#
#8890
b1110110010101010 !
b1110110010101010 1
b1110110010101010 7
b1110110010101010 <
0:
b1110110010101010 (
b1110110010101010 ;
0'
1#
#8900
0#
#8910
1:
1'
b11011110001100 $
b11011110001100 -
b11011110001100 8
b11011110001100 =
b11011110001100 B
b11011110001100 G
b11011110001100 L
b11011110001100 Q
b11011110001100 V
b11011110001100 [
b11011110001100 )
1#
#8920
0#
#8930
b11011110001100 !
b11011110001100 1
b11011110001100 7
b11011110001100 <
0:
b11011110001100 (
b11011110001100 ;
0'
1#
#8940
0#
#8950
1N
b1000110110101011 !
b1000110110101011 1
b10001100 7
b10001100 <
b10001101 5
b10001101 F
b1011101 4
b1011101 K
b11010100 2
b11010100 U
1'
b10000110111100 $
b10000110111100 -
b10000110111100 8
b10000110111100 =
b10000110111100 B
b10000110111100 G
b10000110111100 L
b10000110111100 Q
b10000110111100 V
b10000110111100 [
b10000110111100 )
b111 "
b111 ,
b111 *
b1 &
b1 .
b1 9
b1 C
b1 H
b1 R
b1 +
1#
#8960
0#
#8970
b10000110111100 !
b10000110111100 1
b10000110111100 3
b10000110111100 P
0N
b10000110111100 (
b10000110111100 O
0'
1#
#8980
0#
#8990
b10100001111001 !
b10100001111001 1
1\
b11011110001100 7
b11011110001100 <
b1010011110001101 5
b1010011110001101 F
b1101100101011101 4
b1101100101011101 K
b10110011010100 2
b10110011010100 U
1'
b10011000001 $
b10011000001 -
b10011000001 8
b10011000001 =
b10011000001 B
b10011000001 G
b10011000001 L
b10011000001 Q
b10011000001 V
b10011000001 [
b10011000001 )
b100 "
b100 ,
b100 *
b0 &
b0 .
b0 9
b0 C
b0 H
b0 R
b0 +
1#
#9000
0#
#9010
b10011000001 !
b10011000001 1
b10011000001 /
b10011000001 ]
0\
b10011000001 (
b10011000001 ^
0'
1#
#9020
0#
#9030
b111001101101111 !
b111001101101111 1
1X
1'
b10111010001001 $
b10111010001001 -
b10111010001001 8
b10111010001001 =
b10111010001001 B
b10111010001001 G
b10111010001001 L
b10111010001001 Q
b10111010001001 V
b10111010001001 [
b10111010001001 )
b110 "
b110 ,
b110 *
b11 &
b11 .
b11 9
b11 C
b11 H
b11 R
b11 +
1#
#9040
0#
#9050
b10111010001001 !
b10111010001001 1
b10111010001001 0
b10111010001001 Y
0X
b10111010001001 (
b10111010001001 Z
0'
1#
#9060
0#
#9070
b1101100101011101 !
b1101100101011101 1
1I
1'
b10101010110000 $
b10101010110000 -
b10101010110000 8
b10101010110000 =
b10101010110000 B
b10101010110000 G
b10101010110000 L
b10101010110000 Q
b10101010110000 V
b10101010110000 [
b10101010110000 )
b10 "
b10 ,
b10 *
1#
#9080
0#
#9090
b10101010110000 !
b10101010110000 1
b10101010110000 4
b10101010110000 K
0I
b10101010110000 (
b10101010110000 J
0'
1#
#9100
0#
#9110
b10110011010100 !
b10110011010100 1
1S
1'
b1100110010000010 $
b1100110010000010 -
b1100110010000010 8
b1100110010000010 =
b1100110010000010 B
b1100110010000010 G
b1100110010000010 L
b1100110010000010 Q
b1100110010000010 V
b1100110010000010 [
b1100110010000010 )
b11 "
b11 ,
b11 *
1#
#9120
0#
#9130
b1100110010000010 !
b1100110010000010 1
b1100110010000010 2
b1100110010000010 U
0S
b1100110010000010 (
b1100110010000010 T
0'
1#
#9140
0#
#9150
b100010100000110 !
b100010100000110 1
1?
b11011100000000 7
b11011100000000 <
b1010011100000000 5
b1010011100000000 F
b10101000000000 4
b10101000000000 K
b1100110000000000 2
b1100110000000000 U
1'
b10011010111 $
b10011010111 -
b10011010111 8
b10011010111 =
b10011010111 B
b10011010111 G
b10011010111 L
b10011010111 Q
b10011010111 V
b10011010111 [
b10011010111 )
b101 "
b101 ,
b101 *
b10 &
b10 .
b10 9
b10 C
b10 H
b10 R
b10 +
1#
#9160
0#
#9170
b10011010111 !
b10011010111 1
b10011010111 6
b10011010111 A
0?
b10011010111 (
b10011010111 @
0'
1#
#9180
0#
#9190
b1100110000000000 !
b1100110000000000 1
1S
1'
b1110111001101 $
b1110111001101 -
b1110111001101 8
b1110111001101 =
b1110111001101 B
b1110111001101 G
b1110111001101 L
b1110111001101 Q
b1110111001101 V
b1110111001101 [
b1110111001101 )
b11 "
b11 ,
b11 *
1#
#9200
0#
#9210
b1110100000000 !
b1110100000000 1
b1110100000000 2
b1110100000000 U
0S
b1110100000000 (
b1110110000010 T
0'
1#
#9220
0#
#9230
b10011000001 !
b10011000001 1
1\
b10001100 7
b10001100 <
b10001101 5
b10001101 F
b10110000 4
b10110000 K
b10000010 2
b10000010 U
1'
b1100011110011000 $
b1100011110011000 -
b1100011110011000 8
b1100011110011000 =
b1100011110011000 B
b1100011110011000 G
b1100011110011000 L
b1100011110011000 Q
b1100011110011000 V
b1100011110011000 [
b1100011110011000 )
b100 "
b100 ,
b100 *
b1 &
b1 .
b1 9
b1 C
b1 H
b1 R
b1 +
1#
#9240
0#
#9250
b1100011110011000 !
b1100011110011000 1
b1100011110011000 /
b1100011110011000 ]
0\
b1100011110011000 (
b1100011110011000 ^
0'
1#
#9260
0#
#9270
1:
b11011110001100 !
b11011110001100 1
b11011110001100 7
b11011110001100 <
b1010011110001101 5
b1010011110001101 F
b10101010110000 4
b10101010110000 K
b1110110000010 2
b1110110000010 U
1'
b100101001100101 $
b100101001100101 -
b100101001100101 8
b100101001100101 =
b100101001100101 B
b100101001100101 G
b100101001100101 L
b100101001100101 Q
b100101001100101 V
b100101001100101 [
b100101001100101 )
b0 "
b0 ,
b0 *
b0 &
b0 .
b0 9
b0 C
b0 H
b0 R
b0 +
1#
#9280
0#
#9290
b100101001100101 !
b100101001100101 1
b100101001100101 7
b100101001100101 <
0:
b100101001100101 (
b100101001100101 ;
0'
1#
#9300
0#
#9310
1:
1'
b1001111011111110 $
b1001111011111110 -
b1001111011111110 8
b1001111011111110 =
b1001111011111110 B
b1001111011111110 G
b1001111011111110 L
b1001111011111110 Q
b1001111011111110 V
b1001111011111110 [
b1001111011111110 )
b11 &
b11 .
b11 9
b11 C
b11 H
b11 R
b11 +
1#
#9320
0#
#9330
b1001111011111110 !
b1001111011111110 1
b1001111011111110 7
b1001111011111110 <
0:
b1001111011111110 (
b1001111011111110 ;
0'
1#
#9340
0#
#9350
b11111110 !
b11111110 1
1:
b11111110 7
b11111110 <
b10001101 5
b10001101 F
b10110000 4
b10110000 K
b10000010 2
b10000010 U
1'
b11010011101000 $
b11010011101000 -
b11010011101000 8
b11010011101000 =
b11010011101000 B
b11010011101000 G
b11010011101000 L
b11010011101000 Q
b11010011101000 V
b11010011101000 [
b11010011101000 )
b1 &
b1 .
b1 9
b1 C
b1 H
b1 R
b1 +
1#
#9360
0#
#9370
b11101000 !
b11101000 1
b11101000 7
b11101000 <
0:
b11101000 (
b1001111011101000 ;
0'
1#
#9380
0#
#9390
1X
b10111010001001 !
b10111010001001 1
b1001111011101000 7
b1001111011101000 <
b1010011110001101 5
b1010011110001101 F
b10101010110000 4
b10101010110000 K
b1110110000010 2
b1110110000010 U
1'
b1101110000000110 $
b1101110000000110 -
b1101110000000110 8
b1101110000000110 =
b1101110000000110 B
b1101110000000110 G
b1101110000000110 L
b1101110000000110 Q
b1101110000000110 V
b1101110000000110 [
b1101110000000110 )
b110 "
b110 ,
b110 *
b0 &
b0 .
b0 9
b0 C
b0 H
b0 R
b0 +
1#
#9400
0#
#9410
b1101110000000110 !
b1101110000000110 1
b1101110000000110 0
b1101110000000110 Y
0X
b1101110000000110 (
b1101110000000110 Z
0'
1#
#9420
0#
#9430
b1010011100000000 !
b1010011100000000 1
1D
b1001111000000000 7
b1001111000000000 <
b1010011100000000 5
b1010011100000000 F
b10101000000000 4
b10101000000000 K
b1110100000000 2
b1110100000000 U
1'
b11000101 $
b11000101 -
b11000101 8
b11000101 =
b11000101 B
b11000101 G
b11000101 L
b11000101 Q
b11000101 V
b11000101 [
b11000101 )
b1 "
b1 ,
b1 *
b10 &
b10 .
b10 9
b10 C
b10 H
b10 R
b10 +
1#
#9440
0#
#9450
b0 !
b0 1
b0 5
b0 F
0D
b0 (
b10001101 E
0'
1#
#9460
0#
#9470
b1100011110011000 !
b1100011110011000 1
1\
1'
b100111110011 $
b100111110011 -
b100111110011 8
b100111110011 =
b100111110011 B
b100111110011 G
b100111110011 L
b100111110011 Q
b100111110011 V
b100111110011 [
b100111110011 )
b100 "
b100 ,
b100 *
1#
#9480
0#
#9490
b100111110011 !
b100111110011 1
b100111110011 /
b100111110011 ]
0\
b100111110011 (
b100111110011 ^
0'
1#
#9500
0#
#9510
b10001101 !
b10001101 1
1D
b1001111011101000 7
b1001111011101000 <
b10001101 5
b10001101 F
b10101010110000 4
b10101010110000 K
b1110110000010 2
b1110110000010 U
1'
b1011111100010111 $
b1011111100010111 -
b1011111100010111 8
b1011111100010111 =
b1011111100010111 B
b1011111100010111 G
b1011111100010111 L
b1011111100010111 Q
b1011111100010111 V
b1011111100010111 [
b1011111100010111 )
b1 "
b1 ,
b1 *
b11 &
b11 .
b11 9
b11 C
b11 H
b11 R
b11 +
1#
#9520
0#
#9530
b1011111100010111 !
b1011111100010111 1
b1011111100010111 5
b1011111100010111 F
0D
b1011111100010111 (
b1011111100010111 E
0'
1#
#9540
0#
#9550
1:
b1001111011101000 !
b1001111011101000 1
1'
b10100101010 $
b10100101010 -
b10100101010 8
b10100101010 =
b10100101010 B
b10100101010 G
b10100101010 L
b10100101010 Q
b10100101010 V
b10100101010 [
b10100101010 )
b0 "
b0 ,
b0 *
1#
#9560
0#
#9570
b10100101010 !
b10100101010 1
b10100101010 7
b10100101010 <
0:
b10100101010 (
b10100101010 ;
0'
1#
#9580
0#
#9590
1S
b1110100000000 !
b1110100000000 1
b10100000000 7
b10100000000 <
b1011111100000000 5
b1011111100000000 F
b10101000000000 4
b10101000000000 K
b1110100000000 2
b1110100000000 U
1'
b1000011001011 $
b1000011001011 -
b1000011001011 8
b1000011001011 =
b1000011001011 B
b1000011001011 G
b1000011001011 L
b1000011001011 Q
b1000011001011 V
b1000011001011 [
b1000011001011 )
b11 "
b11 ,
b11 *
b10 &
b10 .
b10 9
b10 C
b10 H
b10 R
b10 +
1#
#9600
0#
#9610
b1000000000000 !
b1000000000000 1
b1000000000000 2
b1000000000000 U
0S
b1000000000000 (
b1000010000010 T
0'
1#
#9620
0#
#9630
b100111110011 !
b100111110011 1
1\
b10100101010 7
b10100101010 <
b1011111100010111 5
b1011111100010111 F
b10101010110000 4
b10101010110000 K
b1000010000010 2
b1000010000010 U
1'
b11001011110100 $
b11001011110100 -
b11001011110100 8
b11001011110100 =
b11001011110100 B
b11001011110100 G
b11001011110100 L
b11001011110100 Q
b11001011110100 V
b11001011110100 [
b11001011110100 )
b100 "
b100 ,
b100 *
b11 &
b11 .
b11 9
b11 C
b11 H
b11 R
b11 +
1#
#9640
0#
#9650
b11001011110100 !
b11001011110100 1
b11001011110100 /
b11001011110100 ]
0\
b11001011110100 (
b11001011110100 ^
0'
1#
#9660
0#
#9670
b10000010 !
b10000010 1
1S
b101010 7
b101010 <
b10111 5
b10111 F
b10110000 4
b10110000 K
b10000010 2
b10000010 U
1'
b1011110110000101 $
b1011110110000101 -
b1011110110000101 8
b1011110110000101 =
b1011110110000101 B
b1011110110000101 G
b1011110110000101 L
b1011110110000101 Q
b1011110110000101 V
b1011110110000101 [
b1011110110000101 )
b11 "
b11 ,
b11 *
b1 &
b1 .
b1 9
b1 C
b1 H
b1 R
b1 +
1#
#9680
0#
#9690
b10000101 !
b10000101 1
b10000101 2
b10000101 U
0S
b10000101 (
b1000010000101 T
0'
1#
#9700
0#
#9710
1S
1'
b1000111001100000 $
b1000111001100000 -
b1000111001100000 8
b1000111001100000 =
b1000111001100000 B
b1000111001100000 G
b1000111001100000 L
b1000111001100000 Q
b1000111001100000 V
b1000111001100000 [
b1000111001100000 )
1#
#9720
0#
#9730
b1100000 !
b1100000 1
b1100000 2
b1100000 U
0S
b1100000 (
b1000001100000 T
0'
1#
#9740
0#
#9750
b11001011110100 !
b11001011110100 1
1\
b10100000000 7
b10100000000 <
b1011111100000000 5
b1011111100000000 F
b10101000000000 4
b10101000000000 K
b1000000000000 2
b1000000000000 U
1'
b101111100110111 $
b101111100110111 -
b101111100110111 8
b101111100110111 =
b101111100110111 B
b101111100110111 G
b101111100110111 L
b101111100110111 Q
b101111100110111 V
b101111100110111 [
b101111100110111 )
b100 "
b100 ,
b100 *
b10 &
b10 .
b10 9
b10 C
b10 H
b10 R
b10 +
1#
#9760
0#
#9770
b101111100110111 !
b101111100110111 1
b101111100110111 /
b101111100110111 ]
0\
b101111100110111 (
b101111100110111 ^
0'
1#
#9780
0#
#9790
b10011010111 !
b10011010111 1
1?
b10100101010 7
b10100101010 <
b1011111100010111 5
b1011111100010111 F
b10101010110000 4
b10101010110000 K
b1000001100000 2
b1000001100000 U
1'
b1101001000001110 $
b1101001000001110 -
b1101001000001110 8
b1101001000001110 =
b1101001000001110 B
b1101001000001110 G
b1101001000001110 L
b1101001000001110 Q
b1101001000001110 V
b1101001000001110 [
b1101001000001110 )
b101 "
b101 ,
b101 *
b0 &
b0 .
b0 9
b0 C
b0 H
b0 R
b0 +
1#
#9800
0#
#9810
b1101001000001110 !
b1101001000001110 1
b1101001000001110 6
b1101001000001110 A
0?
b1101001000001110 (
b1101001000001110 @
0'
1#
#9820
0#
#9830
b101111100110111 !
b101111100110111 1
1\
1'
b1111010111010000 $
b1111010111010000 -
b1111010111010000 8
b1111010111010000 =
b1111010111010000 B
b1111010111010000 G
b1111010111010000 L
b1111010111010000 Q
b1111010111010000 V
b1111010111010000 [
b1111010111010000 )
b100 "
b100 ,
b100 *
1#
#9840
0#
#9850
b1111010111010000 !
b1111010111010000 1
b1111010111010000 /
b1111010111010000 ]
0\
b1111010111010000 (
b1111010111010000 ^
0'
1#
#9860
0#
#9870
b1101001000001110 !
b1101001000001110 1
1?
1'
b1001000111111000 $
b1001000111111000 -
b1001000111111000 8
b1001000111111000 =
b1001000111111000 B
b1001000111111000 G
b1001000111111000 L
b1001000111111000 Q
b1001000111111000 V
b1001000111111000 [
b1001000111111000 )
b101 "
b101 ,
b101 *
1#
#9880
0#
#9890
b1001000111111000 !
b1001000111111000 1
b1001000111111000 6
b1001000111111000 A
0?
b1001000111111000 (
b1001000111111000 @
0'
1#
#9900
0#
#9910
1?
b101010 7
b101010 <
b10111 5
b10111 F
b10110000 4
b10110000 K
b1100000 2
b1100000 U
1'
b1000111110011000 $
b1000111110011000 -
b1000111110011000 8
b1000111110011000 =
b1000111110011000 B
b1000111110011000 G
b1000111110011000 L
b1000111110011000 Q
b1000111110011000 V
b1000111110011000 [
b1000111110011000 )
b1 &
b1 .
b1 9
b1 C
b1 H
b1 R
b1 +
1#
#9920
0#
#9930
b1000111110011000 !
b1000111110011000 1
b1000111110011000 6
b1000111110011000 A
0?
b1000111110011000 (
b1000111110011000 @
0'
1#
#9940
0#
#9950
b10101010110000 !
b10101010110000 1
1I
b10100101010 7
b10100101010 <
b1011111100010111 5
b1011111100010111 F
b10101010110000 4
b10101010110000 K
b1000001100000 2
b1000001100000 U
1'
b101101011111010 $
b101101011111010 -
b101101011111010 8
b101101011111010 =
b101101011111010 B
b101101011111010 G
b101101011111010 L
b101101011111010 Q
b101101011111010 V
b101101011111010 [
b101101011111010 )
b10 "
b10 ,
b10 *
b11 &
b11 .
b11 9
b11 C
b11 H
b11 R
b11 +
1#
#9960
0#
#9970
b101101011111010 !
b101101011111010 1
b101101011111010 4
b101101011111010 K
0I
b101101011111010 (
b101101011111010 J
0'
1#
#9980
0#
#9990
b10111 !
b10111 1
1D
b101010 7
b101010 <
b10111 5
b10111 F
b11111010 4
b11111010 K
b1100000 2
b1100000 U
1'
b1110100001101011 $
b1110100001101011 -
b1110100001101011 8
b1110100001101011 =
b1110100001101011 B
b1110100001101011 G
b1110100001101011 L
b1110100001101011 Q
b1110100001101011 V
b1110100001101011 [
b1110100001101011 )
b1 "
b1 ,
b1 *
b1 &
b1 .
b1 9
b1 C
b1 H
b1 R
b1 +
1#
#10000
0#
#10010
b1101011 !
b1101011 1
b1101011 5
b1101011 F
0D
b1101011 (
b1011111101101011 E
0'
1#
#10020
0#
#10030
1:
b101010 !
b101010 1
1'
b1101111100001100 $
b1101111100001100 -
b1101111100001100 8
b1101111100001100 =
b1101111100001100 B
b1101111100001100 G
b1101111100001100 L
b1101111100001100 Q
b1101111100001100 V
b1101111100001100 [
b1101111100001100 )
b0 "
b0 ,
b0 *
1#
#10040
0#
#10050
b1100 !
b1100 1
b1100 7
b1100 <
0:
b1100 (
b10100001100 ;
0'
1#
#10060
0#
#10070
1\
b1111010111010000 !
b1111010111010000 1
1'
b11101000000 $
b11101000000 -
b11101000000 8
b11101000000 =
b11101000000 B
b11101000000 G
b11101000000 L
b11101000000 Q
b11101000000 V
b11101000000 [
b11101000000 )
b100 "
b100 ,
b100 *
1#
#10080
0#
#10090
b11101000000 !
b11101000000 1
b11101000000 /
b11101000000 ]
0\
b11101000000 (
b11101000000 ^
0'
1#
#10100
0#
#10110
b1000111110011000 !
b1000111110011000 1
1?
b10100001100 7
b10100001100 <
b1011111101101011 5
b1011111101101011 F
b101101011111010 4
b101101011111010 K
b1000001100000 2
b1000001100000 U
1'
b1010000000 $
b1010000000 -
b1010000000 8
b1010000000 =
b1010000000 B
b1010000000 G
b1010000000 L
b1010000000 Q
b1010000000 V
b1010000000 [
b1010000000 )
b101 "
b101 ,
b101 *
b0 &
b0 .
b0 9
b0 C
b0 H
b0 R
b0 +
1#
#10120
0#
#10130
b1010000000 !
b1010000000 1
b1010000000 6
b1010000000 A
0?
b1010000000 (
b1010000000 @
0'
1#
#10140
0#
#10150
b1000001100000 !
b1000001100000 1
1S
1'
b1101111011101101 $
b1101111011101101 -
b1101111011101101 8
b1101111011101101 =
b1101111011101101 B
b1101111011101101 G
b1101111011101101 L
b1101111011101101 Q
b1101111011101101 V
b1101111011101101 [
b1101111011101101 )
b11 "
b11 ,
b11 *
b11 &
b11 .
b11 9
b11 C
b11 H
b11 R
b11 +
1#
#10160
0#
#10170
b1101111011101101 !
b1101111011101101 1
b1101111011101101 2
b1101111011101101 U
0S
b1101111011101101 (
b1101111011101101 T
0'
1#
#10180
0#
#10190
b1011111101101011 !
b1011111101101011 1
1D
1'
b110100100111 $
b110100100111 -
b110100100111 8
b110100100111 =
b110100100111 B
b110100100111 G
b110100100111 L
b110100100111 Q
b110100100111 V
b110100100111 [
b110100100111 )
b1 "
b1 ,
b1 *
b0 &
b0 .
b0 9
b0 C
b0 H
b0 R
b0 +
1#
#10200
0#
#10210
b110100100111 !
b110100100111 1
b110100100111 5
b110100100111 F
0D
b110100100111 (
b110100100111 E
0'
1#
#10220
0#
#10230
b11101000000 !
b11101000000 1
1\
1'
b1110101110101011 $
b1110101110101011 -
b1110101110101011 8
b1110101110101011 =
b1110101110101011 B
b1110101110101011 G
b1110101110101011 L
b1110101110101011 Q
b1110101110101011 V
b1110101110101011 [
b1110101110101011 )
b100 "
b100 ,
b100 *
b11 &
b11 .
b11 9
b11 C
b11 H
b11 R
b11 +
1#
#10240
0#
#10250
b1110101110101011 !
b1110101110101011 1
b1110101110101011 /
b1110101110101011 ]
0\
b1110101110101011 (
b1110101110101011 ^
0'
1#
#10260
0#
#10270
1\
1'
b1011110111001001 $
b1011110111001001 -
b1011110111001001 8
b1011110111001001 =
b1011110111001001 B
b1011110111001001 G
b1011110111001001 L
b1011110111001001 Q
b1011110111001001 V
b1011110111001001 [
b1011110111001001 )
b0 &
b0 .
b0 9
b0 C
b0 H
b0 R
b0 +
1#
#10280
0#
#10290
b1011110111001001 !
b1011110111001001 1
b1011110111001001 /
b1011110111001001 ]
0\
b1011110111001001 (
b1011110111001001 ^
0'
1#
#10300
0#
#10310
b101101011111010 !
b101101011111010 1
1I
1'
b1101011111001110 $
b1101011111001110 -
b1101011111001110 8
b1101011111001110 =
b1101011111001110 B
b1101011111001110 G
b1101011111001110 L
b1101011111001110 Q
b1101011111001110 V
b1101011111001110 [
b1101011111001110 )
b10 "
b10 ,
b10 *
b11 &
b11 .
b11 9
b11 C
b11 H
b11 R
b11 +
1#
#10320
0#
#10330
b1101011111001110 !
b1101011111001110 1
b1101011111001110 4
b1101011111001110 K
0I
b1101011111001110 (
b1101011111001110 J
0'
1#
#10340
0#
#10350
1:
b10100001100 !
b10100001100 1
1'
b110111111011011 $
b110111111011011 -
b110111111011011 8
b110111111011011 =
b110111111011011 B
b110111111011011 G
b110111111011011 L
b110111111011011 Q
b110111111011011 V
b110111111011011 [
b110111111011011 )
b0 "
b0 ,
b0 *
1#
#10360
0#
#10370
b110111111011011 !
b110111111011011 1
b110111111011011 7
b110111111011011 <
0:
b110111111011011 (
b110111111011011 ;
0'
1#
#10380
0#
#10390
1?
b1010000000 !
b1010000000 1
1'
b1110110110101 $
b1110110110101 -
b1110110110101 8
b1110110110101 =
b1110110110101 B
b1110110110101 G
b1110110110101 L
b1110110110101 Q
b1110110110101 V
b1110110110101 [
b1110110110101 )
b101 "
b101 ,
b101 *
b0 &
b0 .
b0 9
b0 C
b0 H
b0 R
b0 +
1#
#10400
0#
#10410
b1110110110101 !
b1110110110101 1
b1110110110101 6
b1110110110101 A
0?
b1110110110101 (
b1110110110101 @
0'
1#
#10420
0#
#10430
b1011110111001001 !
b1011110111001001 1
1\
b110111100000000 7
b110111100000000 <
b110100000000 5
b110100000000 F
b1101011100000000 4
b1101011100000000 K
b1101111000000000 2
b1101111000000000 U
1'
b11101010000010 $
b11101010000010 -
b11101010000010 8
b11101010000010 =
b11101010000010 B
b11101010000010 G
b11101010000010 L
b11101010000010 Q
b11101010000010 V
b11101010000010 [
b11101010000010 )
b100 "
b100 ,
b100 *
b10 &
b10 .
b10 9
b10 C
b10 H
b10 R
b10 +
1#
#10440
0#
#10450
b11101010000010 !
b11101010000010 1
b11101010000010 /
b11101010000010 ]
0\
b11101010000010 (
b11101010000010 ^
0'
1#
#10460
0#
#10470
b110100100111 !
b110100100111 1
1D
b110111111011011 7
b110111111011011 <
b110100100111 5
b110100100111 F
b1101011111001110 4
b1101011111001110 K
b1101111011101101 2
b1101111011101101 U
1'
b1001101010100011 $
b1001101010100011 -
b1001101010100011 8
b1001101010100011 =
b1001101010100011 B
b1001101010100011 G
b1001101010100011 L
b1001101010100011 Q
b1001101010100011 V
b1001101010100011 [
b1001101010100011 )
b1 "
b1 ,
b1 *
b0 &
b0 .
b0 9
b0 C
b0 H
b0 R
b0 +
1#
#10480
0#
#10490
b1001101010100011 !
b1001101010100011 1
b1001101010100011 5
b1001101010100011 F
0D
b1001101010100011 (
b1001101010100011 E
0'
1#
#10500
0#
#10510
b1110110110101 !
b1110110110101 1
1?
1'
b1011111101010 $
b1011111101010 -
b1011111101010 8
b1011111101010 =
b1011111101010 B
b1011111101010 G
b1011111101010 L
b1011111101010 Q
b1011111101010 V
b1011111101010 [
b1011111101010 )
b101 "
b101 ,
b101 *
1#
#10520
0#
#10530
b1011111101010 !
b1011111101010 1
b1011111101010 6
b1011111101010 A
0?
b1011111101010 (
b1011111101010 @
0'
1#
#10540
0#
#10550
b1001101000000000 !
b1001101000000000 1
1D
b110111100000000 7
b110111100000000 <
b1001101000000000 5
b1001101000000000 F
b1101011100000000 4
b1101011100000000 K
b1101111000000000 2
b1101111000000000 U
1'
b100000001011011 $
b100000001011011 -
b100000001011011 8
b100000001011011 =
b100000001011011 B
b100000001011011 G
b100000001011011 L
b100000001011011 Q
b100000001011011 V
b100000001011011 [
b100000001011011 )
b1 "
b1 ,
b1 *
b10 &
b10 .
b10 9
b10 C
b10 H
b10 R
b10 +
1#
#10560
0#
#10570
b100000000000000 !
b100000000000000 1
b100000000000000 5
b100000000000000 F
0D
b100000000000000 (
b100000010100011 E
0'
1#
#10580
0#
#10590
b1011111101010 !
b1011111101010 1
1?
b110111111011011 7
b110111111011011 <
b100000010100011 5
b100000010100011 F
b1101011111001110 4
b1101011111001110 K
b1101111011101101 2
b1101111011101101 U
1'
b1111001000110111 $
b1111001000110111 -
b1111001000110111 8
b1111001000110111 =
b1111001000110111 B
b1111001000110111 G
b1111001000110111 L
b1111001000110111 Q
b1111001000110111 V
b1111001000110111 [
b1111001000110111 )
b101 "
b101 ,
b101 *
b0 &
b0 .
b0 9
b0 C
b0 H
b0 R
b0 +
1#
#10600
0#
#10610
b1111001000110111 !
b1111001000110111 1
b1111001000110111 6
b1111001000110111 A
0?
b1111001000110111 (
b1111001000110111 @
0'
1#
#10620
0#
#10630
b1101011111001110 !
b1101011111001110 1
1I
1'
b1010100101010001 $
b1010100101010001 -
b1010100101010001 8
b1010100101010001 =
b1010100101010001 B
b1010100101010001 G
b1010100101010001 L
b1010100101010001 Q
b1010100101010001 V
b1010100101010001 [
b1010100101010001 )
b10 "
b10 ,
b10 *
1#
#10640
0#
#10650
b1010100101010001 !
b1010100101010001 1
b1010100101010001 4
b1010100101010001 K
0I
b1010100101010001 (
b1010100101010001 J
0'
1#
#10660
0#
#10670
b1101110000000110 !
b1101110000000110 1
1X
1'
b1101110100110101 $
b1101110100110101 -
b1101110100110101 8
b1101110100110101 =
b1101110100110101 B
b1101110100110101 G
b1101110100110101 L
b1101110100110101 Q
b1101110100110101 V
b1101110100110101 [
b1101110100110101 )
b110 "
b110 ,
b110 *
b11 &
b11 .
b11 9
b11 C
b11 H
b11 R
b11 +
1#
#10680
0#
#10690
b1101110100110101 !
b1101110100110101 1
b1101110100110101 0
b1101110100110101 Y
0X
b1101110100110101 (
b1101110100110101 Z
0'
1#
#10700
0#
#10710
b1101111011101101 !
b1101111011101101 1
1S
1'
b1011101101001111 $
b1011101101001111 -
b1011101101001111 8
b1011101101001111 =
b1011101101001111 B
b1011101101001111 G
b1011101101001111 L
b1011101101001111 Q
b1011101101001111 V
b1011101101001111 [
b1011101101001111 )
b11 "
b11 ,
b11 *
b0 &
b0 .
b0 9
b0 C
b0 H
b0 R
b0 +
1#
#10720
0#
#10730
b1011101101001111 !
b1011101101001111 1
b1011101101001111 2
b1011101101001111 U
0S
b1011101101001111 (
b1011101101001111 T
0'
1#
#10740
0#
#10750
1:
b110111111011011 !
b110111111011011 1
1'
b1100011011101 $
b1100011011101 -
b1100011011101 8
b1100011011101 =
b1100011011101 B
b1100011011101 G
b1100011011101 L
b1100011011101 Q
b1100011011101 V
b1100011011101 [
b1100011011101 )
b0 "
b0 ,
b0 *
1#
#10760
0#
#10770
b1100011011101 !
b1100011011101 1
b1100011011101 7
b1100011011101 <
0:
b1100011011101 (
b1100011011101 ;
0'
1#
#10780
0#
#10790
1?
b1111001000110111 !
b1111001000110111 1
b1100000000000 7
b1100000000000 <
b100000000000000 5
b100000000000000 F
b1010100100000000 4
b1010100100000000 K
b1011101100000000 2
b1011101100000000 U
1'
b100100001011001 $
b100100001011001 -
b100100001011001 8
b100100001011001 =
b100100001011001 B
b100100001011001 G
b100100001011001 L
b100100001011001 Q
b100100001011001 V
b100100001011001 [
b100100001011001 )
b101 "
b101 ,
b101 *
b10 &
b10 .
b10 9
b10 C
b10 H
b10 R
b10 +
1#
#10800
0#
#10810
b100100001011001 !
b100100001011001 1
b100100001011001 6
b100100001011001 A
0?
b100100001011001 (
b100100001011001 @
0'
1#
#10820
0#
#10830
b11101010000010 !
b11101010000010 1
1\
b11011101 7
b11011101 <
b10100011 5
b10100011 F
b1010001 4
b1010001 K
b1001111 2
b1001111 U
1'
b101000000001011 $
b101000000001011 -
b101000000001011 8
b101000000001011 =
b101000000001011 B
b101000000001011 G
b101000000001011 L
b101000000001011 Q
b101000000001011 V
b101000000001011 [
b101000000001011 )
b100 "
b100 ,
b100 *
b1 &
b1 .
b1 9
b1 C
b1 H
b1 R
b1 +
1#
#10840
0#
#10850
b101000000001011 !
b101000000001011 1
b101000000001011 /
b101000000001011 ]
0\
b101000000001011 (
b101000000001011 ^
0'
1#
#10860
0#
#10870
b1011101100000000 !
b1011101100000000 1
1S
b1100000000000 7
b1100000000000 <
b100000000000000 5
b100000000000000 F
b1010100100000000 4
b1010100100000000 K
b1011101100000000 2
b1011101100000000 U
1'
b1011000100101000 $
b1011000100101000 -
b1011000100101000 8
b1011000100101000 =
b1011000100101000 B
b1011000100101000 G
b1011000100101000 L
b1011000100101000 Q
b1011000100101000 V
b1011000100101000 [
b1011000100101000 )
b11 "
b11 ,
b11 *
b10 &
b10 .
b10 9
b10 C
b10 H
b10 R
b10 +
1#
#10880
0#
#10890
b1011000100000000 !
b1011000100000000 1
b1011000100000000 2
b1011000100000000 U
0S
b1011000100000000 (
b1011000101001111 T
0'
1#
#10900
0#
#10910
b100100001011001 !
b100100001011001 1
1?
b11011101 7
b11011101 <
b10100011 5
b10100011 F
b1010001 4
b1010001 K
b1001111 2
b1001111 U
1'
b1010000111010101 $
b1010000111010101 -
b1010000111010101 8
b1010000111010101 =
b1010000111010101 B
b1010000111010101 G
b1010000111010101 L
b1010000111010101 Q
b1010000111010101 V
b1010000111010101 [
b1010000111010101 )
b101 "
b101 ,
b101 *
b1 &
b1 .
b1 9
b1 C
b1 H
b1 R
b1 +
1#
#10920
0#
#10930
b1010000111010101 !
b1010000111010101 1
b1010000111010101 6
b1010000111010101 A
0?
b1010000111010101 (
b1010000111010101 @
0'
1#
#10940
0#
#10950
b10000110111100 !
b10000110111100 1
1N
b1100011011101 7
b1100011011101 <
b100000010100011 5
b100000010100011 F
b1010100101010001 4
b1010100101010001 K
b1011000101001111 2
b1011000101001111 U
1'
b111110110100100 $
b111110110100100 -
b111110110100100 8
b111110110100100 =
b111110110100100 B
b111110110100100 G
b111110110100100 L
b111110110100100 Q
b111110110100100 V
b111110110100100 [
b111110110100100 )
b111 "
b111 ,
b111 *
b11 &
b11 .
b11 9
b11 C
b11 H
b11 R
b11 +
1#
#10960
0#
#10970
b111110110100100 !
b111110110100100 1
b111110110100100 3
b111110110100100 P
0N
b111110110100100 (
b111110110100100 O
0'
1#
#10980
0#
#10990
1N
b1100000000000 7
b1100000000000 <
b100000000000000 5
b100000000000000 F
b1010100100000000 4
b1010100100000000 K
b1011000100000000 2
b1011000100000000 U
1'
b1100100000001111 $
b1100100000001111 -
b1100100000001111 8
b1100100000001111 =
b1100100000001111 B
b1100100000001111 G
b1100100000001111 L
b1100100000001111 Q
b1100100000001111 V
b1100100000001111 [
b1100100000001111 )
b10 &
b10 .
b10 9
b10 C
b10 H
b10 R
b10 +
1#
#11000
0#
#11010
b1100100000001111 !
b1100100000001111 1
b1100100000001111 3
b1100100000001111 P
0N
b1100100000001111 (
b1100100000001111 O
0'
1#
#11020
0#
#11030
b1101110100110101 !
b1101110100110101 1
1X
b1100011011101 7
b1100011011101 <
b100000010100011 5
b100000010100011 F
b1010100101010001 4
b1010100101010001 K
b1011000101001111 2
b1011000101001111 U
1'
b10010000010 $
b10010000010 -
b10010000010 8
b10010000010 =
b10010000010 B
b10010000010 G
b10010000010 L
b10010000010 Q
b10010000010 V
b10010000010 [
b10010000010 )
b110 "
b110 ,
b110 *
b11 &
b11 .
b11 9
b11 C
b11 H
b11 R
b11 +
1#
#11040
0#
#11050
b10010000010 !
b10010000010 1
b10010000010 0
b10010000010 Y
0X
b10010000010 (
b10010000010 Z
0'
1#
#11060
0#
#11070
b1010000111010101 !
b1010000111010101 1
1?
1'
b11111001110111 $
b11111001110111 -
b11111001110111 8
b11111001110111 =
b11111001110111 B
b11111001110111 G
b11111001110111 L
b11111001110111 Q
b11111001110111 V
b11111001110111 [
b11111001110111 )
b101 "
b101 ,
b101 *
1#
#11080
0#
#11090
b11111001110111 !
b11111001110111 1
b11111001110111 6
b11111001110111 A
0?
b11111001110111 (
b11111001110111 @
0'
1#
#11100
0#
#11110
b10100011 !
b10100011 1
1D
b11011101 7
b11011101 <
b10100011 5
b10100011 F
b1010001 4
b1010001 K
b1001111 2
b1001111 U
1'
b101011111000 $
b101011111000 -
b101011111000 8
b101011111000 =
b101011111000 B
b101011111000 G
b101011111000 L
b101011111000 Q
b101011111000 V
b101011111000 [
b101011111000 )
b1 "
b1 ,
b1 *
b1 &
b1 .
b1 9
b1 C
b1 H
b1 R
b1 +
1#
#11120
0#
#11130
b11111000 !
b11111000 1
b11111000 5
b11111000 F
0D
b11111000 (
b100000011111000 E
0'
1#
#11140
0#
#11150
b11111001110111 !
b11111001110111 1
1?
b1100000000000 7
b1100000000000 <
b100000000000000 5
b100000000000000 F
b1010100100000000 4
b1010100100000000 K
b1011000100000000 2
b1011000100000000 U
1'
b101100001010000 $
b101100001010000 -
b101100001010000 8
b101100001010000 =
b101100001010000 B
b101100001010000 G
b101100001010000 L
b101100001010000 Q
b101100001010000 V
b101100001010000 [
b101100001010000 )
b101 "
b101 ,
b101 *
b10 &
b10 .
b10 9
b10 C
b10 H
b10 R
b10 +
1#
#11160
0#
#11170
b101100001010000 !
b101100001010000 1
b101100001010000 6
b101100001010000 A
0?
b101100001010000 (
b101100001010000 @
0'
1#
#11180
0#
#11190
b1010001 !
b1010001 1
1I
b11011101 7
b11011101 <
b11111000 5
b11111000 F
b1010001 4
b1010001 K
b1001111 2
b1001111 U
1'
b101110010111100 $
b101110010111100 -
b101110010111100 8
b101110010111100 =
b101110010111100 B
b101110010111100 G
b101110010111100 L
b101110010111100 Q
b101110010111100 V
b101110010111100 [
b101110010111100 )
b10 "
b10 ,
b10 *
b1 &
b1 .
b1 9
b1 C
b1 H
b1 R
b1 +
1#
#11200
0#
#11210
b10111100 !
b10111100 1
b10111100 4
b10111100 K
0I
b10111100 (
b1010100110111100 J
0'
1#
#11220
0#
#11230
1:
b1100011011101 !
b1100011011101 1
b1100011011101 7
b1100011011101 <
b100000011111000 5
b100000011111000 F
b1010100110111100 4
b1010100110111100 K
b1011000101001111 2
b1011000101001111 U
1'
b110011001101001 $
b110011001101001 -
b110011001101001 8
b110011001101001 =
b110011001101001 B
b110011001101001 G
b110011001101001 L
b110011001101001 Q
b110011001101001 V
b110011001101001 [
b110011001101001 )
b0 "
b0 ,
b0 *
b11 &
b11 .
b11 9
b11 C
b11 H
b11 R
b11 +
1#
#11240
0#
#11250
b110011001101001 !
b110011001101001 1
b110011001101001 7
b110011001101001 <
0:
b110011001101001 (
b110011001101001 ;
0'
1#
#11260
0#
#11270
1S
b1011000100000000 !
b1011000100000000 1
b110011000000000 7
b110011000000000 <
b100000000000000 5
b100000000000000 F
b1010100100000000 4
b1010100100000000 K
b1011000100000000 2
b1011000100000000 U
1'
b111010010000101 $
b111010010000101 -
b111010010000101 8
b111010010000101 =
b111010010000101 B
b111010010000101 G
b111010010000101 L
b111010010000101 Q
b111010010000101 V
b111010010000101 [
b111010010000101 )
b11 "
b11 ,
b11 *
b10 &
b10 .
b10 9
b10 C
b10 H
b10 R
b10 +
1#
#11280
0#
#11290
b111010000000000 !
b111010000000000 1
b111010000000000 2
b111010000000000 U
0S
b111010000000000 (
b111010001001111 T
0'
1#
#11300
0#
#11310
b101000000001011 !
b101000000001011 1
1\
1'
b1101010111000010 $
b1101010111000010 -
b1101010111000010 8
b1101010111000010 =
b1101010111000010 B
b1101010111000010 G
b1101010111000010 L
b1101010111000010 Q
b1101010111000010 V
b1101010111000010 [
b1101010111000010 )
b100 "
b100 ,
b100 *
1#
#11320
0#
#11330
b1101010111000010 !
b1101010111000010 1
b1101010111000010 /
b1101010111000010 ]
0\
b1101010111000010 (
b1101010111000010 ^
0'
1#
#11340
0#
#11350
b1100100000001111 !
b1100100000001111 1
1N
1'
b1101010111010 $
b1101010111010 -
b1101010111010 8
b1101010111010 =
b1101010111010 B
b1101010111010 G
b1101010111010 L
b1101010111010 Q
b1101010111010 V
b1101010111010 [
b1101010111010 )
b111 "
b111 ,
b111 *
1#
#11360
0#
#11370
b1101010111010 !
b1101010111010 1
b1101010111010 3
b1101010111010 P
0N
b1101010111010 (
b1101010111010 O
0'
1#
#11380
0#
#11390
b1010100110111100 !
b1010100110111100 1
1I
b110011001101001 7
b110011001101001 <
b100000011111000 5
b100000011111000 F
b1010100110111100 4
b1010100110111100 K
b111010001001111 2
b111010001001111 U
1'
b100110111000010 $
b100110111000010 -
b100110111000010 8
b100110111000010 =
b100110111000010 B
b100110111000010 G
b100110111000010 L
b100110111000010 Q
b100110111000010 V
b100110111000010 [
b100110111000010 )
b10 "
b10 ,
b10 *
b11 &
b11 .
b11 9
b11 C
b11 H
b11 R
b11 +
1#
#11400
0#
#11410
b100110111000010 !
b100110111000010 1
b100110111000010 4
b100110111000010 K
0I
b100110111000010 (
b100110111000010 J
0'
1#
#11420
0#
#11430
b101100001010000 !
b101100001010000 1
1?
1'
b110011110 $
b110011110 -
b110011110 8
b110011110 =
b110011110 B
b110011110 G
b110011110 L
b110011110 Q
b110011110 V
b110011110 [
b110011110 )
b101 "
b101 ,
b101 *
b0 &
b0 .
b0 9
b0 C
b0 H
b0 R
b0 +
1#
#11440
0#
#11450
b110011110 !
b110011110 1
b110011110 6
b110011110 A
0?
b110011110 (
b110011110 @
0'
1#
#11460
0#
#11470
b11111000 !
b11111000 1
1D
b1101001 7
b1101001 <
b11111000 5
b11111000 F
b11000010 4
b11000010 K
b1001111 2
b1001111 U
1'
b1101000010111111 $
b1101000010111111 -
b1101000010111111 8
b1101000010111111 =
b1101000010111111 B
b1101000010111111 G
b1101000010111111 L
b1101000010111111 Q
b1101000010111111 V
b1101000010111111 [
b1101000010111111 )
b1 "
b1 ,
b1 *
b1 &
b1 .
b1 9
b1 C
b1 H
b1 R
b1 +
1#
#11480
0#
#11490
b10111111 !
b10111111 1
b10111111 5
b10111111 F
0D
b10111111 (
b100000010111111 E
0'
1#
#11500
0#
#11510
b1001111 !
b1001111 1
1S
1'
b110001101011001 $
b110001101011001 -
b110001101011001 8
b110001101011001 =
b110001101011001 B
b110001101011001 G
b110001101011001 L
b110001101011001 Q
b110001101011001 V
b110001101011001 [
b110001101011001 )
b11 "
b11 ,
b11 *
1#
#11520
0#
#11530
b1011001 !
b1011001 1
b1011001 2
b1011001 U
0S
b1011001 (
b111010001011001 T
0'
1#
#11540
0#
#11550
b110011110 !
b110011110 1
1?
b110011000000000 7
b110011000000000 <
b100000000000000 5
b100000000000000 F
b100110100000000 4
b100110100000000 K
b111010000000000 2
b111010000000000 U
1'
b1110001001010001 $
b1110001001010001 -
b1110001001010001 8
b1110001001010001 =
b1110001001010001 B
b1110001001010001 G
b1110001001010001 L
b1110001001010001 Q
b1110001001010001 V
b1110001001010001 [
b1110001001010001 )
b101 "
b101 ,
b101 *
b10 &
b10 .
b10 9
b10 C
b10 H
b10 R
b10 +
1#
#11560
0#
#11570
b1110001001010001 !
b1110001001010001 1
b1110001001010001 6
b1110001001010001 A
0?
b1110001001010001 (
b1110001001010001 @
0'
1#
#11580
0#
#11590
b1101010111010 !
b1101010111010 1
1N
b1101001 7
b1101001 <
b10111111 5
b10111111 F
b11000010 4
b11000010 K
b1011001 2
b1011001 U
1'
b1010111100100100 $
b1010111100100100 -
b1010111100100100 8
b1010111100100100 =
b1010111100100100 B
b1010111100100100 G
b1010111100100100 L
b1010111100100100 Q
b1010111100100100 V
b1010111100100100 [
b1010111100100100 )
b111 "
b111 ,
b111 *
b1 &
b1 .
b1 9
b1 C
b1 H
b1 R
b1 +
1#
#11600
0#
#11610
b1010111100100100 !
b1010111100100100 1
b1010111100100100 3
b1010111100100100 P
0N
b1010111100100100 (
b1010111100100100 O
0'
1#
#11620
0#
#11630
b100000010111111 !
b100000010111111 1
1D
b110011001101001 7
b110011001101001 <
b100000010111111 5
b100000010111111 F
b100110111000010 4
b100110111000010 K
b111010001011001 2
b111010001011001 U
1'
b1010000110111001 $
b1010000110111001 -
b1010000110111001 8
b1010000110111001 =
b1010000110111001 B
b1010000110111001 G
b1010000110111001 L
b1010000110111001 Q
b1010000110111001 V
b1010000110111001 [
b1010000110111001 )
b1 "
b1 ,
b1 *
b11 &
b11 .
b11 9
b11 C
b11 H
b11 R
b11 +
1#
#11640
0#
#11650
b1010000110111001 !
b1010000110111001 1
b1010000110111001 5
b1010000110111001 F
0D
b1010000110111001 (
b1010000110111001 E
0'
1#
#11660
0#
#11670
b10111001 !
b10111001 1
1D
b1101001 7
b1101001 <
b10111001 5
b10111001 F
b11000010 4
b11000010 K
b1011001 2
b1011001 U
1'
b1101011110001 $
b1101011110001 -
b1101011110001 8
b1101011110001 =
b1101011110001 B
b1101011110001 G
b1101011110001 L
b1101011110001 Q
b1101011110001 V
b1101011110001 [
b1101011110001 )
b1 &
b1 .
b1 9
b1 C
b1 H
b1 R
b1 +
1#
#11680
0#
#11690
b11110001 !
b11110001 1
b11110001 5
b11110001 F
0D
b11110001 (
b1010000111110001 E
0'
1#
#11700
0#
#11710
b100110100000000 !
b100110100000000 1
1I
b110011000000000 7
b110011000000000 <
b1010000100000000 5
b1010000100000000 F
b100110100000000 4
b100110100000000 K
b111010000000000 2
b111010000000000 U
1'
b1110000100000100 $
b1110000100000100 -
b1110000100000100 8
b1110000100000100 =
b1110000100000100 B
b1110000100000100 G
b1110000100000100 L
b1110000100000100 Q
b1110000100000100 V
b1110000100000100 [
b1110000100000100 )
b10 "
b10 ,
b10 *
b10 &
b10 .
b10 9
b10 C
b10 H
b10 R
b10 +
1#
#11720
0#
#11730
b1110000100000000 !
b1110000100000000 1
b1110000100000000 4
b1110000100000000 K
0I
b1110000100000000 (
b1110000111000010 J
0'
1#
#11740
0#
#11750
b1010111100100100 !
b1010111100100100 1
1N
1'
b100100010101011 $
b100100010101011 -
b100100010101011 8
b100100010101011 =
b100100010101011 B
b100100010101011 G
b100100010101011 L
b100100010101011 Q
b100100010101011 V
b100100010101011 [
b100100010101011 )
b111 "
b111 ,
b111 *
1#
#11760
0#
#11770
b100100010101011 !
b100100010101011 1
b100100010101011 3
b100100010101011 P
0N
b100100010101011 (
b100100010101011 O
0'
1#
#11780
0#
#11790
b1101010111000010 !
b1101010111000010 1
1\
b110011001101001 7
b110011001101001 <
b1010000111110001 5
b1010000111110001 F
b1110000111000010 4
b1110000111000010 K
b111010001011001 2
b111010001011001 U
1'
b101011011000010 $
b101011011000010 -
b101011011000010 8
b101011011000010 =
b101011011000010 B
b101011011000010 G
b101011011000010 L
b101011011000010 Q
b101011011000010 V
b101011011000010 [
b101011011000010 )
b100 "
b100 ,
b100 *
b0 &
b0 .
b0 9
b0 C
b0 H
b0 R
b0 +
1#
#11800
0#
#11810
b101011011000010 !
b101011011000010 1
b101011011000010 /
b101011011000010 ]
0\
b101011011000010 (
b101011011000010 ^
0'
1#
#11820
0#
#11830
b1110001001010001 !
b1110001001010001 1
1?
1'
b1110010010100000 $
b1110010010100000 -
b1110010010100000 8
b1110010010100000 =
b1110010010100000 B
b1110010010100000 G
b1110010010100000 L
b1110010010100000 Q
b1110010010100000 V
b1110010010100000 [
b1110010010100000 )
b101 "
b101 ,
b101 *
b11 &
b11 .
b11 9
b11 C
b11 H
b11 R
b11 +
1#
#11840
0#
#11850
b1110010010100000 !
b1110010010100000 1
b1110010010100000 6
b1110010010100000 A
0?
b1110010010100000 (
b1110010010100000 @
0'
1#
#11860
0#
#11870
1?
b110011000000000 7
b110011000000000 <
b1010000100000000 5
b1010000100000000 F
b1110000100000000 4
b1110000100000000 K
b111010000000000 2
b111010000000000 U
1'
b1011011110111011 $
b1011011110111011 -
b1011011110111011 8
b1011011110111011 =
b1011011110111011 B
b1011011110111011 G
b1011011110111011 L
b1011011110111011 Q
b1011011110111011 V
b1011011110111011 [
b1011011110111011 )
b10 &
b10 .
b10 9
b10 C
b10 H
b10 R
b10 +
1#
#11880
0#
#11890
b1011011110111011 !
b1011011110111011 1
b1011011110111011 6
b1011011110111011 A
0?
b1011011110111011 (
b1011011110111011 @
0'
1#
#11900
0#
#11910
b111010000000000 !
b111010000000000 1
1S
1'
b100110011011111 $
b100110011011111 -
b100110011011111 8
b100110011011111 =
b100110011011111 B
b100110011011111 G
b100110011011111 L
b100110011011111 Q
b100110011011111 V
b100110011011111 [
b100110011011111 )
b11 "
b11 ,
b11 *
1#
#11920
0#
#11930
b100110000000000 !
b100110000000000 1
b100110000000000 2
b100110000000000 U
0S
b100110000000000 (
b100110001011001 T
0'
1#
#11940
0#
#11950
b10010000010 !
b10010000010 1
1X
b110011001101001 7
b110011001101001 <
b1010000111110001 5
b1010000111110001 F
b1110000111000010 4
b1110000111000010 K
b100110001011001 2
b100110001011001 U
1'
b1100101100010000 $
b1100101100010000 -
b1100101100010000 8
b1100101100010000 =
b1100101100010000 B
b1100101100010000 G
b1100101100010000 L
b1100101100010000 Q
b1100101100010000 V
b1100101100010000 [
b1100101100010000 )
b110 "
b110 ,
b110 *
b0 &
b0 .
b0 9
b0 C
b0 H
b0 R
b0 +
1#
#11960
0#
#11970
b1100101100010000 !
b1100101100010000 1
b1100101100010000 0
b1100101100010000 Y
0X
b1100101100010000 (
b1100101100010000 Z
0'
1#
#11980
0#
#11990
1X
b110011000000000 7
b110011000000000 <
b1010000100000000 5
b1010000100000000 F
b1110000100000000 4
b1110000100000000 K
b100110000000000 2
b100110000000000 U
1'
b10011110101011 $
b10011110101011 -
b10011110101011 8
b10011110101011 =
b10011110101011 B
b10011110101011 G
b10011110101011 L
b10011110101011 Q
b10011110101011 V
b10011110101011 [
b10011110101011 )
b10 &
b10 .
b10 9
b10 C
b10 H
b10 R
b10 +
1#
#12000
0#
#12010
b10011110101011 !
b10011110101011 1
b10011110101011 0
b10011110101011 Y
0X
b10011110101011 (
b10011110101011 Z
0'
1#
#12020
0#
#12030
b1010000111110001 !
b1010000111110001 1
1D
b110011001101001 7
b110011001101001 <
b1010000111110001 5
b1010000111110001 F
b1110000111000010 4
b1110000111000010 K
b100110001011001 2
b100110001011001 U
1'
b1001101110001001 $
b1001101110001001 -
b1001101110001001 8
b1001101110001001 =
b1001101110001001 B
b1001101110001001 G
b1001101110001001 L
b1001101110001001 Q
b1001101110001001 V
b1001101110001001 [
b1001101110001001 )
b1 "
b1 ,
b1 *
b0 &
b0 .
b0 9
b0 C
b0 H
b0 R
b0 +
1#
#12040
0#
#12050
b1001101110001001 !
b1001101110001001 1
b1001101110001001 5
b1001101110001001 F
0D
b1001101110001001 (
b1001101110001001 E
0'
1#
#12060
0#
#12070
b10011110101011 !
b10011110101011 1
1X
1'
b1100110101 $
b1100110101 -
b1100110101 8
b1100110101 =
b1100110101 B
b1100110101 G
b1100110101 L
b1100110101 Q
b1100110101 V
b1100110101 [
b1100110101 )
b110 "
b110 ,
b110 *
b11 &
b11 .
b11 9
b11 C
b11 H
b11 R
b11 +
1#
#12080
0#
#12090
b1100110101 !
b1100110101 1
b1100110101 0
b1100110101 Y
0X
b1100110101 (
b1100110101 Z
0'
1#
#12100
0#
#12110
1:
b110011001101001 !
b110011001101001 1
1'
b1000110100101111 $
b1000110100101111 -
b1000110100101111 8
b1000110100101111 =
b1000110100101111 B
b1000110100101111 G
b1000110100101111 L
b1000110100101111 Q
b1000110100101111 V
b1000110100101111 [
b1000110100101111 )
b0 "
b0 ,
b0 *
1#
#12120
0#
#12130
b1000110100101111 !
b1000110100101111 1
b1000110100101111 7
b1000110100101111 <
0:
b1000110100101111 (
b1000110100101111 ;
0'
1#
#12140
0#
#12150
1D
b1001101110001001 !
b1001101110001001 1
1'
b1010111100 $
b1010111100 -
b1010111100 8
b1010111100 =
b1010111100 B
b1010111100 G
b1010111100 L
b1010111100 Q
b1010111100 V
b1010111100 [
b1010111100 )
b1 "
b1 ,
b1 *
b0 &
b0 .
b0 9
b0 C
b0 H
b0 R
b0 +
1#
#12160
0#
#12170
b1010111100 !
b1010111100 1
b1010111100 5
b1010111100 F
0D
b1010111100 (
b1010111100 E
0'
1#
#12180
0#
#12190
b1110000100000000 !
b1110000100000000 1
1I
b1000110100000000 7
b1000110100000000 <
b1000000000 5
b1000000000 F
b1110000100000000 4
b1110000100000000 K
b100110000000000 2
b100110000000000 U
1'
b1000000011000001 $
b1000000011000001 -
b1000000011000001 8
b1000000011000001 =
b1000000011000001 B
b1000000011000001 G
b1000000011000001 L
b1000000011000001 Q
b1000000011000001 V
b1000000011000001 [
b1000000011000001 )
b10 "
b10 ,
b10 *
b10 &
b10 .
b10 9
b10 C
b10 H
b10 R
b10 +
1#
#12200
0#
#12210
b1000000000000000 !
b1000000000000000 1
b1000000000000000 4
b1000000000000000 K
0I
b1000000000000000 (
b1000000011000010 J
0'
1#
#12220
0#
#12230
b1010111100 !
b1010111100 1
1D
b1000110100101111 7
b1000110100101111 <
b1010111100 5
b1010111100 F
b1000000011000010 4
b1000000011000010 K
b100110001011001 2
b100110001011001 U
1'
b110110001101001 $
b110110001101001 -
b110110001101001 8
b110110001101001 =
b110110001101001 B
b110110001101001 G
b110110001101001 L
b110110001101001 Q
b110110001101001 V
b110110001101001 [
b110110001101001 )
b1 "
b1 ,
b1 *
b0 &
b0 .
b0 9
b0 C
b0 H
b0 R
b0 +
1#
#12240
0#
#12250
b110110001101001 !
b110110001101001 1
b110110001101001 5
b110110001101001 F
0D
b110110001101001 (
b110110001101001 E
0'
1#
#12260
0#
#12270
b100110000000000 !
b100110000000000 1
1S
b1000110100000000 7
b1000110100000000 <
b110110000000000 5
b110110000000000 F
b1000000000000000 4
b1000000000000000 K
b100110000000000 2
b100110000000000 U
1'
b1111001111111111 $
b1111001111111111 -
b1111001111111111 8
b1111001111111111 =
b1111001111111111 B
b1111001111111111 G
b1111001111111111 L
b1111001111111111 Q
b1111001111111111 V
b1111001111111111 [
b1111001111111111 )
b11 "
b11 ,
b11 *
b10 &
b10 .
b10 9
b10 C
b10 H
b10 R
b10 +
1#
#12280
0#
#12290
b1111001100000000 !
b1111001100000000 1
b1111001100000000 2
b1111001100000000 U
0S
b1111001100000000 (
b1111001101011001 T
0'
1#
#12300
0#
#12310
b1011001 !
b1011001 1
1S
b101111 7
b101111 <
b1101001 5
b1101001 F
b11000010 4
b11000010 K
b1011001 2
b1011001 U
1'
b101110001001011 $
b101110001001011 -
b101110001001011 8
b101110001001011 =
b101110001001011 B
b101110001001011 G
b101110001001011 L
b101110001001011 Q
b101110001001011 V
b101110001001011 [
b101110001001011 )
b1 &
b1 .
b1 9
b1 C
b1 H
b1 R
b1 +
1#
#12320
0#
#12330
b1001011 !
b1001011 1
b1001011 2
b1001011 U
0S
b1001011 (
b1111001101001011 T
0'
1#
#12340
0#
#12350
b101011011000010 !
b101011011000010 1
1\
b1000110100000000 7
b1000110100000000 <
b110110000000000 5
b110110000000000 F
b1000000000000000 4
b1000000000000000 K
b1111001100000000 2
b1111001100000000 U
1'
b1110110101110 $
b1110110101110 -
b1110110101110 8
b1110110101110 =
b1110110101110 B
b1110110101110 G
b1110110101110 L
b1110110101110 Q
b1110110101110 V
b1110110101110 [
b1110110101110 )
b100 "
b100 ,
b100 *
b10 &
b10 .
b10 9
b10 C
b10 H
b10 R
b10 +
1#
#12360
0#
#12370
b1110110101110 !
b1110110101110 1
b1110110101110 /
b1110110101110 ]
0\
b1110110101110 (
b1110110101110 ^
0'
1#
#12380
0#
#12390
1:
b1000110100101111 !
b1000110100101111 1
b1000110100101111 7
b1000110100101111 <
b110110001101001 5
b110110001101001 F
b1000000011000010 4
b1000000011000010 K
b1111001101001011 2
b1111001101001011 U
1'
b101000011011010 $
b101000011011010 -
b101000011011010 8
b101000011011010 =
b101000011011010 B
b101000011011010 G
b101000011011010 L
b101000011011010 Q
b101000011011010 V
b101000011011010 [
b101000011011010 )
b0 "
b0 ,
b0 *
b0 &
b0 .
b0 9
b0 C
b0 H
b0 R
b0 +
1#
#12400
0#
#12410
b101000011011010 !
b101000011011010 1
b101000011011010 7
b101000011011010 <
0:
b101000011011010 (
b101000011011010 ;
0'
1#
#12420
0#
#12430
1N
b100100010101011 !
b100100010101011 1
b101000000000000 7
b101000000000000 <
b110110000000000 5
b110110000000000 F
b1000000000000000 4
b1000000000000000 K
b1111001100000000 2
b1111001100000000 U
1'
b1001000101010 $
b1001000101010 -
b1001000101010 8
b1001000101010 =
b1001000101010 B
b1001000101010 G
b1001000101010 L
b1001000101010 Q
b1001000101010 V
b1001000101010 [
b1001000101010 )
b111 "
b111 ,
b111 *
b10 &
b10 .
b10 9
b10 C
b10 H
b10 R
b10 +
1#
#12440
0#
#12450
b1001000101010 !
b1001000101010 1
b1001000101010 3
b1001000101010 P
0N
b1001000101010 (
b1001000101010 O
0'
1#
#12460
0#
#12470
b1110110101110 !
b1110110101110 1
1\
1'
b1101101011101001 $
b1101101011101001 -
b1101101011101001 8
b1101101011101001 =
b1101101011101001 B
b1101101011101001 G
b1101101011101001 L
b1101101011101001 Q
b1101101011101001 V
b1101101011101001 [
b1101101011101001 )
b100 "
b100 ,
b100 *
1#
#12480
0#
#12490
b1101101011101001 !
b1101101011101001 1
b1101101011101001 /
b1101101011101001 ]
0\
b1101101011101001 (
b1101101011101001 ^
0'
1#
#12500
0#
#12510
1\
b101000011011010 7
b101000011011010 <
b110110001101001 5
b110110001101001 F
b1000000011000010 4
b1000000011000010 K
b1111001101001011 2
b1111001101001011 U
1'
b1110001001101110 $
b1110001001101110 -
b1110001001101110 8
b1110001001101110 =
b1110001001101110 B
b1110001001101110 G
b1110001001101110 L
b1110001001101110 Q
b1110001001101110 V
b1110001001101110 [
b1110001001101110 )
b11 &
b11 .
b11 9
b11 C
b11 H
b11 R
b11 +
1#
#12520
0#
#12530
b1110001001101110 !
b1110001001101110 1
b1110001001101110 /
b1110001001101110 ]
0\
b1110001001101110 (
b1110001001101110 ^
0'
1#
#12540
0#
#12550
b1011011110111011 !
b1011011110111011 1
1?
b101000000000000 7
b101000000000000 <
b110110000000000 5
b110110000000000 F
b1000000000000000 4
b1000000000000000 K
b1111001100000000 2
b1111001100000000 U
1'
b11000101000101 $
b11000101000101 -
b11000101000101 8
b11000101000101 =
b11000101000101 B
b11000101000101 G
b11000101000101 L
b11000101000101 Q
b11000101000101 V
b11000101000101 [
b11000101000101 )
b101 "
b101 ,
b101 *
b10 &
b10 .
b10 9
b10 C
b10 H
b10 R
b10 +
1#
#12560
0#
#12570
b11000101000101 !
b11000101000101 1
b11000101000101 6
b11000101000101 A
0?
b11000101000101 (
b11000101000101 @
0'
1#
#12580
0#
#12590
b1110001001101110 !
b1110001001101110 1
1\
b101000011011010 7
b101000011011010 <
b110110001101001 5
b110110001101001 F
b1000000011000010 4
b1000000011000010 K
b1111001101001011 2
b1111001101001011 U
1'
b1011110100110111 $
b1011110100110111 -
b1011110100110111 8
b1011110100110111 =
b1011110100110111 B
b1011110100110111 G
b1011110100110111 L
b1011110100110111 Q
b1011110100110111 V
b1011110100110111 [
b1011110100110111 )
b100 "
b100 ,
b100 *
b11 &
b11 .
b11 9
b11 C
b11 H
b11 R
b11 +
1#
#12600
0#
#12610
b1011110100110111 !
b1011110100110111 1
b1011110100110111 /
b1011110100110111 ]
0\
b1011110100110111 (
b1011110100110111 ^
0'
1#
#12620
0#
#12630
b1111001101001011 !
b1111001101001011 1
1S
1'
b1101111111001110 $
b1101111111001110 -
b1101111111001110 8
b1101111111001110 =
b1101111111001110 B
b1101111111001110 G
b1101111111001110 L
b1101111111001110 Q
b1101111111001110 V
b1101111111001110 [
b1101111111001110 )
b11 "
b11 ,
b11 *
1#
#12640
0#
#12650
b1101111111001110 !
b1101111111001110 1
b1101111111001110 2
b1101111111001110 U
0S
b1101111111001110 (
b1101111111001110 T
0'
1#
#12660
0#
#12670
b1001000101010 !
b1001000101010 1
1N
b101000000000000 7
b101000000000000 <
b110110000000000 5
b110110000000000 F
b1000000000000000 4
b1000000000000000 K
b1101111100000000 2
b1101111100000000 U
1'
b11111001101 $
b11111001101 -
b11111001101 8
b11111001101 =
b11111001101 B
b11111001101 G
b11111001101 L
b11111001101 Q
b11111001101 V
b11111001101 [
b11111001101 )
b111 "
b111 ,
b111 *
b10 &
b10 .
b10 9
b10 C
b10 H
b10 R
b10 +
1#
#12680
0#
#12690
b11111001101 !
b11111001101 1
b11111001101 3
b11111001101 P
0N
b11111001101 (
b11111001101 O
0'
1#
#12700
0#
#12710
b1101111111001110 !
b1101111111001110 1
1S
b101000011011010 7
b101000011011010 <
b110110001101001 5
b110110001101001 F
b1000000011000010 4
b1000000011000010 K
b1101111111001110 2
b1101111111001110 U
1'
b101001111101100 $
b101001111101100 -
b101001111101100 8
b101001111101100 =
b101001111101100 B
b101001111101100 G
b101001111101100 L
b101001111101100 Q
b101001111101100 V
b101001111101100 [
b101001111101100 )
b11 "
b11 ,
b11 *
b0 &
b0 .
b0 9
b0 C
b0 H
b0 R
b0 +
1#
#12720
0#
#12730
b101001111101100 !
b101001111101100 1
b101001111101100 2
b101001111101100 U
0S
b101001111101100 (
b101001111101100 T
0'
1#
#12740
0#
#12750
b101001100000000 !
b101001100000000 1
1S
b101000000000000 7
b101000000000000 <
b110110000000000 5
b110110000000000 F
b1000000000000000 4
b1000000000000000 K
b101001100000000 2
b101001100000000 U
1'
b1000010011101100 $
b1000010011101100 -
b1000010011101100 8
b1000010011101100 =
b1000010011101100 B
b1000010011101100 G
b1000010011101100 L
b1000010011101100 Q
b1000010011101100 V
b1000010011101100 [
b1000010011101100 )
b10 &
b10 .
b10 9
b10 C
b10 H
b10 R
b10 +
1#
#12760
0#
#12770
b1000010000000000 !
b1000010000000000 1
b1000010000000000 2
b1000010000000000 U
0S
b1000010000000000 (
b1000010011101100 T
0'
1#
#12780
0#
#12790
b1011110100110111 !
b1011110100110111 1
1\
b101000011011010 7
b101000011011010 <
b110110001101001 5
b110110001101001 F
b1000000011000010 4
b1000000011000010 K
b1000010011101100 2
b1000010011101100 U
1'
b1000110101011100 $
b1000110101011100 -
b1000110101011100 8
b1000110101011100 =
b1000110101011100 B
b1000110101011100 G
b1000110101011100 L
b1000110101011100 Q
b1000110101011100 V
b1000110101011100 [
b1000110101011100 )
b100 "
b100 ,
b100 *
b11 &
b11 .
b11 9
b11 C
b11 H
b11 R
b11 +
1#
#12800
0#
#12810
b1000110101011100 !
b1000110101011100 1
b1000110101011100 /
b1000110101011100 ]
0\
b1000110101011100 (
b1000110101011100 ^
0'
1#
#12820
0#
#12830
b11101100 !
b11101100 1
1S
b11011010 7
b11011010 <
b1101001 5
b1101001 F
b11000010 4
b11000010 K
b11101100 2
b11101100 U
1'
b111101010001111 $
b111101010001111 -
b111101010001111 8
b111101010001111 =
b111101010001111 B
b111101010001111 G
b111101010001111 L
b111101010001111 Q
b111101010001111 V
b111101010001111 [
b111101010001111 )
b11 "
b11 ,
b11 *
b1 &
b1 .
b1 9
b1 C
b1 H
b1 R
b1 +
1#
#12840
0#
#12850
b10001111 !
b10001111 1
b10001111 2
b10001111 U
0S
b10001111 (
b1000010010001111 T
0'
1#
#12860
0#
#12870
b11000101000101 !
b11000101000101 1
1?
b101000011011010 7
b101000011011010 <
b110110001101001 5
b110110001101001 F
b1000000011000010 4
b1000000011000010 K
b1000010010001111 2
b1000010010001111 U
1'
b1011100110101011 $
b1011100110101011 -
b1011100110101011 8
b1011100110101011 =
b1011100110101011 B
b1011100110101011 G
b1011100110101011 L
b1011100110101011 Q
b1011100110101011 V
b1011100110101011 [
b1011100110101011 )
b101 "
b101 ,
b101 *
b11 &
b11 .
b11 9
b11 C
b11 H
b11 R
b11 +
1#
#12880
0#
#12890
b1011100110101011 !
b1011100110101011 1
b1011100110101011 6
b1011100110101011 A
0?
b1011100110101011 (
b1011100110101011 @
0'
1#
#12900
0#
#12910
b11111001101 !
b11111001101 1
1N
1'
b1100001100010011 $
b1100001100010011 -
b1100001100010011 8
b1100001100010011 =
b1100001100010011 B
b1100001100010011 G
b1100001100010011 L
b1100001100010011 Q
b1100001100010011 V
b1100001100010011 [
b1100001100010011 )
b111 "
b111 ,
b111 *
1#
#12920
0#
#12930
b1100001100010011 !
b1100001100010011 1
b1100001100010011 3
b1100001100010011 P
0N
b1100001100010011 (
b1100001100010011 O
0'
1#
#12940
0#
#12950
b1100110101 !
b1100110101 1
1X
1'
b1100101011100110 $
b1100101011100110 -
b1100101011100110 8
b1100101011100110 =
b1100101011100110 B
b1100101011100110 G
b1100101011100110 L
b1100101011100110 Q
b1100101011100110 V
b1100101011100110 [
b1100101011100110 )
b110 "
b110 ,
b110 *
b0 &
b0 .
b0 9
b0 C
b0 H
b0 R
b0 +
1#
#12960
0#
#12970
b1100101011100110 !
b1100101011100110 1
b1100101011100110 0
b1100101011100110 Y
0X
b1100101011100110 (
b1100101011100110 Z
0'
1#
#12980
0#
#12990
b1011100110101011 !
b1011100110101011 1
1?
b11011010 7
b11011010 <
b1101001 5
b1101001 F
b11000010 4
b11000010 K
b10001111 2
b10001111 U
1'
b1111011000001010 $
b1111011000001010 -
b1111011000001010 8
b1111011000001010 =
b1111011000001010 B
b1111011000001010 G
b1111011000001010 L
b1111011000001010 Q
b1111011000001010 V
b1111011000001010 [
b1111011000001010 )
b101 "
b101 ,
b101 *
b1 &
b1 .
b1 9
b1 C
b1 H
b1 R
b1 +
1#
#13000
0#
#13010
b1111011000001010 !
b1111011000001010 1
b1111011000001010 6
b1111011000001010 A
0?
b1111011000001010 (
b1111011000001010 @
0'
1#
#13020
0#
#13030
b1100101011100110 !
b1100101011100110 1
1X
b101000011011010 7
b101000011011010 <
b110110001101001 5
b110110001101001 F
b1000000011000010 4
b1000000011000010 K
b1000010010001111 2
b1000010010001111 U
1'
b10011000001001 $
b10011000001001 -
b10011000001001 8
b10011000001001 =
b10011000001001 B
b10011000001001 G
b10011000001001 L
b10011000001001 Q
b10011000001001 V
b10011000001001 [
b10011000001001 )
b110 "
b110 ,
b110 *
b0 &
b0 .
b0 9
b0 C
b0 H
b0 R
b0 +
1#
#13040
0#
#13050
b10011000001001 !
b10011000001001 1
b10011000001001 0
b10011000001001 Y
0X
b10011000001001 (
b10011000001001 Z
0'
1#
#13060
0#
#13070
b1000000000000000 !
b1000000000000000 1
1I
b101000000000000 7
b101000000000000 <
b110110000000000 5
b110110000000000 F
b1000000000000000 4
b1000000000000000 K
b1000010000000000 2
b1000010000000000 U
1'
b1000100101100110 $
b1000100101100110 -
b1000100101100110 8
b1000100101100110 =
b1000100101100110 B
b1000100101100110 G
b1000100101100110 L
b1000100101100110 Q
b1000100101100110 V
b1000100101100110 [
b1000100101100110 )
b10 "
b10 ,
b10 *
b10 &
b10 .
b10 9
b10 C
b10 H
b10 R
b10 +
1#
#13080
0#
#13090
b1000100100000000 !
b1000100100000000 1
b1000100100000000 4
b1000100100000000 K
0I
b1000100100000000 (
b1000100111000010 J
0'
1#
#13100
0#
#13110
b1111011000001010 !
b1111011000001010 1
1?
1'
b11101010001111 $
b11101010001111 -
b11101010001111 8
b11101010001111 =
b11101010001111 B
b11101010001111 G
b11101010001111 L
b11101010001111 Q
b11101010001111 V
b11101010001111 [
b11101010001111 )
b101 "
b101 ,
b101 *
1#
#13120
0#
#13130
b11101010001111 !
b11101010001111 1
b11101010001111 6
b11101010001111 A
0?
b11101010001111 (
b11101010001111 @
0'
1#
#13140
0#
#13150
1?
b11011010 7
b11011010 <
b1101001 5
b1101001 F
b11000010 4
b11000010 K
b10001111 2
b10001111 U
1'
b1110101001111100 $
b1110101001111100 -
b1110101001111100 8
b1110101001111100 =
b1110101001111100 B
b1110101001111100 G
b1110101001111100 L
b1110101001111100 Q
b1110101001111100 V
b1110101001111100 [
b1110101001111100 )
b1 &
b1 .
b1 9
b1 C
b1 H
b1 R
b1 +
1#
#13160
0#
#13170
b1110101001111100 !
b1110101001111100 1
b1110101001111100 6
b1110101001111100 A
0?
b1110101001111100 (
b1110101001111100 @
0'
1#
#13180
0#
#13190
b1000010010001111 !
b1000010010001111 1
1S
b101000011011010 7
b101000011011010 <
b110110001101001 5
b110110001101001 F
b1000100111000010 4
b1000100111000010 K
b1000010010001111 2
b1000010010001111 U
1'
b10000011001001 $
b10000011001001 -
b10000011001001 8
b10000011001001 =
b10000011001001 B
b10000011001001 G
b10000011001001 L
b10000011001001 Q
b10000011001001 V
b10000011001001 [
b10000011001001 )
b11 "
b11 ,
b11 *
b11 &
b11 .
b11 9
b11 C
b11 H
b11 R
b11 +
1#
#13200
0#
#13210
b10000011001001 !
b10000011001001 1
b10000011001001 2
b10000011001001 U
0S
b10000011001001 (
b10000011001001 T
0'
1#
#13220
0#
#13230
b1100001100010011 !
b1100001100010011 1
1N
1'
b1010100010101101 $
b1010100010101101 -
b1010100010101101 8
b1010100010101101 =
b1010100010101101 B
b1010100010101101 G
b1010100010101101 L
b1010100010101101 Q
b1010100010101101 V
b1010100010101101 [
b1010100010101101 )
b111 "
b111 ,
b111 *
b0 &
b0 .
b0 9
b0 C
b0 H
b0 R
b0 +
1#
#13240
0#
#13250
b1010100010101101 !
b1010100010101101 1
b1010100010101101 3
b1010100010101101 P
0N
b1010100010101101 (
b1010100010101101 O
0'
1#
#13260
0#
#13270
b1000110101011100 !
b1000110101011100 1
1\
1'
b100000101110000 $
b100000101110000 -
b100000101110000 8
b100000101110000 =
b100000101110000 B
b100000101110000 G
b100000101110000 L
b100000101110000 Q
b100000101110000 V
b100000101110000 [
b100000101110000 )
b100 "
b100 ,
b100 *
b11 &
b11 .
b11 9
b11 C
b11 H
b11 R
b11 +
1#
#13280
0#
#13290
b100000101110000 !
b100000101110000 1
b100000101110000 /
b100000101110000 ]
0\
b100000101110000 (
b100000101110000 ^
0'
1#
#13300
0#
#13310
b110110001101001 !
b110110001101001 1
1D
1'
b1000110100000100 $
b1000110100000100 -
b1000110100000100 8
b1000110100000100 =
b1000110100000100 B
b1000110100000100 G
b1000110100000100 L
b1000110100000100 Q
b1000110100000100 V
b1000110100000100 [
b1000110100000100 )
b1 "
b1 ,
b1 *
1#
#13320
0#
#13330
b1000110100000100 !
b1000110100000100 1
b1000110100000100 5
b1000110100000100 F
0D
b1000110100000100 (
b1000110100000100 E
0'
1#
#13340
0#
#13350
b10000011001001 !
b10000011001001 1
1S
1'
b1110110100000110 $
b1110110100000110 -
b1110110100000110 8
b1110110100000110 =
b1110110100000110 B
b1110110100000110 G
b1110110100000110 L
b1110110100000110 Q
b1110110100000110 V
b1110110100000110 [
b1110110100000110 )
b11 "
b11 ,
b11 *
b0 &
b0 .
b0 9
b0 C
b0 H
b0 R
b0 +
1#
#13360
0#
#13370
b1110110100000110 !
b1110110100000110 1
b1110110100000110 2
b1110110100000110 U
0S
b1110110100000110 (
b1110110100000110 T
0'
1#
#13380
0#
#13390
b1110110100000000 !
b1110110100000000 1
1S
b101000000000000 7
b101000000000000 <
b1000110100000000 5
b1000110100000000 F
b1000100100000000 4
b1000100100000000 K
b1110110100000000 2
b1110110100000000 U
1'
b1011101111001001 $
b1011101111001001 -
b1011101111001001 8
b1011101111001001 =
b1011101111001001 B
b1011101111001001 G
b1011101111001001 L
b1011101111001001 Q
b1011101111001001 V
b1011101111001001 [
b1011101111001001 )
b10 &
b10 .
b10 9
b10 C
b10 H
b10 R
b10 +
1#
#13400
0#
#13410
b1011101100000000 !
b1011101100000000 1
b1011101100000000 2
b1011101100000000 U
0S
b1011101100000000 (
b1011101100000110 T
0'
1#
#13420
0#
#13430
b1000100111000010 !
b1000100111000010 1
1I
b101000011011010 7
b101000011011010 <
b1000110100000100 5
b1000110100000100 F
b1000100111000010 4
b1000100111000010 K
b1011101100000110 2
b1011101100000110 U
1'
b1111101001 $
b1111101001 -
b1111101001 8
b1111101001 =
b1111101001 B
b1111101001 G
b1111101001 L
b1111101001 Q
b1111101001 V
b1111101001 [
b1111101001 )
b10 "
b10 ,
b10 *
b0 &
b0 .
b0 9
b0 C
b0 H
b0 R
b0 +
1#
#13440
0#
#13450
b1111101001 !
b1111101001 1
b1111101001 4
b1111101001 K
0I
b1111101001 (
b1111101001 J
0'
1#
#13460
0#
#13470
b1010100010101101 !
b1010100010101101 1
1N
1'
b1101000010101100 $
b1101000010101100 -
b1101000010101100 8
b1101000010101100 =
b1101000010101100 B
b1101000010101100 G
b1101000010101100 L
b1101000010101100 Q
b1101000010101100 V
b1101000010101100 [
b1101000010101100 )
b111 "
b111 ,
b111 *
1#
#13480
0#
#13490
b1101000010101100 !
b1101000010101100 1
b1101000010101100 3
b1101000010101100 P
0N
b1101000010101100 (
b1101000010101100 O
0'
1#
#13500
0#
#13510
1N
b11011010 7
b11011010 <
b100 5
b100 F
b11101001 4
b11101001 K
b110 2
b110 U
1'
b1000111101100001 $
b1000111101100001 -
b1000111101100001 8
b1000111101100001 =
b1000111101100001 B
b1000111101100001 G
b1000111101100001 L
b1000111101100001 Q
b1000111101100001 V
b1000111101100001 [
b1000111101100001 )
b1 &
b1 .
b1 9
b1 C
b1 H
b1 R
b1 +
1#
#13520
0#
#13530
b1000111101100001 !
b1000111101100001 1
b1000111101100001 3
b1000111101100001 P
0N
b1000111101100001 (
b1000111101100001 O
0'
1#
#13540
0#
#13550
b10011000001001 !
b10011000001001 1
1X
1'
b111011010011 $
b111011010011 -
b111011010011 8
b111011010011 =
b111011010011 B
b111011010011 G
b111011010011 L
b111011010011 Q
b111011010011 V
b111011010011 [
b111011010011 )
b110 "
b110 ,
b110 *
1#
#13560
0#
#13570
b111011010011 !
b111011010011 1
b111011010011 0
b111011010011 Y
0X
b111011010011 (
b111011010011 Z
0'
1#
#13580
0#
#13590
b100000101110000 !
b100000101110000 1
1\
b101000000000000 7
b101000000000000 <
b1000110100000000 5
b1000110100000000 F
b1100000000 4
b1100000000 K
b1011101100000000 2
b1011101100000000 U
1'
b110001101001110 $
b110001101001110 -
b110001101001110 8
b110001101001110 =
b110001101001110 B
b110001101001110 G
b110001101001110 L
b110001101001110 Q
b110001101001110 V
b110001101001110 [
b110001101001110 )
b100 "
b100 ,
b100 *
b10 &
b10 .
b10 9
b10 C
b10 H
b10 R
b10 +
1#
#13600
0#
#13610
b110001101001110 !
b110001101001110 1
b110001101001110 /
b110001101001110 ]
0\
b110001101001110 (
b110001101001110 ^
0'
1#
#13620
0#
#13630
b1011101100000110 !
b1011101100000110 1
1S
b101000011011010 7
b101000011011010 <
b1000110100000100 5
b1000110100000100 F
b1111101001 4
b1111101001 K
b1011101100000110 2
b1011101100000110 U
1'
b110101101011101 $
b110101101011101 -
b110101101011101 8
b110101101011101 =
b110101101011101 B
b110101101011101 G
b110101101011101 L
b110101101011101 Q
b110101101011101 V
b110101101011101 [
b110101101011101 )
b11 "
b11 ,
b11 *
b11 &
b11 .
b11 9
b11 C
b11 H
b11 R
b11 +
1#
#13640
0#
#13650
b110101101011101 !
b110101101011101 1
b110101101011101 2
b110101101011101 U
0S
b110101101011101 (
b110101101011101 T
0'
1#
#13660
0#
#13670
b110001101001110 !
b110001101001110 1
1\
1'
b1100011001000100 $
b1100011001000100 -
b1100011001000100 8
b1100011001000100 =
b1100011001000100 B
b1100011001000100 G
b1100011001000100 L
b1100011001000100 Q
b1100011001000100 V
b1100011001000100 [
b1100011001000100 )
b100 "
b100 ,
b100 *
b0 &
b0 .
b0 9
b0 C
b0 H
b0 R
b0 +
1#
#13680
0#
#13690
b1100011001000100 !
b1100011001000100 1
b1100011001000100 /
b1100011001000100 ]
0\
b1100011001000100 (
b1100011001000100 ^
0'
1#
#13700
0#
#13710
b1000110100000100 !
b1000110100000100 1
1D
1'
b1011101111101001 $
b1011101111101001 -
b1011101111101001 8
b1011101111101001 =
b1011101111101001 B
b1011101111101001 G
b1011101111101001 L
b1011101111101001 Q
b1011101111101001 V
b1011101111101001 [
b1011101111101001 )
b1 "
b1 ,
b1 *
b11 &
b11 .
b11 9
b11 C
b11 H
b11 R
b11 +
1#
#13720
0#
#13730
b1011101111101001 !
b1011101111101001 1
b1011101111101001 5
b1011101111101001 F
0D
b1011101111101001 (
b1011101111101001 E
0'
1#
#13740
0#
#13750
b1100000000 !
b1100000000 1
1I
b101000000000000 7
b101000000000000 <
b1011101100000000 5
b1011101100000000 F
b1100000000 4
b1100000000 K
b110101100000000 2
b110101100000000 U
1'
b11111000110 $
b11111000110 -
b11111000110 8
b11111000110 =
b11111000110 B
b11111000110 G
b11111000110 L
b11111000110 Q
b11111000110 V
b11111000110 [
b11111000110 )
b10 "
b10 ,
b10 *
b10 &
b10 .
b10 9
b10 C
b10 H
b10 R
b10 +
1#
#13760
0#
#13770
b11100000000 !
b11100000000 1
b11100000000 4
b11100000000 K
0I
b11100000000 (
b11111101001 J
0'
1#
#13780
0#
#13790
1I
1'
b1100111100110111 $
b1100111100110111 -
b1100111100110111 8
b1100111100110111 =
b1100111100110111 B
b1100111100110111 G
b1100111100110111 L
b1100111100110111 Q
b1100111100110111 V
b1100111100110111 [
b1100111100110111 )
1#
#13800
0#
#13810
b1100111100000000 !
b1100111100000000 1
b1100111100000000 4
b1100111100000000 K
0I
b1100111100000000 (
b1100111111101001 J
0'
1#
#13820
0#
#13830
b110101101011101 !
b110101101011101 1
1S
b101000011011010 7
b101000011011010 <
b1011101111101001 5
b1011101111101001 F
b1100111111101001 4
b1100111111101001 K
b110101101011101 2
b110101101011101 U
1'
b1110011001101 $
b1110011001101 -
b1110011001101 8
b1110011001101 =
b1110011001101 B
b1110011001101 G
b1110011001101 L
b1110011001101 Q
b1110011001101 V
b1110011001101 [
b1110011001101 )
b11 "
b11 ,
b11 *
b0 &
b0 .
b0 9
b0 C
b0 H
b0 R
b0 +
1#
#13840
0#
#13850
b1110011001101 !
b1110011001101 1
b1110011001101 2
b1110011001101 U
0S
b1110011001101 (
b1110011001101 T
0'
1#
#13860
0#
#13870
b111011010011 !
b111011010011 1
1X
b11011010 7
b11011010 <
b11101001 5
b11101001 F
b11101001 4
b11101001 K
b11001101 2
b11001101 U
1'
b1001001011011111 $
b1001001011011111 -
b1001001011011111 8
b1001001011011111 =
b1001001011011111 B
b1001001011011111 G
b1001001011011111 L
b1001001011011111 Q
b1001001011011111 V
b1001001011011111 [
b1001001011011111 )
b110 "
b110 ,
b110 *
b1 &
b1 .
b1 9
b1 C
b1 H
b1 R
b1 +
1#
#13880
0#
#13890
b1001001011011111 !
b1001001011011111 1
b1001001011011111 0
b1001001011011111 Y
0X
b1001001011011111 (
b1001001011011111 Z
0'
1#
#13900
0#
#13910
b1110101001111100 !
b1110101001111100 1
1?
1'
b101000010011111 $
b101000010011111 -
b101000010011111 8
b101000010011111 =
b101000010011111 B
b101000010011111 G
b101000010011111 L
b101000010011111 Q
b101000010011111 V
b101000010011111 [
b101000010011111 )
b101 "
b101 ,
b101 *
1#
#13920
0#
#13930
b101000010011111 !
b101000010011111 1
b101000010011111 6
b101000010011111 A
0?
b101000010011111 (
b101000010011111 @
0'
1#
#13940
0#
#13950
1:
b101000011011010 !
b101000011011010 1
b101000011011010 7
b101000011011010 <
b1011101111101001 5
b1011101111101001 F
b1100111111101001 4
b1100111111101001 K
b1110011001101 2
b1110011001101 U
1'
b10111000101001 $
b10111000101001 -
b10111000101001 8
b10111000101001 =
b10111000101001 B
b10111000101001 G
b10111000101001 L
b10111000101001 Q
b10111000101001 V
b10111000101001 [
b10111000101001 )
b0 "
b0 ,
b0 *
b11 &
b11 .
b11 9
b11 C
b11 H
b11 R
b11 +
1#
#13960
0#
#13970
b10111000101001 !
b10111000101001 1
b10111000101001 7
b10111000101001 <
0:
b10111000101001 (
b10111000101001 ;
0'
1#
#13980
0#
#13990
1S
b1110011001101 !
b1110011001101 1
1'
b1101010001011101 $
b1101010001011101 -
b1101010001011101 8
b1101010001011101 =
b1101010001011101 B
b1101010001011101 G
b1101010001011101 L
b1101010001011101 Q
b1101010001011101 V
b1101010001011101 [
b1101010001011101 )
b11 "
b11 ,
b11 *
b0 &
b0 .
b0 9
b0 C
b0 H
b0 R
b0 +
1#
#14000
0#
#14010
b1101010001011101 !
b1101010001011101 1
b1101010001011101 2
b1101010001011101 U
0S
b1101010001011101 (
b1101010001011101 T
0'
1#
#14020
0#
#14030
b101000010011111 !
b101000010011111 1
1?
b101001 7
b101001 <
b11101001 5
b11101001 F
b11101001 4
b11101001 K
b1011101 2
b1011101 U
1'
b10101001111111 $
b10101001111111 -
b10101001111111 8
b10101001111111 =
b10101001111111 B
b10101001111111 G
b10101001111111 L
b10101001111111 Q
b10101001111111 V
b10101001111111 [
b10101001111111 )
b101 "
b101 ,
b101 *
b1 &
b1 .
b1 9
b1 C
b1 H
b1 R
b1 +
1#
#14040
0#
#14050
b10101001111111 !
b10101001111111 1
b10101001111111 6
b10101001111111 A
0?
b10101001111111 (
b10101001111111 @
0'
1#
#14060
0#
#14070
b1001001011011111 !
b1001001011011111 1
1X
b10111000000000 7
b10111000000000 <
b1011101100000000 5
b1011101100000000 F
b1100111100000000 4
b1100111100000000 K
b1101010000000000 2
b1101010000000000 U
1'
b110010011100000 $
b110010011100000 -
b110010011100000 8
b110010011100000 =
b110010011100000 B
b110010011100000 G
b110010011100000 L
b110010011100000 Q
b110010011100000 V
b110010011100000 [
b110010011100000 )
b110 "
b110 ,
b110 *
b10 &
b10 .
b10 9
b10 C
b10 H
b10 R
b10 +
1#
#14080
0#
#14090
b110010011100000 !
b110010011100000 1
b110010011100000 0
b110010011100000 Y
0X
b110010011100000 (
b110010011100000 Z
0'
1#
#14100
0#
#14110
1X
b101001 7
b101001 <
b11101001 5
b11101001 F
b11101001 4
b11101001 K
b1011101 2
b1011101 U
1'
b1000001100110001 $
b1000001100110001 -
b1000001100110001 8
b1000001100110001 =
b1000001100110001 B
b1000001100110001 G
b1000001100110001 L
b1000001100110001 Q
b1000001100110001 V
b1000001100110001 [
b1000001100110001 )
b1 &
b1 .
b1 9
b1 C
b1 H
b1 R
b1 +
1#
#14120
0#
#14130
b1000001100110001 !
b1000001100110001 1
b1000001100110001 0
b1000001100110001 Y
0X
b1000001100110001 (
b1000001100110001 Z
0'
1#
#14140
0#
#14150
b1000111101100001 !
b1000111101100001 1
1N
b10111000101001 7
b10111000101001 <
b1011101111101001 5
b1011101111101001 F
b1100111111101001 4
b1100111111101001 K
b1101010001011101 2
b1101010001011101 U
1'
b1111000001011101 $
b1111000001011101 -
b1111000001011101 8
b1111000001011101 =
b1111000001011101 B
b1111000001011101 G
b1111000001011101 L
b1111000001011101 Q
b1111000001011101 V
b1111000001011101 [
b1111000001011101 )
b111 "
b111 ,
b111 *
b11 &
b11 .
b11 9
b11 C
b11 H
b11 R
b11 +
1#
#14160
0#
#14170
b1111000001011101 !
b1111000001011101 1
b1111000001011101 3
b1111000001011101 P
0N
b1111000001011101 (
b1111000001011101 O
0'
1#
#14180
0#
#14190
b1100011001000100 !
b1100011001000100 1
1\
1'
b1101010101101001 $
b1101010101101001 -
b1101010101101001 8
b1101010101101001 =
b1101010101101001 B
b1101010101101001 G
b1101010101101001 L
b1101010101101001 Q
b1101010101101001 V
b1101010101101001 [
b1101010101101001 )
b100 "
b100 ,
b100 *
1#
#14200
0#
#14210
b1101010101101001 !
b1101010101101001 1
b1101010101101001 /
b1101010101101001 ]
0\
b1101010101101001 (
b1101010101101001 ^
0'
1#
#14220
0#
#14230
b1100111100000000 !
b1100111100000000 1
1I
b10111000000000 7
b10111000000000 <
b1011101100000000 5
b1011101100000000 F
b1100111100000000 4
b1100111100000000 K
b1101010000000000 2
b1101010000000000 U
1'
b10100101011100 $
b10100101011100 -
b10100101011100 8
b10100101011100 =
b10100101011100 B
b10100101011100 G
b10100101011100 L
b10100101011100 Q
b10100101011100 V
b10100101011100 [
b10100101011100 )
b10 "
b10 ,
b10 *
b10 &
b10 .
b10 9
b10 C
b10 H
b10 R
b10 +
1#
#14240
0#
#14250
b10100100000000 !
b10100100000000 1
b10100100000000 4
b10100100000000 K
0I
b10100100000000 (
b10100111101001 J
0'
1#
#14260
0#
#14270
b1111000001011101 !
b1111000001011101 1
1N
b101001 7
b101001 <
b11101001 5
b11101001 F
b11101001 4
b11101001 K
b1011101 2
b1011101 U
1'
b111101000111010 $
b111101000111010 -
b111101000111010 8
b111101000111010 =
b111101000111010 B
b111101000111010 G
b111101000111010 L
b111101000111010 Q
b111101000111010 V
b111101000111010 [
b111101000111010 )
b111 "
b111 ,
b111 *
b1 &
b1 .
b1 9
b1 C
b1 H
b1 R
b1 +
1#
#14280
0#
#14290
b111101000111010 !
b111101000111010 1
b111101000111010 3
b111101000111010 P
0N
b111101000111010 (
b111101000111010 O
0'
1#
#14300
0#
#14310
b1011101111101001 !
b1011101111101001 1
1D
b10111000101001 7
b10111000101001 <
b1011101111101001 5
b1011101111101001 F
b10100111101001 4
b10100111101001 K
b1101010001011101 2
b1101010001011101 U
1'
b11010100111001 $
b11010100111001 -
b11010100111001 8
b11010100111001 =
b11010100111001 B
b11010100111001 G
b11010100111001 L
b11010100111001 Q
b11010100111001 V
b11010100111001 [
b11010100111001 )
b1 "
b1 ,
b1 *
b0 &
b0 .
b0 9
b0 C
b0 H
b0 R
b0 +
1#
#14320
0#
#14330
b11010100111001 !
b11010100111001 1
b11010100111001 5
b11010100111001 F
0D
b11010100111001 (
b11010100111001 E
0'
1#
#14340
0#
#14350
1:
b101001 !
b101001 1
b101001 7
b101001 <
b111001 5
b111001 F
b11101001 4
b11101001 K
b1011101 2
b1011101 U
1'
b1010100001010110 $
b1010100001010110 -
b1010100001010110 8
b1010100001010110 =
b1010100001010110 B
b1010100001010110 G
b1010100001010110 L
b1010100001010110 Q
b1010100001010110 V
b1010100001010110 [
b1010100001010110 )
b0 "
b0 ,
b0 *
b1 &
b1 .
b1 9
b1 C
b1 H
b1 R
b1 +
1#
#14360
0#
#14370
b1010110 !
b1010110 1
b1010110 7
b1010110 <
0:
b1010110 (
b10111001010110 ;
0'
1#
#14380
0#
#14390
1S
b1101010001011101 !
b1101010001011101 1
b10111001010110 7
b10111001010110 <
b11010100111001 5
b11010100111001 F
b10100111101001 4
b10100111101001 K
b1101010001011101 2
b1101010001011101 U
1'
b11111100011010 $
b11111100011010 -
b11111100011010 8
b11111100011010 =
b11111100011010 B
b11111100011010 G
b11111100011010 L
b11111100011010 Q
b11111100011010 V
b11111100011010 [
b11111100011010 )
b11 "
b11 ,
b11 *
b0 &
b0 .
b0 9
b0 C
b0 H
b0 R
b0 +
1#
#14400
0#
#14410
b11111100011010 !
b11111100011010 1
b11111100011010 2
b11111100011010 U
0S
b11111100011010 (
b11111100011010 T
0'
1#
#14420
0#
#14430
b1000001100110001 !
b1000001100110001 1
1X
1'
b1000111011101000 $
b1000111011101000 -
b1000111011101000 8
b1000111011101000 =
b1000111011101000 B
b1000111011101000 G
b1000111011101000 L
b1000111011101000 Q
b1000111011101000 V
b1000111011101000 [
b1000111011101000 )
b110 "
b110 ,
b110 *
1#
#14440
0#
#14450
b1000111011101000 !
b1000111011101000 1
b1000111011101000 0
b1000111011101000 Y
0X
b1000111011101000 (
b1000111011101000 Z
0'
1#
#14460
0#
#14470
b10100111101001 !
b10100111101001 1
1I
1'
b10010100011101 $
b10010100011101 -
b10010100011101 8
b10010100011101 =
b10010100011101 B
b10010100011101 G
b10010100011101 L
b10010100011101 Q
b10010100011101 V
b10010100011101 [
b10010100011101 )
b10 "
b10 ,
b10 *
1#
#14480
0#
#14490
b10010100011101 !
b10010100011101 1
b10010100011101 4
b10010100011101 K
0I
b10010100011101 (
b10010100011101 J
0'
1#
#14500
0#
#14510
b1101010101101001 !
b1101010101101001 1
1\
b1010110 7
b1010110 <
b111001 5
b111001 F
b11101 4
b11101 K
b11010 2
b11010 U
1'
b111100011011010 $
b111100011011010 -
b111100011011010 8
b111100011011010 =
b111100011011010 B
b111100011011010 G
b111100011011010 L
b111100011011010 Q
b111100011011010 V
b111100011011010 [
b111100011011010 )
b100 "
b100 ,
b100 *
b1 &
b1 .
b1 9
b1 C
b1 H
b1 R
b1 +
1#
#14520
0#
#14530
b111100011011010 !
b111100011011010 1
b111100011011010 /
b111100011011010 ]
0\
b111100011011010 (
b111100011011010 ^
0'
1#
#14540
0#
#14550
b111101000111010 !
b111101000111010 1
1N
b10111001010110 7
b10111001010110 <
b11010100111001 5
b11010100111001 F
b10010100011101 4
b10010100011101 K
b11111100011010 2
b11111100011010 U
1'
b110001001100 $
b110001001100 -
b110001001100 8
b110001001100 =
b110001001100 B
b110001001100 G
b110001001100 L
b110001001100 Q
b110001001100 V
b110001001100 [
b110001001100 )
b111 "
b111 ,
b111 *
b0 &
b0 .
b0 9
b0 C
b0 H
b0 R
b0 +
1#
#14560
0#
#14570
b110001001100 !
b110001001100 1
b110001001100 3
b110001001100 P
0N
b110001001100 (
b110001001100 O
0'
1#
#14580
0#
#14590
b111001 !
b111001 1
1D
b1010110 7
b1010110 <
b111001 5
b111001 F
b11101 4
b11101 K
b11010 2
b11010 U
1'
b1110111001010001 $
b1110111001010001 -
b1110111001010001 8
b1110111001010001 =
b1110111001010001 B
b1110111001010001 G
b1110111001010001 L
b1110111001010001 Q
b1110111001010001 V
b1110111001010001 [
b1110111001010001 )
b1 "
b1 ,
b1 *
b1 &
b1 .
b1 9
b1 C
b1 H
b1 R
b1 +
1#
#14600
0#
#14610
b1010001 !
b1010001 1
b1010001 5
b1010001 F
0D
b1010001 (
b11010101010001 E
0'
1#
#14620
0#
#14630
b1000111011101000 !
b1000111011101000 1
1X
1'
b11001111110 $
b11001111110 -
b11001111110 8
b11001111110 =
b11001111110 B
b11001111110 G
b11001111110 L
b11001111110 Q
b11001111110 V
b11001111110 [
b11001111110 )
b110 "
b110 ,
b110 *
1#
#14640
0#
#14650
b11001111110 !
b11001111110 1
b11001111110 0
b11001111110 Y
0X
b11001111110 (
b11001111110 Z
0'
1#
#14660
0#
#14670
b110001001100 !
b110001001100 1
1N
b10111001010110 7
b10111001010110 <
b11010101010001 5
b11010101010001 F
b10010100011101 4
b10010100011101 K
b11111100011010 2
b11111100011010 U
1'
b1101011101001000 $
b1101011101001000 -
b1101011101001000 8
b1101011101001000 =
b1101011101001000 B
b1101011101001000 G
b1101011101001000 L
b1101011101001000 Q
b1101011101001000 V
b1101011101001000 [
b1101011101001000 )
b111 "
b111 ,
b111 *
b0 &
b0 .
b0 9
b0 C
b0 H
b0 R
b0 +
1#
#14680
0#
#14690
b1101011101001000 !
b1101011101001000 1
b1101011101001000 3
b1101011101001000 P
0N
b1101011101001000 (
b1101011101001000 O
0'
1#
#14700
0#
#14710
1:
b1010110 !
b1010110 1
b1010110 7
b1010110 <
b1010001 5
b1010001 F
b11101 4
b11101 K
b11010 2
b11010 U
1'
b1011010110100111 $
b1011010110100111 -
b1011010110100111 8
b1011010110100111 =
b1011010110100111 B
b1011010110100111 G
b1011010110100111 L
b1011010110100111 Q
b1011010110100111 V
b1011010110100111 [
b1011010110100111 )
b0 "
b0 ,
b0 *
b1 &
b1 .
b1 9
b1 C
b1 H
b1 R
b1 +
1#
#14720
0#
#14730
b10100111 !
b10100111 1
b10100111 7
b10100111 <
0:
b10100111 (
b10111010100111 ;
0'
1#
#14740
0#
#14750
b10111010100111 !
b10111010100111 1
1:
b10111010100111 7
b10111010100111 <
b11010101010001 5
b11010101010001 F
b10010100011101 4
b10010100011101 K
b11111100011010 2
b11111100011010 U
1'
b1001000100000000 $
b1001000100000000 -
b1001000100000000 8
b1001000100000000 =
b1001000100000000 B
b1001000100000000 G
b1001000100000000 L
b1001000100000000 Q
b1001000100000000 V
b1001000100000000 [
b1001000100000000 )
b11 &
b11 .
b11 9
b11 C
b11 H
b11 R
b11 +
1#
#14760
0#
#14770
b1001000100000000 !
b1001000100000000 1
b1001000100000000 7
b1001000100000000 <
0:
b1001000100000000 (
b1001000100000000 ;
0'
1#
#14780
0#
#14790
1?
b10101001111111 !
b10101001111111 1
1'
b1101111111110001 $
b1101111111110001 -
b1101111111110001 8
b1101111111110001 =
b1101111111110001 B
b1101111111110001 G
b1101111111110001 L
b1101111111110001 Q
b1101111111110001 V
b1101111111110001 [
b1101111111110001 )
b101 "
b101 ,
b101 *
b0 &
b0 .
b0 9
b0 C
b0 H
b0 R
b0 +
1#
#14800
0#
#14810
b1101111111110001 !
b1101111111110001 1
b1101111111110001 6
b1101111111110001 A
0?
b1101111111110001 (
b1101111111110001 @
0'
1#
#14820
0#
#14830
b11001111110 !
b11001111110 1
1X
b11010100000000 5
b11010100000000 F
b10010100000000 4
b10010100000000 K
b11111100000000 2
b11111100000000 U
1'
b1100111101000 $
b1100111101000 -
b1100111101000 8
b1100111101000 =
b1100111101000 B
b1100111101000 G
b1100111101000 L
b1100111101000 Q
b1100111101000 V
b1100111101000 [
b1100111101000 )
b110 "
b110 ,
b110 *
b10 &
b10 .
b10 9
b10 C
b10 H
b10 R
b10 +
1#
#14840
0#
#14850
b1100111101000 !
b1100111101000 1
b1100111101000 0
b1100111101000 Y
0X
b1100111101000 (
b1100111101000 Z
0'
1#
#14860
0#
#14870
1:
b0 !
b0 1
b0 7
b0 <
b1010001 5
b1010001 F
b11101 4
b11101 K
b11010 2
b11010 U
1'
b1101101011111 $
b1101101011111 -
b1101101011111 8
b1101101011111 =
b1101101011111 B
b1101101011111 G
b1101101011111 L
b1101101011111 Q
b1101101011111 V
b1101101011111 [
b1101101011111 )
b0 "
b0 ,
b0 *
b1 &
b1 .
b1 9
b1 C
b1 H
b1 R
b1 +
1#
#14880
0#
#14890
b1011111 !
b1011111 1
b1011111 7
b1011111 <
0:
b1011111 (
b1001000101011111 ;
0'
1#
#14900
0#
#14910
1D
b1010001 !
b1010001 1
1'
b10100000100101 $
b10100000100101 -
b10100000100101 8
b10100000100101 =
b10100000100101 B
b10100000100101 G
b10100000100101 L
b10100000100101 Q
b10100000100101 V
b10100000100101 [
b10100000100101 )
b1 "
b1 ,
b1 *
1#
#14920
0#
#14930
b100101 !
b100101 1
b100101 5
b100101 F
0D
b100101 (
b11010100100101 E
0'
1#
#14940
0#
#14950
b11010100100101 !
b11010100100101 1
1D
b1001000101011111 7
b1001000101011111 <
b11010100100101 5
b11010100100101 F
b10010100011101 4
b10010100011101 K
b11111100011010 2
b11111100011010 U
1'
b110110001011110 $
b110110001011110 -
b110110001011110 8
b110110001011110 =
b110110001011110 B
b110110001011110 G
b110110001011110 L
b110110001011110 Q
b110110001011110 V
b110110001011110 [
b110110001011110 )
b0 &
b0 .
b0 9
b0 C
b0 H
b0 R
b0 +
1#
#14960
0#
#14970
b110110001011110 !
b110110001011110 1
b110110001011110 5
b110110001011110 F
0D
b110110001011110 (
b110110001011110 E
0'
1#
#14980
0#
#14990
b10010100011101 !
b10010100011101 1
1I
1'
b101001100100111 $
b101001100100111 -
b101001100100111 8
b101001100100111 =
b101001100100111 B
b101001100100111 G
b101001100100111 L
b101001100100111 Q
b101001100100111 V
b101001100100111 [
b101001100100111 )
b10 "
b10 ,
b10 *
b11 &
b11 .
b11 9
b11 C
b11 H
b11 R
b11 +
1#
#15000
0#
#15010
b101001100100111 !
b101001100100111 1
b101001100100111 4
b101001100100111 K
0I
b101001100100111 (
b101001100100111 J
0'
1#
#15020
0#
#15030
1I
1'
b1110010010010010 $
b1110010010010010 -
b1110010010010010 8
b1110010010010010 =
b1110010010010010 B
b1110010010010010 G
b1110010010010010 L
b1110010010010010 Q
b1110010010010010 V
b1110010010010010 [
b1110010010010010 )
b0 &
b0 .
b0 9
b0 C
b0 H
b0 R
b0 +
1#
#15040
0#
#15050
b1110010010010010 !
b1110010010010010 1
b1110010010010010 4
b1110010010010010 K
0I
b1110010010010010 (
b1110010010010010 J
0'
1#
#15060
0#
#15070
b1101111111110001 !
b1101111111110001 1
1?
1'
b10101001101111 $
b10101001101111 -
b10101001101111 8
b10101001101111 =
b10101001101111 B
b10101001101111 G
b10101001101111 L
b10101001101111 Q
b10101001101111 V
b10101001101111 [
b10101001101111 )
b101 "
b101 ,
b101 *
1#
#15080
0#
#15090
b10101001101111 !
b10101001101111 1
b10101001101111 6
b10101001101111 A
0?
b10101001101111 (
b10101001101111 @
0'
1#
#15100
0#
#15110
b1101011101001000 !
b1101011101001000 1
1N
b1011111 7
b1011111 <
b1011110 5
b1011110 F
b10010010 4
b10010010 K
b11010 2
b11010 U
1'
b11100000010110 $
b11100000010110 -
b11100000010110 8
b11100000010110 =
b11100000010110 B
b11100000010110 G
b11100000010110 L
b11100000010110 Q
b11100000010110 V
b11100000010110 [
b11100000010110 )
b111 "
b111 ,
b111 *
b1 &
b1 .
b1 9
b1 C
b1 H
b1 R
b1 +
1#
#15120
0#
#15130
b11100000010110 !
b11100000010110 1
b11100000010110 3
b11100000010110 P
0N
b11100000010110 (
b11100000010110 O
0'
1#
#15140
0#
#15150
b1100111101000 !
b1100111101000 1
1X
b1001000100000000 7
b1001000100000000 <
b110110000000000 5
b110110000000000 F
b1110010000000000 4
b1110010000000000 K
b11111100000000 2
b11111100000000 U
1'
b101100111100011 $
b101100111100011 -
b101100111100011 8
b101100111100011 =
b101100111100011 B
b101100111100011 G
b101100111100011 L
b101100111100011 Q
b101100111100011 V
b101100111100011 [
b101100111100011 )
b110 "
b110 ,
b110 *
b10 &
b10 .
b10 9
b10 C
b10 H
b10 R
b10 +
1#
#15160
0#
#15170
b101100111100011 !
b101100111100011 1
b101100111100011 0
b101100111100011 Y
0X
b101100111100011 (
b101100111100011 Z
0'
1#
#15180
0#
#15190
b11111100000000 !
b11111100000000 1
1S
1'
b111010101101000 $
b111010101101000 -
b111010101101000 8
b111010101101000 =
b111010101101000 B
b111010101101000 G
b111010101101000 L
b111010101101000 Q
b111010101101000 V
b111010101101000 [
b111010101101000 )
b11 "
b11 ,
b11 *
1#
#15200
0#
#15210
b111010100000000 !
b111010100000000 1
b111010100000000 2
b111010100000000 U
0S
b111010100000000 (
b111010100011010 T
0'
1#
#15220
0#
#15230
b11100000010110 !
b11100000010110 1
1N
b1011111 7
b1011111 <
b1011110 5
b1011110 F
b10010010 4
b10010010 K
b11010 2
b11010 U
1'
b1100100001010101 $
b1100100001010101 -
b1100100001010101 8
b1100100001010101 =
b1100100001010101 B
b1100100001010101 G
b1100100001010101 L
b1100100001010101 Q
b1100100001010101 V
b1100100001010101 [
b1100100001010101 )
b111 "
b111 ,
b111 *
b1 &
b1 .
b1 9
b1 C
b1 H
b1 R
b1 +
1#
#15240
0#
#15250
b1100100001010101 !
b1100100001010101 1
b1100100001010101 3
b1100100001010101 P
0N
b1100100001010101 (
b1100100001010101 O
0'
1#
#15260
0#
#15270
b10101001101111 !
b10101001101111 1
1?
1'
b1000011011001101 $
b1000011011001101 -
b1000011011001101 8
b1000011011001101 =
b1000011011001101 B
b1000011011001101 G
b1000011011001101 L
b1000011011001101 Q
b1000011011001101 V
b1000011011001101 [
b1000011011001101 )
b101 "
b101 ,
b101 *
1#
#15280
0#
#15290
b1000011011001101 !
b1000011011001101 1
b1000011011001101 6
b1000011011001101 A
0?
b1000011011001101 (
b1000011011001101 @
0'
1#
#15300
0#
#15310
b111100011011010 !
b111100011011010 1
1\
1'
b1011111010000010 $
b1011111010000010 -
b1011111010000010 8
b1011111010000010 =
b1011111010000010 B
b1011111010000010 G
b1011111010000010 L
b1011111010000010 Q
b1011111010000010 V
b1011111010000010 [
b1011111010000010 )
b100 "
b100 ,
b100 *
1#
#15320
0#
#15330
b1011111010000010 !
b1011111010000010 1
b1011111010000010 /
b1011111010000010 ]
0\
b1011111010000010 (
b1011111010000010 ^
0'
1#
#15340
0#
#15350
b1110010010010010 !
b1110010010010010 1
1I
b1001000101011111 7
b1001000101011111 <
b110110001011110 5
b110110001011110 F
b1110010010010010 4
b1110010010010010 K
b111010100011010 2
b111010100011010 U
1'
b1110111110101100 $
b1110111110101100 -
b1110111110101100 8
b1110111110101100 =
b1110111110101100 B
b1110111110101100 G
b1110111110101100 L
b1110111110101100 Q
b1110111110101100 V
b1110111110101100 [
b1110111110101100 )
b10 "
b10 ,
b10 *
b11 &
b11 .
b11 9
b11 C
b11 H
b11 R
b11 +
1#
#15360
0#
#15370
b1110111110101100 !
b1110111110101100 1
b1110111110101100 4
b1110111110101100 K
0I
b1110111110101100 (
b1110111110101100 J
0'
1#
#15380
0#
#15390
b1011111010000010 !
b1011111010000010 1
1\
b1001000100000000 7
b1001000100000000 <
b110110000000000 5
b110110000000000 F
b1110111100000000 4
b1110111100000000 K
b111010100000000 2
b111010100000000 U
1'
b1111101101011110 $
b1111101101011110 -
b1111101101011110 8
b1111101101011110 =
b1111101101011110 B
b1111101101011110 G
b1111101101011110 L
b1111101101011110 Q
b1111101101011110 V
b1111101101011110 [
b1111101101011110 )
b100 "
b100 ,
b100 *
b10 &
b10 .
b10 9
b10 C
b10 H
b10 R
b10 +
1#
#15400
0#
#15410
b1111101101011110 !
b1111101101011110 1
b1111101101011110 /
b1111101101011110 ]
0\
b1111101101011110 (
b1111101101011110 ^
0'
1#
#15420
0#
#15430
b1000011011001101 !
b1000011011001101 1
1?
b1001000101011111 7
b1001000101011111 <
b110110001011110 5
b110110001011110 F
b1110111110101100 4
b1110111110101100 K
b111010100011010 2
b111010100011010 U
1'
b101100000001010 $
b101100000001010 -
b101100000001010 8
b101100000001010 =
b101100000001010 B
b101100000001010 G
b101100000001010 L
b101100000001010 Q
b101100000001010 V
b101100000001010 [
b101100000001010 )
b101 "
b101 ,
b101 *
b0 &
b0 .
b0 9
b0 C
b0 H
b0 R
b0 +
1#
#15440
0#
#15450
b101100000001010 !
b101100000001010 1
b101100000001010 6
b101100000001010 A
0?
b101100000001010 (
b101100000001010 @
0'
1#
#15460
0#
#15470
b1100100001010101 !
b1100100001010101 1
1N
b1011111 7
b1011111 <
b1011110 5
b1011110 F
b10101100 4
b10101100 K
b11010 2
b11010 U
1'
b1101100011110001 $
b1101100011110001 -
b1101100011110001 8
b1101100011110001 =
b1101100011110001 B
b1101100011110001 G
b1101100011110001 L
b1101100011110001 Q
b1101100011110001 V
b1101100011110001 [
b1101100011110001 )
b111 "
b111 ,
b111 *
b1 &
b1 .
b1 9
b1 C
b1 H
b1 R
b1 +
1#
#15480
0#
#15490
b1101100011110001 !
b1101100011110001 1
b1101100011110001 3
b1101100011110001 P
0N
b1101100011110001 (
b1101100011110001 O
0'
1#
#15500
0#
#15510
1N
b1001000101011111 7
b1001000101011111 <
b110110001011110 5
b110110001011110 F
b1110111110101100 4
b1110111110101100 K
b111010100011010 2
b111010100011010 U
1'
b11100100110100 $
b11100100110100 -
b11100100110100 8
b11100100110100 =
b11100100110100 B
b11100100110100 G
b11100100110100 L
b11100100110100 Q
b11100100110100 V
b11100100110100 [
b11100100110100 )
b0 &
b0 .
b0 9
b0 C
b0 H
b0 R
b0 +
1#
#15520
0#
#15530
b11100100110100 !
b11100100110100 1
b11100100110100 3
b11100100110100 P
0N
b11100100110100 (
b11100100110100 O
0'
1#
#15540
0#
#15550
b1111101101011110 !
b1111101101011110 1
1\
1'
b111000100110001 $
b111000100110001 -
b111000100110001 8
b111000100110001 =
b111000100110001 B
b111000100110001 G
b111000100110001 L
b111000100110001 Q
b111000100110001 V
b111000100110001 [
b111000100110001 )
b100 "
b100 ,
b100 *
b11 &
b11 .
b11 9
b11 C
b11 H
b11 R
b11 +
1#
#15560
0#
#15570
b111000100110001 !
b111000100110001 1
b111000100110001 /
b111000100110001 ]
0\
b111000100110001 (
b111000100110001 ^
0'
1#
#15580
0#
#15590
b101100111100011 !
b101100111100011 1
1X
b1001000100000000 7
b1001000100000000 <
b110110000000000 5
b110110000000000 F
b1110111100000000 4
b1110111100000000 K
b111010100000000 2
b111010100000000 U
1'
b111001100001110 $
b111001100001110 -
b111001100001110 8
b111001100001110 =
b111001100001110 B
b111001100001110 G
b111001100001110 L
b111001100001110 Q
b111001100001110 V
b111001100001110 [
b111001100001110 )
b110 "
b110 ,
b110 *
b10 &
b10 .
b10 9
b10 C
b10 H
b10 R
b10 +
1#
#15600
0#
#15610
b111001100001110 !
b111001100001110 1
b111001100001110 0
b111001100001110 Y
0X
b111001100001110 (
b111001100001110 Z
0'
1#
#15620
0#
#15630
b101100000001010 !
b101100000001010 1
1?
b1001000101011111 7
b1001000101011111 <
b110110001011110 5
b110110001011110 F
b1110111110101100 4
b1110111110101100 K
b111010100011010 2
b111010100011010 U
1'
b1011100101001000 $
b1011100101001000 -
b1011100101001000 8
b1011100101001000 =
b1011100101001000 B
b1011100101001000 G
b1011100101001000 L
b1011100101001000 Q
b1011100101001000 V
b1011100101001000 [
b1011100101001000 )
b101 "
b101 ,
b101 *
b0 &
b0 .
b0 9
b0 C
b0 H
b0 R
b0 +
1#
#15640
0#
#15650
b1011100101001000 !
b1011100101001000 1
b1011100101001000 6
b1011100101001000 A
0?
b1011100101001000 (
b1011100101001000 @
0'
1#
#15660
0#
#15670
b111001100001110 !
b111001100001110 1
1X
b1001000100000000 7
b1001000100000000 <
b110110000000000 5
b110110000000000 F
b1110111100000000 4
b1110111100000000 K
b111010100000000 2
b111010100000000 U
1'
b1111010011001101 $
b1111010011001101 -
b1111010011001101 8
b1111010011001101 =
b1111010011001101 B
b1111010011001101 G
b1111010011001101 L
b1111010011001101 Q
b1111010011001101 V
b1111010011001101 [
b1111010011001101 )
b110 "
b110 ,
b110 *
b10 &
b10 .
b10 9
b10 C
b10 H
b10 R
b10 +
1#
#15680
0#
#15690
b1111010011001101 !
b1111010011001101 1
b1111010011001101 0
b1111010011001101 Y
0X
b1111010011001101 (
b1111010011001101 Z
0'
1#
#15700
0#
#15710
1X
b1001000101011111 7
b1001000101011111 <
b110110001011110 5
b110110001011110 F
b1110111110101100 4
b1110111110101100 K
b111010100011010 2
b111010100011010 U
1'
b1010001011100011 $
b1010001011100011 -
b1010001011100011 8
b1010001011100011 =
b1010001011100011 B
b1010001011100011 G
b1010001011100011 L
b1010001011100011 Q
b1010001011100011 V
b1010001011100011 [
b1010001011100011 )
b11 &
b11 .
b11 9
b11 C
b11 H
b11 R
b11 +
1#
#15720
0#
#15730
b1010001011100011 !
b1010001011100011 1
b1010001011100011 0
b1010001011100011 Y
0X
b1010001011100011 (
b1010001011100011 Z
0'
1#
#15740
0#
#15750
b11010 !
b11010 1
1S
b1011111 7
b1011111 <
b1011110 5
b1011110 F
b10101100 4
b10101100 K
b11010 2
b11010 U
1'
b101100011000010 $
b101100011000010 -
b101100011000010 8
b101100011000010 =
b101100011000010 B
b101100011000010 G
b101100011000010 L
b101100011000010 Q
b101100011000010 V
b101100011000010 [
b101100011000010 )
b11 "
b11 ,
b11 *
b1 &
b1 .
b1 9
b1 C
b1 H
b1 R
b1 +
1#
#15760
0#
#15770
b11000010 !
b11000010 1
b11000010 2
b11000010 U
0S
b11000010 (
b111010111000010 T
0'
1#
#15780
0#
#15790
b110110001011110 !
b110110001011110 1
1D
b1001000101011111 7
b1001000101011111 <
b110110001011110 5
b110110001011110 F
b1110111110101100 4
b1110111110101100 K
b111010111000010 2
b111010111000010 U
1'
b11011000011101 $
b11011000011101 -
b11011000011101 8
b11011000011101 =
b11011000011101 B
b11011000011101 G
b11011000011101 L
b11011000011101 Q
b11011000011101 V
b11011000011101 [
b11011000011101 )
b1 "
b1 ,
b1 *
b0 &
b0 .
b0 9
b0 C
b0 H
b0 R
b0 +
1#
#15800
0#
#15810
b11011000011101 !
b11011000011101 1
b11011000011101 5
b11011000011101 F
0D
b11011000011101 (
b11011000011101 E
0'
1#
#15820
0#
#15830
b111000100110001 !
b111000100110001 1
1\
1'
b1000011000000101 $
b1000011000000101 -
b1000011000000101 8
b1000011000000101 =
b1000011000000101 B
b1000011000000101 G
b1000011000000101 L
b1000011000000101 Q
b1000011000000101 V
b1000011000000101 [
b1000011000000101 )
b100 "
b100 ,
b100 *
b11 &
b11 .
b11 9
b11 C
b11 H
b11 R
b11 +
1#
#15840
0#
#15850
b1000011000000101 !
b1000011000000101 1
b1000011000000101 /
b1000011000000101 ]
0\
b1000011000000101 (
b1000011000000101 ^
0'
1#
#15860
0#
#15870
b11101 !
b11101 1
1D
b1011111 7
b1011111 <
b11101 5
b11101 F
b10101100 4
b10101100 K
b11000010 2
b11000010 U
1'
b1100000001101011 $
b1100000001101011 -
b1100000001101011 8
b1100000001101011 =
b1100000001101011 B
b1100000001101011 G
b1100000001101011 L
b1100000001101011 Q
b1100000001101011 V
b1100000001101011 [
b1100000001101011 )
b1 "
b1 ,
b1 *
b1 &
b1 .
b1 9
b1 C
b1 H
b1 R
b1 +
1#
#15880
0#
#15890
b1101011 !
b1101011 1
b1101011 5
b1101011 F
0D
b1101011 (
b11011001101011 E
0'
1#
#15900
0#
#15910
b111010111000010 !
b111010111000010 1
1S
b1001000101011111 7
b1001000101011111 <
b11011001101011 5
b11011001101011 F
b1110111110101100 4
b1110111110101100 K
b111010111000010 2
b111010111000010 U
1'
b101000110100101 $
b101000110100101 -
b101000110100101 8
b101000110100101 =
b101000110100101 B
b101000110100101 G
b101000110100101 L
b101000110100101 Q
b101000110100101 V
b101000110100101 [
b101000110100101 )
b11 "
b11 ,
b11 *
b0 &
b0 .
b0 9
b0 C
b0 H
b0 R
b0 +
1#
#15920
0#
#15930
b101000110100101 !
b101000110100101 1
b101000110100101 2
b101000110100101 U
0S
b101000110100101 (
b101000110100101 T
0'
1#
#15940
0#
#15950
b1011100101001000 !
b1011100101001000 1
1?
1'
b1110001101001111 $
b1110001101001111 -
b1110001101001111 8
b1110001101001111 =
b1110001101001111 B
b1110001101001111 G
b1110001101001111 L
b1110001101001111 Q
b1110001101001111 V
b1110001101001111 [
b1110001101001111 )
b101 "
b101 ,
b101 *
b11 &
b11 .
b11 9
b11 C
b11 H
b11 R
b11 +
1#
#15960
0#
#15970
b1110001101001111 !
b1110001101001111 1
b1110001101001111 6
b1110001101001111 A
0?
b1110001101001111 (
b1110001101001111 @
0'
1#
#15980
0#
#15990
1:
b1001000101011111 !
b1001000101011111 1
1'
b1010110000111 $
b1010110000111 -
b1010110000111 8
b1010110000111 =
b1010110000111 B
b1010110000111 G
b1010110000111 L
b1010110000111 Q
b1010110000111 V
b1010110000111 [
b1010110000111 )
b0 "
b0 ,
b0 *
b0 &
b0 .
b0 9
b0 C
b0 H
b0 R
b0 +
1#
#16000
0#
#16010
b1010110000111 !
b1010110000111 1
b1010110000111 7
b1010110000111 <
0:
b1010110000111 (
b1010110000111 ;
0'
1#
#16020
0#
#16030
1?
b1110001101001111 !
b1110001101001111 1
b1010100000000 7
b1010100000000 <
b11011000000000 5
b11011000000000 F
b1110111100000000 4
b1110111100000000 K
b101000100000000 2
b101000100000000 U
1'
b1100000110011110 $
b1100000110011110 -
b1100000110011110 8
b1100000110011110 =
b1100000110011110 B
b1100000110011110 G
b1100000110011110 L
b1100000110011110 Q
b1100000110011110 V
b1100000110011110 [
b1100000110011110 )
b101 "
b101 ,
b101 *
b10 &
b10 .
b10 9
b10 C
b10 H
b10 R
b10 +
1#
#16040
0#
#16050
b1100000110011110 !
b1100000110011110 1
b1100000110011110 6
b1100000110011110 A
0?
b1100000110011110 (
b1100000110011110 @
0'
1#
#16060
0#
#16070
1?
b1010110000111 7
b1010110000111 <
b11011001101011 5
b11011001101011 F
b1110111110101100 4
b1110111110101100 K
b101000110100101 2
b101000110100101 U
1'
b101111101010100 $
b101111101010100 -
b101111101010100 8
b101111101010100 =
b101111101010100 B
b101111101010100 G
b101111101010100 L
b101111101010100 Q
b101111101010100 V
b101111101010100 [
b101111101010100 )
b11 &
b11 .
b11 9
b11 C
b11 H
b11 R
b11 +
1#
#16080
0#
#16090
b101111101010100 !
b101111101010100 1
b101111101010100 6
b101111101010100 A
0?
b101111101010100 (
b101111101010100 @
0'
1#
#16100
0#
#16110
1:
b1010110000111 !
b1010110000111 1
1'
b1001101010000 $
b1001101010000 -
b1001101010000 8
b1001101010000 =
b1001101010000 B
b1001101010000 G
b1001101010000 L
b1001101010000 Q
b1001101010000 V
b1001101010000 [
b1001101010000 )
b0 "
b0 ,
b0 *
b0 &
b0 .
b0 9
b0 C
b0 H
b0 R
b0 +
1#
#16120
0#
#16130
b1001101010000 !
b1001101010000 1
b1001101010000 7
b1001101010000 <
0:
b1001101010000 (
b1001101010000 ;
0'
1#
#16140
0#
#16150
1I
b10101100 !
b10101100 1
b1010000 7
b1010000 <
b1101011 5
b1101011 F
b10101100 4
b10101100 K
b10100101 2
b10100101 U
1'
b1000001101101010 $
b1000001101101010 -
b1000001101101010 8
b1000001101101010 =
b1000001101101010 B
b1000001101101010 G
b1000001101101010 L
b1000001101101010 Q
b1000001101101010 V
b1000001101101010 [
b1000001101101010 )
b10 "
b10 ,
b10 *
b1 &
b1 .
b1 9
b1 C
b1 H
b1 R
b1 +
1#
#16160
0#
#16170
b1101010 !
b1101010 1
b1101010 4
b1101010 K
0I
b1101010 (
b1110111101101010 J
0'
1#
#16180
0#
#16190
b101000110100101 !
b101000110100101 1
1S
b1001101010000 7
b1001101010000 <
b11011001101011 5
b11011001101011 F
b1110111101101010 4
b1110111101101010 K
b101000110100101 2
b101000110100101 U
1'
b101011110100000 $
b101011110100000 -
b101011110100000 8
b101011110100000 =
b101011110100000 B
b101011110100000 G
b101011110100000 L
b101011110100000 Q
b101011110100000 V
b101011110100000 [
b101011110100000 )
b11 "
b11 ,
b11 *
b0 &
b0 .
b0 9
b0 C
b0 H
b0 R
b0 +
1#
#16200
0#
#16210
b101011110100000 !
b101011110100000 1
b101011110100000 2
b101011110100000 U
0S
b101011110100000 (
b101011110100000 T
0'
1#
#16220
0#
#16230
1:
b1001101010000 !
b1001101010000 1
1'
b100001010101000 $
b100001010101000 -
b100001010101000 8
b100001010101000 =
b100001010101000 B
b100001010101000 G
b100001010101000 L
b100001010101000 Q
b100001010101000 V
b100001010101000 [
b100001010101000 )
b0 "
b0 ,
b0 *
b11 &
b11 .
b11 9
b11 C
b11 H
b11 R
b11 +
1#
#16240
0#
#16250
b100001010101000 !
b100001010101000 1
b100001010101000 7
b100001010101000 <
0:
b100001010101000 (
b100001010101000 ;
0'
1#
#16260
0#
#16270
b10101000 !
b10101000 1
1:
b10101000 7
b10101000 <
b1101011 5
b1101011 F
b1101010 4
b1101010 K
b10100000 2
b10100000 U
1'
b1101110010111000 $
b1101110010111000 -
b1101110010111000 8
b1101110010111000 =
b1101110010111000 B
b1101110010111000 G
b1101110010111000 L
b1101110010111000 Q
b1101110010111000 V
b1101110010111000 [
b1101110010111000 )
b1 &
b1 .
b1 9
b1 C
b1 H
b1 R
b1 +
1#
#16280
0#
#16290
b10111000 !
b10111000 1
b10111000 7
b10111000 <
0:
b10111000 (
b100001010111000 ;
0'
1#
#16300
0#
#16310
1S
b101011100000000 !
b101011100000000 1
b100001000000000 7
b100001000000000 <
b11011000000000 5
b11011000000000 F
b1110111100000000 4
b1110111100000000 K
b101011100000000 2
b101011100000000 U
1'
b111000000100101 $
b111000000100101 -
b111000000100101 8
b111000000100101 =
b111000000100101 B
b111000000100101 G
b111000000100101 L
b111000000100101 Q
b111000000100101 V
b111000000100101 [
b111000000100101 )
b11 "
b11 ,
b11 *
b10 &
b10 .
b10 9
b10 C
b10 H
b10 R
b10 +
1#
#16320
0#
#16330
b111000000000000 !
b111000000000000 1
b111000000000000 2
b111000000000000 U
0S
b111000000000000 (
b111000010100000 T
0'
1#
#16340
0#
#16350
b10100000 !
b10100000 1
1S
b10111000 7
b10111000 <
b1101011 5
b1101011 F
b1101010 4
b1101010 K
b10100000 2
b10100000 U
1'
b1111010100110101 $
b1111010100110101 -
b1111010100110101 8
b1111010100110101 =
b1111010100110101 B
b1111010100110101 G
b1111010100110101 L
b1111010100110101 Q
b1111010100110101 V
b1111010100110101 [
b1111010100110101 )
b1 &
b1 .
b1 9
b1 C
b1 H
b1 R
b1 +
1#
#16360
0#
#16370
b110101 !
b110101 1
b110101 2
b110101 U
0S
b110101 (
b111000000110101 T
0'
1#
#16380
0#
#16390
b1010001011100011 !
b1010001011100011 1
1X
b100001010111000 7
b100001010111000 <
b11011001101011 5
b11011001101011 F
b1110111101101010 4
b1110111101101010 K
b111000000110101 2
b111000000110101 U
1'
b1000010011110101 $
b1000010011110101 -
b1000010011110101 8
b1000010011110101 =
b1000010011110101 B
b1000010011110101 G
b1000010011110101 L
b1000010011110101 Q
b1000010011110101 V
b1000010011110101 [
b1000010011110101 )
b110 "
b110 ,
b110 *
b0 &
b0 .
b0 9
b0 C
b0 H
b0 R
b0 +
1#
#16400
0#
#16410
b1000010011110101 !
b1000010011110101 1
b1000010011110101 0
b1000010011110101 Y
0X
b1000010011110101 (
b1000010011110101 Z
0'
1#
#16420
0#
#16430
b11100100110100 !
b11100100110100 1
1N
b100001000000000 7
b100001000000000 <
b11011000000000 5
b11011000000000 F
b1110111100000000 4
b1110111100000000 K
b111000000000000 2
b111000000000000 U
1'
b1000100100101 $
b1000100100101 -
b1000100100101 8
b1000100100101 =
b1000100100101 B
b1000100100101 G
b1000100100101 L
b1000100100101 Q
b1000100100101 V
b1000100100101 [
b1000100100101 )
b111 "
b111 ,
b111 *
b10 &
b10 .
b10 9
b10 C
b10 H
b10 R
b10 +
1#
#16440
0#
#16450
b1000100100101 !
b1000100100101 1
b1000100100101 3
b1000100100101 P
0N
b1000100100101 (
b1000100100101 O
0'
1#
#16460
0#
#16470
b101111101010100 !
b101111101010100 1
1?
b100001010111000 7
b100001010111000 <
b11011001101011 5
b11011001101011 F
b1110111101101010 4
b1110111101101010 K
b111000000110101 2
b111000000110101 U
1'
b100011001111001 $
b100011001111001 -
b100011001111001 8
b100011001111001 =
b100011001111001 B
b100011001111001 G
b100011001111001 L
b100011001111001 Q
b100011001111001 V
b100011001111001 [
b100011001111001 )
b101 "
b101 ,
b101 *
b11 &
b11 .
b11 9
b11 C
b11 H
b11 R
b11 +
1#
#16480
0#
#16490
b100011001111001 !
b100011001111001 1
b100011001111001 6
b100011001111001 A
0?
b100011001111001 (
b100011001111001 @
0'
1#
#16500
0#
#16510
b1000010011110101 !
b1000010011110101 1
1X
1'
b1101001111001001 $
b1101001111001001 -
b1101001111001001 8
b1101001111001001 =
b1101001111001001 B
b1101001111001001 G
b1101001111001001 L
b1101001111001001 Q
b1101001111001001 V
b1101001111001001 [
b1101001111001001 )
b110 "
b110 ,
b110 *
1#
#16520
0#
#16530
b1101001111001001 !
b1101001111001001 1
b1101001111001001 0
b1101001111001001 Y
0X
b1101001111001001 (
b1101001111001001 Z
0'
1#
#16540
0#
#16550
1X
b10111000 7
b10111000 <
b1101011 5
b1101011 F
b1101010 4
b1101010 K
b110101 2
b110101 U
1'
b110100001110011 $
b110100001110011 -
b110100001110011 8
b110100001110011 =
b110100001110011 B
b110100001110011 G
b110100001110011 L
b110100001110011 Q
b110100001110011 V
b110100001110011 [
b110100001110011 )
b1 &
b1 .
b1 9
b1 C
b1 H
b1 R
b1 +
1#
#16560
0#
#16570
b110100001110011 !
b110100001110011 1
b110100001110011 0
b110100001110011 Y
0X
b110100001110011 (
b110100001110011 Z
0'
1#
#16580
0#
#16590
1X
b100001010111000 7
b100001010111000 <
b11011001101011 5
b11011001101011 F
b1110111101101010 4
b1110111101101010 K
b111000000110101 2
b111000000110101 U
1'
b100001000110100 $
b100001000110100 -
b100001000110100 8
b100001000110100 =
b100001000110100 B
b100001000110100 G
b100001000110100 L
b100001000110100 Q
b100001000110100 V
b100001000110100 [
b100001000110100 )
b0 &
b0 .
b0 9
b0 C
b0 H
b0 R
b0 +
1#
#16600
0#
#16610
b100001000110100 !
b100001000110100 1
b100001000110100 0
b100001000110100 Y
0X
b100001000110100 (
b100001000110100 Z
0'
1#
#16620
0#
#16630
b100011001111001 !
b100011001111001 1
1?
b10111000 7
b10111000 <
b1101011 5
b1101011 F
b1101010 4
b1101010 K
b110101 2
b110101 U
1'
b10100000011011 $
b10100000011011 -
b10100000011011 8
b10100000011011 =
b10100000011011 B
b10100000011011 G
b10100000011011 L
b10100000011011 Q
b10100000011011 V
b10100000011011 [
b10100000011011 )
b101 "
b101 ,
b101 *
b1 &
b1 .
b1 9
b1 C
b1 H
b1 R
b1 +
1#
#16640
0#
#16650
b10100000011011 !
b10100000011011 1
b10100000011011 6
b10100000011011 A
0?
b10100000011011 (
b10100000011011 @
0'
1#
#16660
0#
#16670
b100001000110100 !
b100001000110100 1
1X
b100001010111000 7
b100001010111000 <
b11011001101011 5
b11011001101011 F
b1110111101101010 4
b1110111101101010 K
b111000000110101 2
b111000000110101 U
1'
b1110001010110100 $
b1110001010110100 -
b1110001010110100 8
b1110001010110100 =
b1110001010110100 B
b1110001010110100 G
b1110001010110100 L
b1110001010110100 Q
b1110001010110100 V
b1110001010110100 [
b1110001010110100 )
b110 "
b110 ,
b110 *
b0 &
b0 .
b0 9
b0 C
b0 H
b0 R
b0 +
1#
#16680
0#
#16690
b1110001010110100 !
b1110001010110100 1
b1110001010110100 0
b1110001010110100 Y
0X
b1110001010110100 (
b1110001010110100 Z
0'
1#
#16700
0#
#16710
b1000011000000101 !
b1000011000000101 1
1\
b100001000000000 7
b100001000000000 <
b11011000000000 5
b11011000000000 F
b1110111100000000 4
b1110111100000000 K
b111000000000000 2
b111000000000000 U
1'
b1111000101011001 $
b1111000101011001 -
b1111000101011001 8
b1111000101011001 =
b1111000101011001 B
b1111000101011001 G
b1111000101011001 L
b1111000101011001 Q
b1111000101011001 V
b1111000101011001 [
b1111000101011001 )
b100 "
b100 ,
b100 *
b10 &
b10 .
b10 9
b10 C
b10 H
b10 R
b10 +
1#
#16720
0#
#16730
b1111000101011001 !
b1111000101011001 1
b1111000101011001 /
b1111000101011001 ]
0\
b1111000101011001 (
b1111000101011001 ^
0'
1#
#16740
0#
#16750
1\
b100001010111000 7
b100001010111000 <
b11011001101011 5
b11011001101011 F
b1110111101101010 4
b1110111101101010 K
b111000000110101 2
b111000000110101 U
1'
b1100101010011101 $
b1100101010011101 -
b1100101010011101 8
b1100101010011101 =
b1100101010011101 B
b1100101010011101 G
b1100101010011101 L
b1100101010011101 Q
b1100101010011101 V
b1100101010011101 [
b1100101010011101 )
b0 &
b0 .
b0 9
b0 C
b0 H
b0 R
b0 +
1#
#16760
0#
#16770
b1100101010011101 !
b1100101010011101 1
b1100101010011101 /
b1100101010011101 ]
0\
b1100101010011101 (
b1100101010011101 ^
0'
1#
#16780
0#
#16790
b1000100100101 !
b1000100100101 1
1N
1'
b1111011001100100 $
b1111011001100100 -
b1111011001100100 8
b1111011001100100 =
b1111011001100100 B
b1111011001100100 G
b1111011001100100 L
b1111011001100100 Q
b1111011001100100 V
b1111011001100100 [
b1111011001100100 )
b111 "
b111 ,
b111 *
1#
#16800
0#
#16810
b1111011001100100 !
b1111011001100100 1
b1111011001100100 3
b1111011001100100 P
0N
b1111011001100100 (
b1111011001100100 O
0'
1#
#16820
0#
#16830
b1110001010110100 !
b1110001010110100 1
1X
1'
b1101011110000100 $
b1101011110000100 -
b1101011110000100 8
b1101011110000100 =
b1101011110000100 B
b1101011110000100 G
b1101011110000100 L
b1101011110000100 Q
b1101011110000100 V
b1101011110000100 [
b1101011110000100 )
b110 "
b110 ,
b110 *
b11 &
b11 .
b11 9
b11 C
b11 H
b11 R
b11 +
1#
#16840
0#
#16850
b1101011110000100 !
b1101011110000100 1
b1101011110000100 0
b1101011110000100 Y
0X
b1101011110000100 (
b1101011110000100 Z
0'
1#
#16860
0#
#16870
1:
b10111000 !
b10111000 1
b10111000 7
b10111000 <
b1101011 5
b1101011 F
b1101010 4
b1101010 K
b110101 2
b110101 U
1'
b1110000010110011 $
b1110000010110011 -
b1110000010110011 8
b1110000010110011 =
b1110000010110011 B
b1110000010110011 G
b1110000010110011 L
b1110000010110011 Q
b1110000010110011 V
b1110000010110011 [
b1110000010110011 )
b0 "
b0 ,
b0 *
b1 &
b1 .
b1 9
b1 C
b1 H
b1 R
b1 +
1#
#16880
0#
#16890
b10110011 !
b10110011 1
b10110011 7
b10110011 <
0:
b10110011 (
b100001010110011 ;
0'
1#
#16900
0#
#16910
1\
b1100101010011101 !
b1100101010011101 1
b100001010110011 7
b100001010110011 <
b11011001101011 5
b11011001101011 F
b1110111101101010 4
b1110111101101010 K
b111000000110101 2
b111000000110101 U
1'
b1011101100101010 $
b1011101100101010 -
b1011101100101010 8
b1011101100101010 =
b1011101100101010 B
b1011101100101010 G
b1011101100101010 L
b1011101100101010 Q
b1011101100101010 V
b1011101100101010 [
b1011101100101010 )
b100 "
b100 ,
b100 *
b0 &
b0 .
b0 9
b0 C
b0 H
b0 R
b0 +
1#
#16920
0#
#16930
b1011101100101010 !
b1011101100101010 1
b1011101100101010 /
b1011101100101010 ]
0\
b1011101100101010 (
b1011101100101010 ^
0'
1#
#16940
0#
#16950
b1111011001100100 !
b1111011001100100 1
1N
b10110011 7
b10110011 <
b1101011 5
b1101011 F
b1101010 4
b1101010 K
b110101 2
b110101 U
1'
b101101111001100 $
b101101111001100 -
b101101111001100 8
b101101111001100 =
b101101111001100 B
b101101111001100 G
b101101111001100 L
b101101111001100 Q
b101101111001100 V
b101101111001100 [
b101101111001100 )
b111 "
b111 ,
b111 *
b1 &
b1 .
b1 9
b1 C
b1 H
b1 R
b1 +
1#
#16960
0#
#16970
b101101111001100 !
b101101111001100 1
b101101111001100 3
b101101111001100 P
0N
b101101111001100 (
b101101111001100 O
0'
1#
#16980
0#
#16990
b11011001101011 !
b11011001101011 1
1D
b100001010110011 7
b100001010110011 <
b11011001101011 5
b11011001101011 F
b1110111101101010 4
b1110111101101010 K
b111000000110101 2
b111000000110101 U
1'
b10010111001010 $
b10010111001010 -
b10010111001010 8
b10010111001010 =
b10010111001010 B
b10010111001010 G
b10010111001010 L
b10010111001010 Q
b10010111001010 V
b10010111001010 [
b10010111001010 )
b1 "
b1 ,
b1 *
b11 &
b11 .
b11 9
b11 C
b11 H
b11 R
b11 +
1#
#17000
0#
#17010
b10010111001010 !
b10010111001010 1
b10010111001010 5
b10010111001010 F
0D
b10010111001010 (
b10010111001010 E
0'
1#
#17020
0#
#17030
1:
b10110011 !
b10110011 1
b10110011 7
b10110011 <
b11001010 5
b11001010 F
b1101010 4
b1101010 K
b110101 2
b110101 U
1'
b1011110101110110 $
b1011110101110110 -
b1011110101110110 8
b1011110101110110 =
b1011110101110110 B
b1011110101110110 G
b1011110101110110 L
b1011110101110110 Q
b1011110101110110 V
b1011110101110110 [
b1011110101110110 )
b0 "
b0 ,
b0 *
b1 &
b1 .
b1 9
b1 C
b1 H
b1 R
b1 +
1#
#17040
0#
#17050
b1110110 !
b1110110 1
b1110110 7
b1110110 <
0:
b1110110 (
b100001001110110 ;
0'
1#
#17060
0#
#17070
1N
b101101111001100 !
b101101111001100 1
b100001001110110 7
b100001001110110 <
b10010111001010 5
b10010111001010 F
b1110111101101010 4
b1110111101101010 K
b111000000110101 2
b111000000110101 U
1'
b1110010010110100 $
b1110010010110100 -
b1110010010110100 8
b1110010010110100 =
b1110010010110100 B
b1110010010110100 G
b1110010010110100 L
b1110010010110100 Q
b1110010010110100 V
b1110010010110100 [
b1110010010110100 )
b111 "
b111 ,
b111 *
b11 &
b11 .
b11 9
b11 C
b11 H
b11 R
b11 +
1#
#17080
0#
#17090
b1110010010110100 !
b1110010010110100 1
b1110010010110100 3
b1110010010110100 P
0N
b1110010010110100 (
b1110010010110100 O
0'
1#
#17100
0#
#17110
b1011101100101010 !
b1011101100101010 1
1\
1'
b1011001001111001 $
b1011001001111001 -
b1011001001111001 8
b1011001001111001 =
b1011001001111001 B
b1011001001111001 G
b1011001001111001 L
b1011001001111001 Q
b1011001001111001 V
b1011001001111001 [
b1011001001111001 )
b100 "
b100 ,
b100 *
b0 &
b0 .
b0 9
b0 C
b0 H
b0 R
b0 +
1#
#17120
0#
#17130
b1011001001111001 !
b1011001001111001 1
b1011001001111001 /
b1011001001111001 ]
0\
b1011001001111001 (
b1011001001111001 ^
0'
1#
#17140
0#
#17150
b1101010 !
b1101010 1
1I
b1110110 7
b1110110 <
b11001010 5
b11001010 F
b1101010 4
b1101010 K
b110101 2
b110101 U
1'
b1000101 $
b1000101 -
b1000101 8
b1000101 =
b1000101 B
b1000101 G
b1000101 L
b1000101 Q
b1000101 V
b1000101 [
b1000101 )
b10 "
b10 ,
b10 *
b1 &
b1 .
b1 9
b1 C
b1 H
b1 R
b1 +
1#
#17160
0#
#17170
b1000101 !
b1000101 1
b1000101 4
b1000101 K
0I
b1000101 (
b1110111101000101 J
0'
1#
#17180
0#
#17190
1I
1'
b1100101111011101 $
b1100101111011101 -
b1100101111011101 8
b1100101111011101 =
b1100101111011101 B
b1100101111011101 G
b1100101111011101 L
b1100101111011101 Q
b1100101111011101 V
b1100101111011101 [
b1100101111011101 )
1#
#17200
0#
#17210
b11011101 !
b11011101 1
b11011101 4
b11011101 K
0I
b11011101 (
b1110111111011101 J
0'
1#
#17220
0#
#17230
b10010111001010 !
b10010111001010 1
1D
b100001001110110 7
b100001001110110 <
b10010111001010 5
b10010111001010 F
b1110111111011101 4
b1110111111011101 K
b111000000110101 2
b111000000110101 U
1'
b1110000110111011 $
b1110000110111011 -
b1110000110111011 8
b1110000110111011 =
b1110000110111011 B
b1110000110111011 G
b1110000110111011 L
b1110000110111011 Q
b1110000110111011 V
b1110000110111011 [
b1110000110111011 )
b1 "
b1 ,
b1 *
b0 &
b0 .
b0 9
b0 C
b0 H
b0 R
b0 +
1#
#17240
0#
#17250
b1110000110111011 !
b1110000110111011 1
b1110000110111011 5
b1110000110111011 F
0D
b1110000110111011 (
b1110000110111011 E
0'
1#
#17260
0#
#17270
b11011101 !
b11011101 1
1I
b1110110 7
b1110110 <
b10111011 5
b10111011 F
b11011101 4
b11011101 K
b110101 2
b110101 U
1'
b10011110110011 $
b10011110110011 -
b10011110110011 8
b10011110110011 =
b10011110110011 B
b10011110110011 G
b10011110110011 L
b10011110110011 Q
b10011110110011 V
b10011110110011 [
b10011110110011 )
b10 "
b10 ,
b10 *
b1 &
b1 .
b1 9
b1 C
b1 H
b1 R
b1 +
1#
#17280
0#
#17290
b10110011 !
b10110011 1
b10110011 4
b10110011 K
0I
b10110011 (
b1110111110110011 J
0'
1#
#17300
0#
#17310
b10100000011011 !
b10100000011011 1
1?
b100001001110110 7
b100001001110110 <
b1110000110111011 5
b1110000110111011 F
b1110111110110011 4
b1110111110110011 K
b111000000110101 2
b111000000110101 U
1'
b110000011100001 $
b110000011100001 -
b110000011100001 8
b110000011100001 =
b110000011100001 B
b110000011100001 G
b110000011100001 L
b110000011100001 Q
b110000011100001 V
b110000011100001 [
b110000011100001 )
b101 "
b101 ,
b101 *
b11 &
b11 .
b11 9
b11 C
b11 H
b11 R
b11 +
1#
#17320
0#
#17330
b110000011100001 !
b110000011100001 1
b110000011100001 6
b110000011100001 A
0?
b110000011100001 (
b110000011100001 @
0'
1#
#17340
0#
#17350
b1110111110110011 !
b1110111110110011 1
1I
1'
b111010100000 $
b111010100000 -
b111010100000 8
b111010100000 =
b111010100000 B
b111010100000 G
b111010100000 L
b111010100000 Q
b111010100000 V
b111010100000 [
b111010100000 )
b10 "
b10 ,
b10 *
b0 &
b0 .
b0 9
b0 C
b0 H
b0 R
b0 +
1#
#17360
0#
#17370
b111010100000 !
b111010100000 1
b111010100000 4
b111010100000 K
0I
b111010100000 (
b111010100000 J
0'
1#
#17380
0#
#17390
b110000011100001 !
b110000011100001 1
1?
b100001000000000 7
b100001000000000 <
b1110000100000000 5
b1110000100000000 F
b111000000000 4
b111000000000 K
b111000000000000 2
b111000000000000 U
1'
b1111111111011001 $
b1111111111011001 -
b1111111111011001 8
b1111111111011001 =
b1111111111011001 B
b1111111111011001 G
b1111111111011001 L
b1111111111011001 Q
b1111111111011001 V
b1111111111011001 [
b1111111111011001 )
b101 "
b101 ,
b101 *
b10 &
b10 .
b10 9
b10 C
b10 H
b10 R
b10 +
1#
#17400
0#
#17410
b1111111111011001 !
b1111111111011001 1
b1111111111011001 6
b1111111111011001 A
0?
b1111111111011001 (
b1111111111011001 @
0'
1#
#17420
0#
#17430
b1011001001111001 !
b1011001001111001 1
1\
b1110110 7
b1110110 <
b10111011 5
b10111011 F
b10100000 4
b10100000 K
b110101 2
b110101 U
1'
b1001100101110100 $
b1001100101110100 -
b1001100101110100 8
b1001100101110100 =
b1001100101110100 B
b1001100101110100 G
b1001100101110100 L
b1001100101110100 Q
b1001100101110100 V
b1001100101110100 [
b1001100101110100 )
b100 "
b100 ,
b100 *
b1 &
b1 .
b1 9
b1 C
b1 H
b1 R
b1 +
1#
#17440
0#
#17450
b1001100101110100 !
b1001100101110100 1
b1001100101110100 /
b1001100101110100 ]
0\
b1001100101110100 (
b1001100101110100 ^
0'
1#
#17460
0#
#17470
b111010100000 !
b111010100000 1
1I
b100001001110110 7
b100001001110110 <
b1110000110111011 5
b1110000110111011 F
b111010100000 4
b111010100000 K
b111000000110101 2
b111000000110101 U
1'
b1111001001011111 $
b1111001001011111 -
b1111001001011111 8
b1111001001011111 =
b1111001001011111 B
b1111001001011111 G
b1111001001011111 L
b1111001001011111 Q
b1111001001011111 V
b1111001001011111 [
b1111001001011111 )
b10 "
b10 ,
b10 *
b0 &
b0 .
b0 9
b0 C
b0 H
b0 R
b0 +
1#
#17480
0#
#17490
b1111001001011111 !
b1111001001011111 1
b1111001001011111 4
b1111001001011111 K
0I
b1111001001011111 (
b1111001001011111 J
0'
1#
#17500
0#
#17510
b10111011 !
b10111011 1
1D
b1110110 7
b1110110 <
b10111011 5
b10111011 F
b1011111 4
b1011111 K
b110101 2
b110101 U
1'
b100100011111010 $
b100100011111010 -
b100100011111010 8
b100100011111010 =
b100100011111010 B
b100100011111010 G
b100100011111010 L
b100100011111010 Q
b100100011111010 V
b100100011111010 [
b100100011111010 )
b1 "
b1 ,
b1 *
b1 &
b1 .
b1 9
b1 C
b1 H
b1 R
b1 +
1#
#17520
0#
#17530
b11111010 !
b11111010 1
b11111010 5
b11111010 F
0D
b11111010 (
b1110000111111010 E
0'
1#
#17540
0#
#17550
b1001100101110100 !
b1001100101110100 1
1\
b100001001110110 7
b100001001110110 <
b1110000111111010 5
b1110000111111010 F
b1111001001011111 4
b1111001001011111 K
b111000000110101 2
b111000000110101 U
1'
b101010010100110 $
b101010010100110 -
b101010010100110 8
b101010010100110 =
b101010010100110 B
b101010010100110 G
b101010010100110 L
b101010010100110 Q
b101010010100110 V
b101010010100110 [
b101010010100110 )
b100 "
b100 ,
b100 *
b11 &
b11 .
b11 9
b11 C
b11 H
b11 R
b11 +
1#
#17560
0#
#17570
b101010010100110 !
b101010010100110 1
b101010010100110 /
b101010010100110 ]
0\
b101010010100110 (
b101010010100110 ^
0'
1#
#17580
0#
#17590
b111000000110101 !
b111000000110101 1
1S
1'
b1010111011101101 $
b1010111011101101 -
b1010111011101101 8
b1010111011101101 =
b1010111011101101 B
b1010111011101101 G
b1010111011101101 L
b1010111011101101 Q
b1010111011101101 V
b1010111011101101 [
b1010111011101101 )
b11 "
b11 ,
b11 *
1#
#17600
0#
#17610
b1010111011101101 !
b1010111011101101 1
b1010111011101101 2
b1010111011101101 U
0S
b1010111011101101 (
b1010111011101101 T
0'
1#
#17620
0#
#17630
b11111010 !
b11111010 1
1D
b1110110 7
b1110110 <
b11111010 5
b11111010 F
b1011111 4
b1011111 K
b11101101 2
b11101101 U
1'
b11000000100001 $
b11000000100001 -
b11000000100001 8
b11000000100001 =
b11000000100001 B
b11000000100001 G
b11000000100001 L
b11000000100001 Q
b11000000100001 V
b11000000100001 [
b11000000100001 )
b1 "
b1 ,
b1 *
b1 &
b1 .
b1 9
b1 C
b1 H
b1 R
b1 +
1#
#17640
0#
#17650
b100001 !
b100001 1
b100001 5
b100001 F
0D
b100001 (
b1110000100100001 E
0'
1#
#17660
0#
#17670
b1111111111011001 !
b1111111111011001 1
1?
b100001000000000 7
b100001000000000 <
b1110000100000000 5
b1110000100000000 F
b1111001000000000 4
b1111001000000000 K
b1010111000000000 2
b1010111000000000 U
1'
b10100 $
b10100 -
b10100 8
b10100 =
b10100 B
b10100 G
b10100 L
b10100 Q
b10100 V
b10100 [
b10100 )
b101 "
b101 ,
b101 *
b10 &
b10 .
b10 9
b10 C
b10 H
b10 R
b10 +
1#
#17680
0#
#17690
b10100 !
b10100 1
b10100 6
b10100 A
0?
b10100 (
b10100 @
0'
1#
#17700
0#
#17710
1:
b100001001110110 !
b100001001110110 1
b100001001110110 7
b100001001110110 <
b1110000100100001 5
b1110000100100001 F
b1111001001011111 4
b1111001001011111 K
b1010111011101101 2
b1010111011101101 U
1'
b1011011100111110 $
b1011011100111110 -
b1011011100111110 8
b1011011100111110 =
b1011011100111110 B
b1011011100111110 G
b1011011100111110 L
b1011011100111110 Q
b1011011100111110 V
b1011011100111110 [
b1011011100111110 )
b0 "
b0 ,
b0 *
b11 &
b11 .
b11 9
b11 C
b11 H
b11 R
b11 +
1#
#17720
0#
#17730
b1011011100111110 !
b1011011100111110 1
b1011011100111110 7
b1011011100111110 <
0:
b1011011100111110 (
b1011011100111110 ;
0'
1#
#17740
0#
#17750
1?
b10100 !
b10100 1
1'
b1100101000111101 $
b1100101000111101 -
b1100101000111101 8
b1100101000111101 =
b1100101000111101 B
b1100101000111101 G
b1100101000111101 L
b1100101000111101 Q
b1100101000111101 V
b1100101000111101 [
b1100101000111101 )
b101 "
b101 ,
b101 *
1#
#17760
0#
#17770
b1100101000111101 !
b1100101000111101 1
b1100101000111101 6
b1100101000111101 A
0?
b1100101000111101 (
b1100101000111101 @
0'
1#
#17780
0#
#17790
b1110010010110100 !
b1110010010110100 1
1N
1'
b100110111110100 $
b100110111110100 -
b100110111110100 8
b100110111110100 =
b100110111110100 B
b100110111110100 G
b100110111110100 L
b100110111110100 Q
b100110111110100 V
b100110111110100 [
b100110111110100 )
b111 "
b111 ,
b111 *
b0 &
b0 .
b0 9
b0 C
b0 H
b0 R
b0 +
1#
#17800
0#
#17810
b100110111110100 !
b100110111110100 1
b100110111110100 3
b100110111110100 P
0N
b100110111110100 (
b100110111110100 O
0'
1#
#17820
0#
#17830
b101010010100110 !
b101010010100110 1
1\
1'
b111101111011100 $
b111101111011100 -
b111101111011100 8
b111101111011100 =
b111101111011100 B
b111101111011100 G
b111101111011100 L
b111101111011100 Q
b111101111011100 V
b111101111011100 [
b111101111011100 )
b100 "
b100 ,
b100 *
b11 &
b11 .
b11 9
b11 C
b11 H
b11 R
b11 +
1#
#17840
0#
#17850
b111101111011100 !
b111101111011100 1
b111101111011100 /
b111101111011100 ]
0\
b111101111011100 (
b111101111011100 ^
0'
1#
#17860
0#
#17870
1:
b1011011100111110 !
b1011011100111110 1
1'
b1011100100001111 $
b1011100100001111 -
b1011100100001111 8
b1011100100001111 =
b1011100100001111 B
b1011100100001111 G
b1011100100001111 L
b1011100100001111 Q
b1011100100001111 V
b1011100100001111 [
b1011100100001111 )
b0 "
b0 ,
b0 *
b0 &
b0 .
b0 9
b0 C
b0 H
b0 R
b0 +
1#
#17880
0#
#17890
b1011100100001111 !
b1011100100001111 1
b1011100100001111 7
b1011100100001111 <
0:
b1011100100001111 (
b1011100100001111 ;
0'
1#
#17900
0#
#17910
1N
b100110111110100 !
b100110111110100 1
b1011100100000000 7
b1011100100000000 <
b1110000100000000 5
b1110000100000000 F
b1111001000000000 4
b1111001000000000 K
b1010111000000000 2
b1010111000000000 U
1'
b1000100100011 $
b1000100100011 -
b1000100100011 8
b1000100100011 =
b1000100100011 B
b1000100100011 G
b1000100100011 L
b1000100100011 Q
b1000100100011 V
b1000100100011 [
b1000100100011 )
b111 "
b111 ,
b111 *
b10 &
b10 .
b10 9
b10 C
b10 H
b10 R
b10 +
1#
#17920
0#
#17930
b1000100100011 !
b1000100100011 1
b1000100100011 3
b1000100100011 P
0N
b1000100100011 (
b1000100100011 O
0'
1#
#17940
0#
#17950
b1110000100000000 !
b1110000100000000 1
1D
1'
b11100101001010 $
b11100101001010 -
b11100101001010 8
b11100101001010 =
b11100101001010 B
b11100101001010 G
b11100101001010 L
b11100101001010 Q
b11100101001010 V
b11100101001010 [
b11100101001010 )
b1 "
b1 ,
b1 *
1#
#17960
0#
#17970
b11100100000000 !
b11100100000000 1
b11100100000000 5
b11100100000000 F
0D
b11100100000000 (
b11100100100001 E
0'
1#
#17980
0#
#17990
b1101011110000100 !
b1101011110000100 1
1X
b1111 7
b1111 <
b100001 5
b100001 F
b1011111 4
b1011111 K
b11101101 2
b11101101 U
1'
b1011100011001101 $
b1011100011001101 -
b1011100011001101 8
b1011100011001101 =
b1011100011001101 B
b1011100011001101 G
b1011100011001101 L
b1011100011001101 Q
b1011100011001101 V
b1011100011001101 [
b1011100011001101 )
b110 "
b110 ,
b110 *
b1 &
b1 .
b1 9
b1 C
b1 H
b1 R
b1 +
1#
#18000
0#
#18010
b1011100011001101 !
b1011100011001101 1
b1011100011001101 0
b1011100011001101 Y
0X
b1011100011001101 (
b1011100011001101 Z
0'
1#
#18020
0#
#18030
1:
b1111 !
b1111 1
1'
b1010110000010011 $
b1010110000010011 -
b1010110000010011 8
b1010110000010011 =
b1010110000010011 B
b1010110000010011 G
b1010110000010011 L
b1010110000010011 Q
b1010110000010011 V
b1010110000010011 [
b1010110000010011 )
b0 "
b0 ,
b0 *
1#
#18040
0#
#18050
b10011 !
b10011 1
b10011 7
b10011 <
0:
b10011 (
b1011100100010011 ;
0'
1#
#18060
0#
#18070
1D
b11100100100001 !
b11100100100001 1
b1011100100010011 7
b1011100100010011 <
b11100100100001 5
b11100100100001 F
b1111001001011111 4
b1111001001011111 K
b1010111011101101 2
b1010111011101101 U
1'
b110011111111110 $
b110011111111110 -
b110011111111110 8
b110011111111110 =
b110011111111110 B
b110011111111110 G
b110011111111110 L
b110011111111110 Q
b110011111111110 V
b110011111111110 [
b110011111111110 )
b1 "
b1 ,
b1 *
b0 &
b0 .
b0 9
b0 C
b0 H
b0 R
b0 +
1#
#18080
0#
#18090
b110011111111110 !
b110011111111110 1
b110011111111110 5
b110011111111110 F
0D
b110011111111110 (
b110011111111110 E
0'
1#
#18100
0#
#18110
b1000100100011 !
b1000100100011 1
1N
1'
b1010110011000001 $
b1010110011000001 -
b1010110011000001 8
b1010110011000001 =
b1010110011000001 B
b1010110011000001 G
b1010110011000001 L
b1010110011000001 Q
b1010110011000001 V
b1010110011000001 [
b1010110011000001 )
b111 "
b111 ,
b111 *
b11 &
b11 .
b11 9
b11 C
b11 H
b11 R
b11 +
1#
#18120
0#
#18130
b1010110011000001 !
b1010110011000001 1
b1010110011000001 3
b1010110011000001 P
0N
b1010110011000001 (
b1010110011000001 O
0'
1#
#18140
0#
#18150
1:
b1011100100010011 !
b1011100100010011 1
1'
b111111110101101 $
b111111110101101 -
b111111110101101 8
b111111110101101 =
b111111110101101 B
b111111110101101 G
b111111110101101 L
b111111110101101 Q
b111111110101101 V
b111111110101101 [
b111111110101101 )
b0 "
b0 ,
b0 *
1#
#18160
0#
#18170
b111111110101101 !
b111111110101101 1
b111111110101101 7
b111111110101101 <
0:
b111111110101101 (
b111111110101101 ;
0'
1#
#18180
0#
#18190
1N
b1010110011000001 !
b1010110011000001 1
b10101101 7
b10101101 <
b11111110 5
b11111110 F
b1011111 4
b1011111 K
b11101101 2
b11101101 U
1'
b1010101000100101 $
b1010101000100101 -
b1010101000100101 8
b1010101000100101 =
b1010101000100101 B
b1010101000100101 G
b1010101000100101 L
b1010101000100101 Q
b1010101000100101 V
b1010101000100101 [
b1010101000100101 )
b111 "
b111 ,
b111 *
b1 &
b1 .
b1 9
b1 C
b1 H
b1 R
b1 +
1#
#18200
0#
#18210
b1010101000100101 !
b1010101000100101 1
b1010101000100101 3
b1010101000100101 P
0N
b1010101000100101 (
b1010101000100101 O
0'
1#
#18220
0#
#18230
1N
b111111110101101 7
b111111110101101 <
b110011111111110 5
b110011111111110 F
b1111001001011111 4
b1111001001011111 K
b1010111011101101 2
b1010111011101101 U
1'
b110111111010000 $
b110111111010000 -
b110111111010000 8
b110111111010000 =
b110111111010000 B
b110111111010000 G
b110111111010000 L
b110111111010000 Q
b110111111010000 V
b110111111010000 [
b110111111010000 )
b0 &
b0 .
b0 9
b0 C
b0 H
b0 R
b0 +
1#
#18240
0#
#18250
b110111111010000 !
b110111111010000 1
b110111111010000 3
b110111111010000 P
0N
b110111111010000 (
b110111111010000 O
0'
1#
#18260
0#
#18270
b110011100000000 !
b110011100000000 1
1D
b111111100000000 7
b111111100000000 <
b110011100000000 5
b110011100000000 F
b1111001000000000 4
b1111001000000000 K
b1010111000000000 2
b1010111000000000 U
1'
b1100001110000 $
b1100001110000 -
b1100001110000 8
b1100001110000 =
b1100001110000 B
b1100001110000 G
b1100001110000 L
b1100001110000 Q
b1100001110000 V
b1100001110000 [
b1100001110000 )
b1 "
b1 ,
b1 *
b10 &
b10 .
b10 9
b10 C
b10 H
b10 R
b10 +
1#
#18280
0#
#18290
b1100000000000 !
b1100000000000 1
b1100000000000 5
b1100000000000 F
0D
b1100000000000 (
b1100011111110 E
0'
1#
#18300
0#
#18310
b1100101000111101 !
b1100101000111101 1
1?
b111111110101101 7
b111111110101101 <
b1100011111110 5
b1100011111110 F
b1111001001011111 4
b1111001001011111 K
b1010111011101101 2
b1010111011101101 U
1'
b101001111001111 $
b101001111001111 -
b101001111001111 8
b101001111001111 =
b101001111001111 B
b101001111001111 G
b101001111001111 L
b101001111001111 Q
b101001111001111 V
b101001111001111 [
b101001111001111 )
b101 "
b101 ,
b101 *
b0 &
b0 .
b0 9
b0 C
b0 H
b0 R
b0 +
1#
#18320
0#
#18330
b101001111001111 !
b101001111001111 1
b101001111001111 6
b101001111001111 A
0?
b101001111001111 (
b101001111001111 @
0'
1#
#18340
0#
#18350
b110111111010000 !
b110111111010000 1
1N
b111111100000000 7
b111111100000000 <
b1100000000000 5
b1100000000000 F
b1111001000000000 4
b1111001000000000 K
b1010111000000000 2
b1010111000000000 U
1'
b1000001010010100 $
b1000001010010100 -
b1000001010010100 8
b1000001010010100 =
b1000001010010100 B
b1000001010010100 G
b1000001010010100 L
b1000001010010100 Q
b1000001010010100 V
b1000001010010100 [
b1000001010010100 )
b111 "
b111 ,
b111 *
b10 &
b10 .
b10 9
b10 C
b10 H
b10 R
b10 +
1#
#18360
0#
#18370
b1000001010010100 !
b1000001010010100 1
b1000001010010100 3
b1000001010010100 P
0N
b1000001010010100 (
b1000001010010100 O
0'
1#
#18380
0#
#18390
b1011100011001101 !
b1011100011001101 1
1X
b111111110101101 7
b111111110101101 <
b1100011111110 5
b1100011111110 F
b1111001001011111 4
b1111001001011111 K
b1010111011101101 2
b1010111011101101 U
1'
b1000111110011110 $
b1000111110011110 -
b1000111110011110 8
b1000111110011110 =
b1000111110011110 B
b1000111110011110 G
b1000111110011110 L
b1000111110011110 Q
b1000111110011110 V
b1000111110011110 [
b1000111110011110 )
b110 "
b110 ,
b110 *
b0 &
b0 .
b0 9
b0 C
b0 H
b0 R
b0 +
1#
#18400
0#
#18410
b1000111110011110 !
b1000111110011110 1
b1000111110011110 0
b1000111110011110 Y
0X
b1000111110011110 (
b1000111110011110 Z
0'
1#
#18420
0#
#18430
b1111001001011111 !
b1111001001011111 1
1I
1'
b1011001011001011 $
b1011001011001011 -
b1011001011001011 8
b1011001011001011 =
b1011001011001011 B
b1011001011001011 G
b1011001011001011 L
b1011001011001011 Q
b1011001011001011 V
b1011001011001011 [
b1011001011001011 )
b10 "
b10 ,
b10 *
1#
#18440
0#
#18450
b1011001011001011 !
b1011001011001011 1
b1011001011001011 4
b1011001011001011 K
0I
b1011001011001011 (
b1011001011001011 J
0'
1#
#18460
0#
#18470
b111101111011100 !
b111101111011100 1
1\
1'
b111010111100000 $
b111010111100000 -
b111010111100000 8
b111010111100000 =
b111010111100000 B
b111010111100000 G
b111010111100000 L
b111010111100000 Q
b111010111100000 V
b111010111100000 [
b111010111100000 )
b100 "
b100 ,
b100 *
b11 &
b11 .
b11 9
b11 C
b11 H
b11 R
b11 +
1#
#18480
0#
#18490
b111010111100000 !
b111010111100000 1
b111010111100000 /
b111010111100000 ]
0\
b111010111100000 (
b111010111100000 ^
0'
1#
#18500
0#
#18510
b11001011 !
b11001011 1
1I
b10101101 7
b10101101 <
b11111110 5
b11111110 F
b11001011 4
b11001011 K
b11101101 2
b11101101 U
1'
b1100110010100001 $
b1100110010100001 -
b1100110010100001 8
b1100110010100001 =
b1100110010100001 B
b1100110010100001 G
b1100110010100001 L
b1100110010100001 Q
b1100110010100001 V
b1100110010100001 [
b1100110010100001 )
b10 "
b10 ,
b10 *
b1 &
b1 .
b1 9
b1 C
b1 H
b1 R
b1 +
1#
#18520
0#
#18530
b10100001 !
b10100001 1
b10100001 4
b10100001 K
0I
b10100001 (
b1011001010100001 J
0'
1#
#18540
0#
#18550
b111010111100000 !
b111010111100000 1
1\
1'
b1110011011101011 $
b1110011011101011 -
b1110011011101011 8
b1110011011101011 =
b1110011011101011 B
b1110011011101011 G
b1110011011101011 L
b1110011011101011 Q
b1110011011101011 V
b1110011011101011 [
b1110011011101011 )
b100 "
b100 ,
b100 *
1#
#18560
0#
#18570
b1110011011101011 !
b1110011011101011 1
b1110011011101011 /
b1110011011101011 ]
0\
b1110011011101011 (
b1110011011101011 ^
0'
1#
#18580
0#
#18590
1:
b111111110101101 !
b111111110101101 1
b111111110101101 7
b111111110101101 <
b1100011111110 5
b1100011111110 F
b1011001010100001 4
b1011001010100001 K
b1010111011101101 2
b1010111011101101 U
1'
b110111110011100 $
b110111110011100 -
b110111110011100 8
b110111110011100 =
b110111110011100 B
b110111110011100 G
b110111110011100 L
b110111110011100 Q
b110111110011100 V
b110111110011100 [
b110111110011100 )
b0 "
b0 ,
b0 *
b11 &
b11 .
b11 9
b11 C
b11 H
b11 R
b11 +
1#
#18600
0#
#18610
b110111110011100 !
b110111110011100 1
b110111110011100 7
b110111110011100 <
0:
b110111110011100 (
b110111110011100 ;
0'
1#
#18620
0#
#18630
b110111100000000 !
b110111100000000 1
1:
b110111100000000 7
b110111100000000 <
b1100000000000 5
b1100000000000 F
b1011001000000000 4
b1011001000000000 K
b1010111000000000 2
b1010111000000000 U
1'
b1110111011000010 $
b1110111011000010 -
b1110111011000010 8
b1110111011000010 =
b1110111011000010 B
b1110111011000010 G
b1110111011000010 L
b1110111011000010 Q
b1110111011000010 V
b1110111011000010 [
b1110111011000010 )
b10 &
b10 .
b10 9
b10 C
b10 H
b10 R
b10 +
1#
#18640
0#
#18650
b1110111000000000 !
b1110111000000000 1
b1110111000000000 7
b1110111000000000 <
0:
b1110111000000000 (
b1110111010011100 ;
0'
1#
#18660
0#
#18670
b10011100 !
b10011100 1
1:
b10011100 7
b10011100 <
b11111110 5
b11111110 F
b10100001 4
b10100001 K
b11101101 2
b11101101 U
1'
b1101100100000101 $
b1101100100000101 -
b1101100100000101 8
b1101100100000101 =
b1101100100000101 B
b1101100100000101 G
b1101100100000101 L
b1101100100000101 Q
b1101100100000101 V
b1101100100000101 [
b1101100100000101 )
b1 &
b1 .
b1 9
b1 C
b1 H
b1 R
b1 +
1#
#18680
0#
#18690
b101 !
b101 1
b101 7
b101 <
0:
b101 (
b1110111000000101 ;
0'
1#
#18700
0#
#18710
1N
b1000001010010100 !
b1000001010010100 1
b1110111000000101 7
b1110111000000101 <
b1100011111110 5
b1100011111110 F
b1011001010100001 4
b1011001010100001 K
b1010111011101101 2
b1010111011101101 U
1'
b110000010011000 $
b110000010011000 -
b110000010011000 8
b110000010011000 =
b110000010011000 B
b110000010011000 G
b110000010011000 L
b110000010011000 Q
b110000010011000 V
b110000010011000 [
b110000010011000 )
b111 "
b111 ,
b111 *
b11 &
b11 .
b11 9
b11 C
b11 H
b11 R
b11 +
1#
#18720
0#
#18730
b110000010011000 !
b110000010011000 1
b110000010011000 3
b110000010011000 P
0N
b110000010011000 (
b110000010011000 O
0'
1#
#18740
0#
#18750
b1011001010100001 !
b1011001010100001 1
1I
1'
b111101011 $
b111101011 -
b111101011 8
b111101011 =
b111101011 B
b111101011 G
b111101011 L
b111101011 Q
b111101011 V
b111101011 [
b111101011 )
b10 "
b10 ,
b10 *
b0 &
b0 .
b0 9
b0 C
b0 H
b0 R
b0 +
1#
#18760
0#
#18770
b111101011 !
b111101011 1
b111101011 4
b111101011 K
0I
b111101011 (
b111101011 J
0'
1#
#18780
0#
#18790
b101001111001111 !
b101001111001111 1
1?
1'
b111111110000011 $
b111111110000011 -
b111111110000011 8
b111111110000011 =
b111111110000011 B
b111111110000011 G
b111111110000011 L
b111111110000011 Q
b111111110000011 V
b111111110000011 [
b111111110000011 )
b101 "
b101 ,
b101 *
b11 &
b11 .
b11 9
b11 C
b11 H
b11 R
b11 +
1#
#18800
0#
#18810
b111111110000011 !
b111111110000011 1
b111111110000011 6
b111111110000011 A
0?
b111111110000011 (
b111111110000011 @
0'
1#
#18820
0#
#18830
1?
b1110111000000000 7
b1110111000000000 <
b1100000000000 5
b1100000000000 F
b100000000 4
b100000000 K
b1010111000000000 2
b1010111000000000 U
1'
b1011110000110100 $
b1011110000110100 -
b1011110000110100 8
b1011110000110100 =
b1011110000110100 B
b1011110000110100 G
b1011110000110100 L
b1011110000110100 Q
b1011110000110100 V
b1011110000110100 [
b1011110000110100 )
b10 &
b10 .
b10 9
b10 C
b10 H
b10 R
b10 +
1#
#18840
0#
#18850
b1011110000110100 !
b1011110000110100 1
b1011110000110100 6
b1011110000110100 A
0?
b1011110000110100 (
b1011110000110100 @
0'
1#
#18860
0#
#18870
b1100011111110 !
b1100011111110 1
1D
b1110111000000101 7
b1110111000000101 <
b1100011111110 5
b1100011111110 F
b111101011 4
b111101011 K
b1010111011101101 2
b1010111011101101 U
1'
b1001101011110010 $
b1001101011110010 -
b1001101011110010 8
b1001101011110010 =
b1001101011110010 B
b1001101011110010 G
b1001101011110010 L
b1001101011110010 Q
b1001101011110010 V
b1001101011110010 [
b1001101011110010 )
b1 "
b1 ,
b1 *
b0 &
b0 .
b0 9
b0 C
b0 H
b0 R
b0 +
1#
#18880
0#
#18890
b1001101011110010 !
b1001101011110010 1
b1001101011110010 5
b1001101011110010 F
0D
b1001101011110010 (
b1001101011110010 E
0'
1#
#18900
0#
#18910
b111101011 !
b111101011 1
1I
1'
b1101110101000100 $
b1101110101000100 -
b1101110101000100 8
b1101110101000100 =
b1101110101000100 B
b1101110101000100 G
b1101110101000100 L
b1101110101000100 Q
b1101110101000100 V
b1101110101000100 [
b1101110101000100 )
b10 "
b10 ,
b10 *
1#
#18920
0#
#18930
b1101110101000100 !
b1101110101000100 1
b1101110101000100 4
b1101110101000100 K
0I
b1101110101000100 (
b1101110101000100 J
0'
1#
#18940
0#
#18950
b1101110100000000 !
b1101110100000000 1
1I
b1110111000000000 7
b1110111000000000 <
b1001101000000000 5
b1001101000000000 F
b1101110100000000 4
b1101110100000000 K
b1010111000000000 2
b1010111000000000 U
1'
b1010111011110100 $
b1010111011110100 -
b1010111011110100 8
b1010111011110100 =
b1010111011110100 B
b1010111011110100 G
b1010111011110100 L
b1010111011110100 Q
b1010111011110100 V
b1010111011110100 [
b1010111011110100 )
b10 &
b10 .
b10 9
b10 C
b10 H
b10 R
b10 +
1#
#18960
0#
#18970
b1010111000000000 !
b1010111000000000 1
b1010111000000000 4
b1010111000000000 K
0I
b1010111000000000 (
b1010111001000100 J
0'
1#
#18980
0#
#18990
b1010111011101101 !
b1010111011101101 1
1S
b1110111000000101 7
b1110111000000101 <
b1001101011110010 5
b1001101011110010 F
b1010111001000100 4
b1010111001000100 K
b1010111011101101 2
b1010111011101101 U
1'
b100110010000001 $
b100110010000001 -
b100110010000001 8
b100110010000001 =
b100110010000001 B
b100110010000001 G
b100110010000001 L
b100110010000001 Q
b100110010000001 V
b100110010000001 [
b100110010000001 )
b11 "
b11 ,
b11 *
b11 &
b11 .
b11 9
b11 C
b11 H
b11 R
b11 +
1#
#19000
0#
#19010
b100110010000001 !
b100110010000001 1
b100110010000001 2
b100110010000001 U
0S
b100110010000001 (
b100110010000001 T
0'
1#
#19020
0#
#19030
b110000010011000 !
b110000010011000 1
1N
b101 7
b101 <
b11110010 5
b11110010 F
b1000100 4
b1000100 K
b10000001 2
b10000001 U
1'
b1111110100110110 $
b1111110100110110 -
b1111110100110110 8
b1111110100110110 =
b1111110100110110 B
b1111110100110110 G
b1111110100110110 L
b1111110100110110 Q
b1111110100110110 V
b1111110100110110 [
b1111110100110110 )
b111 "
b111 ,
b111 *
b1 &
b1 .
b1 9
b1 C
b1 H
b1 R
b1 +
1#
#19040
0#
#19050
b1111110100110110 !
b1111110100110110 1
b1111110100110110 3
b1111110100110110 P
0N
b1111110100110110 (
b1111110100110110 O
0'
1#
#19060
0#
#19070
b100110000000000 !
b100110000000000 1
1S
b1110111000000000 7
b1110111000000000 <
b1001101000000000 5
b1001101000000000 F
b1010111000000000 4
b1010111000000000 K
b100110000000000 2
b100110000000000 U
1'
b11011000111101 $
b11011000111101 -
b11011000111101 8
b11011000111101 =
b11011000111101 B
b11011000111101 G
b11011000111101 L
b11011000111101 Q
b11011000111101 V
b11011000111101 [
b11011000111101 )
b11 "
b11 ,
b11 *
b10 &
b10 .
b10 9
b10 C
b10 H
b10 R
b10 +
1#
#19080
0#
#19090
b11011000000000 !
b11011000000000 1
b11011000000000 2
b11011000000000 U
0S
b11011000000000 (
b11011010000001 T
0'
1#
#19100
0#
#19110
1:
b1110111000000000 !
b1110111000000000 1
1'
b1011110011101110 $
b1011110011101110 -
b1011110011101110 8
b1011110011101110 =
b1011110011101110 B
b1011110011101110 G
b1011110011101110 L
b1011110011101110 Q
b1011110011101110 V
b1011110011101110 [
b1011110011101110 )
b0 "
b0 ,
b0 *
1#
#19120
0#
#19130
b1011110000000000 !
b1011110000000000 1
b1011110000000000 7
b1011110000000000 <
0:
b1011110000000000 (
b1011110000000101 ;
0'
1#
#19140
0#
#19150
1S
b11011010000001 !
b11011010000001 1
b1011110000000101 7
b1011110000000101 <
b1001101011110010 5
b1001101011110010 F
b1010111001000100 4
b1010111001000100 K
b11011010000001 2
b11011010000001 U
1'
b1110011000100 $
b1110011000100 -
b1110011000100 8
b1110011000100 =
b1110011000100 B
b1110011000100 G
b1110011000100 L
b1110011000100 Q
b1110011000100 V
b1110011000100 [
b1110011000100 )
b11 "
b11 ,
b11 *
b11 &
b11 .
b11 9
b11 C
b11 H
b11 R
b11 +
1#
#19160
0#
#19170
b1110011000100 !
b1110011000100 1
b1110011000100 2
b1110011000100 U
0S
b1110011000100 (
b1110011000100 T
0'
1#
#19180
0#
#19190
b1011110000110100 !
b1011110000110100 1
1?
b1011110000000000 7
b1011110000000000 <
b1001101000000000 5
b1001101000000000 F
b1010111000000000 4
b1010111000000000 K
b1110000000000 2
b1110000000000 U
1'
b1010101001010001 $
b1010101001010001 -
b1010101001010001 8
b1010101001010001 =
b1010101001010001 B
b1010101001010001 G
b1010101001010001 L
b1010101001010001 Q
b1010101001010001 V
b1010101001010001 [
b1010101001010001 )
b101 "
b101 ,
b101 *
b10 &
b10 .
b10 9
b10 C
b10 H
b10 R
b10 +
1#
#19200
0#
#19210
b1010101001010001 !
b1010101001010001 1
b1010101001010001 6
b1010101001010001 A
0?
b1010101001010001 (
b1010101001010001 @
0'
1#
#19220
0#
#19230
b1000111110011110 !
b1000111110011110 1
1X
b101 7
b101 <
b11110010 5
b11110010 F
b1000100 4
b1000100 K
b11000100 2
b11000100 U
1'
b110101100 $
b110101100 -
b110101100 8
b110101100 =
b110101100 B
b110101100 G
b110101100 L
b110101100 Q
b110101100 V
b110101100 [
b110101100 )
b110 "
b110 ,
b110 *
b1 &
b1 .
b1 9
b1 C
b1 H
b1 R
b1 +
1#
#19240
0#
#19250
b110101100 !
b110101100 1
b110101100 0
b110101100 Y
0X
b110101100 (
b110101100 Z
0'
1#
#19260
0#
#19270
1:
b1011110000000101 !
b1011110000000101 1
b1011110000000101 7
b1011110000000101 <
b1001101011110010 5
b1001101011110010 F
b1010111001000100 4
b1010111001000100 K
b1110011000100 2
b1110011000100 U
1'
b1011000010111110 $
b1011000010111110 -
b1011000010111110 8
b1011000010111110 =
b1011000010111110 B
b1011000010111110 G
b1011000010111110 L
b1011000010111110 Q
b1011000010111110 V
b1011000010111110 [
b1011000010111110 )
b0 "
b0 ,
b0 *
b11 &
b11 .
b11 9
b11 C
b11 H
b11 R
b11 +
1#
#19280
0#
#19290
b1011000010111110 !
b1011000010111110 1
b1011000010111110 7
b1011000010111110 <
0:
b1011000010111110 (
b1011000010111110 ;
0'
1#
#19300
0#
#19310
1?
b1010101001010001 !
b1010101001010001 1
1'
b1000000110110100 $
b1000000110110100 -
b1000000110110100 8
b1000000110110100 =
b1000000110110100 B
b1000000110110100 G
b1000000110110100 L
b1000000110110100 Q
b1000000110110100 V
b1000000110110100 [
b1000000110110100 )
b101 "
b101 ,
b101 *
1#
#19320
0#
#19330
b1000000110110100 !
b1000000110110100 1
b1000000110110100 6
b1000000110110100 A
0?
b1000000110110100 (
b1000000110110100 @
0'
1#
#19340
0#
#19350
b1001101011110010 !
b1001101011110010 1
1D
1'
b1000010000101001 $
b1000010000101001 -
b1000010000101001 8
b1000010000101001 =
b1000010000101001 B
b1000010000101001 G
b1000010000101001 L
b1000010000101001 Q
b1000010000101001 V
b1000010000101001 [
b1000010000101001 )
b1 "
b1 ,
b1 *
b0 &
b0 .
b0 9
b0 C
b0 H
b0 R
b0 +
1#
#19360
0#
#19370
b1000010000101001 !
b1000010000101001 1
b1000010000101001 5
b1000010000101001 F
0D
b1000010000101001 (
b1000010000101001 E
0'
1#
#19380
0#
#19390
1:
b1011000000000000 !
b1011000000000000 1
b1011000000000000 7
b1011000000000000 <
b1000010000000000 5
b1000010000000000 F
b1010111000000000 4
b1010111000000000 K
b1110000000000 2
b1110000000000 U
1'
b1111001101101101 $
b1111001101101101 -
b1111001101101101 8
b1111001101101101 =
b1111001101101101 B
b1111001101101101 G
b1111001101101101 L
b1111001101101101 Q
b1111001101101101 V
b1111001101101101 [
b1111001101101101 )
b0 "
b0 ,
b0 *
b10 &
b10 .
b10 9
b10 C
b10 H
b10 R
b10 +
1#
#19400
0#
#19410
b1111001100000000 !
b1111001100000000 1
b1111001100000000 7
b1111001100000000 <
0:
b1111001100000000 (
b1111001110111110 ;
0'
1#
#19420
0#
#19430
1N
b1111110100110110 !
b1111110100110110 1
b10111110 7
b10111110 <
b101001 5
b101001 F
b1000100 4
b1000100 K
b11000100 2
b11000100 U
1'
b100110111010111 $
b100110111010111 -
b100110111010111 8
b100110111010111 =
b100110111010111 B
b100110111010111 G
b100110111010111 L
b100110111010111 Q
b100110111010111 V
b100110111010111 [
b100110111010111 )
b111 "
b111 ,
b111 *
b1 &
b1 .
b1 9
b1 C
b1 H
b1 R
b1 +
1#
#19440
0#
#19450
b100110111010111 !
b100110111010111 1
b100110111010111 3
b100110111010111 P
0N
b100110111010111 (
b100110111010111 O
0'
1#
#19460
0#
#19470
1N
b1111001110111110 7
b1111001110111110 <
b1000010000101001 5
b1000010000101001 F
b1010111001000100 4
b1010111001000100 K
b1110011000100 2
b1110011000100 U
1'
b1000101110010110 $
b1000101110010110 -
b1000101110010110 8
b1000101110010110 =
b1000101110010110 B
b1000101110010110 G
b1000101110010110 L
b1000101110010110 Q
b1000101110010110 V
b1000101110010110 [
b1000101110010110 )
b11 &
b11 .
b11 9
b11 C
b11 H
b11 R
b11 +
1#
#19480
0#
#19490
b1000101110010110 !
b1000101110010110 1
b1000101110010110 3
b1000101110010110 P
0N
b1000101110010110 (
b1000101110010110 O
0'
1#
#19500
0#
#19510
b110101100 !
b110101100 1
1X
b1111001100000000 7
b1111001100000000 <
b1000010000000000 5
b1000010000000000 F
b1010111000000000 4
b1010111000000000 K
b1110000000000 2
b1110000000000 U
1'
b11010000101101 $
b11010000101101 -
b11010000101101 8
b11010000101101 =
b11010000101101 B
b11010000101101 G
b11010000101101 L
b11010000101101 Q
b11010000101101 V
b11010000101101 [
b11010000101101 )
b110 "
b110 ,
b110 *
b10 &
b10 .
b10 9
b10 C
b10 H
b10 R
b10 +
1#
#19520
0#
#19530
b11010000101101 !
b11010000101101 1
b11010000101101 0
b11010000101101 Y
0X
b11010000101101 (
b11010000101101 Z
0'
1#
#19540
0#
#19550
b1110011011101011 !
b1110011011101011 1
1\
b1111001110111110 7
b1111001110111110 <
b1000010000101001 5
b1000010000101001 F
b1010111001000100 4
b1010111001000100 K
b1110011000100 2
b1110011000100 U
1'
b111110100100010 $
b111110100100010 -
b111110100100010 8
b111110100100010 =
b111110100100010 B
b111110100100010 G
b111110100100010 L
b111110100100010 Q
b111110100100010 V
b111110100100010 [
b111110100100010 )
b100 "
b100 ,
b100 *
b0 &
b0 .
b0 9
b0 C
b0 H
b0 R
b0 +
1#
#19560
0#
#19570
b111110100100010 !
b111110100100010 1
b111110100100010 /
b111110100100010 ]
0\
b111110100100010 (
b111110100100010 ^
0'
1#
#19580
0#
#19590
b11010000101101 !
b11010000101101 1
1X
1'
b1011100111101 $
b1011100111101 -
b1011100111101 8
b1011100111101 =
b1011100111101 B
b1011100111101 G
b1011100111101 L
b1011100111101 Q
b1011100111101 V
b1011100111101 [
b1011100111101 )
b110 "
b110 ,
b110 *
b11 &
b11 .
b11 9
b11 C
b11 H
b11 R
b11 +
1#
#19600
0#
#19610
b1011100111101 !
b1011100111101 1
b1011100111101 0
b1011100111101 Y
0X
b1011100111101 (
b1011100111101 Z
0'
1#
#19620
0#
#19630
1X
1'
b1001101101100 $
b1001101101100 -
b1001101101100 8
b1001101101100 =
b1001101101100 B
b1001101101100 G
b1001101101100 L
b1001101101100 Q
b1001101101100 V
b1001101101100 [
b1001101101100 )
b0 &
b0 .
b0 9
b0 C
b0 H
b0 R
b0 +
1#
#19640
0#
#19650
b1001101101100 !
b1001101101100 1
b1001101101100 0
b1001101101100 Y
0X
b1001101101100 (
b1001101101100 Z
0'
1#
#19660
0#
#19670
1X
1'
b1100110000010 $
b1100110000010 -
b1100110000010 8
b1100110000010 =
b1100110000010 B
b1100110000010 G
b1100110000010 L
b1100110000010 Q
b1100110000010 V
b1100110000010 [
b1100110000010 )
1#
#19680
0#
#19690
b1100110000010 !
b1100110000010 1
b1100110000010 0
b1100110000010 Y
0X
b1100110000010 (
b1100110000010 Z
0'
1#
#19700
0#
#19710
b1000101110010110 !
b1000101110010110 1
1N
b10111110 7
b10111110 <
b101001 5
b101001 F
b1000100 4
b1000100 K
b11000100 2
b11000100 U
1'
b1101010011011111 $
b1101010011011111 -
b1101010011011111 8
b1101010011011111 =
b1101010011011111 B
b1101010011011111 G
b1101010011011111 L
b1101010011011111 Q
b1101010011011111 V
b1101010011011111 [
b1101010011011111 )
b111 "
b111 ,
b111 *
b1 &
b1 .
b1 9
b1 C
b1 H
b1 R
b1 +
1#
#19720
0#
#19730
b1101010011011111 !
b1101010011011111 1
b1101010011011111 3
b1101010011011111 P
0N
b1101010011011111 (
b1101010011011111 O
0'
1#
#19740
0#
#19750
1:
b10111110 !
b10111110 1
1'
b101000111000000 $
b101000111000000 -
b101000111000000 8
b101000111000000 =
b101000111000000 B
b101000111000000 G
b101000111000000 L
b101000111000000 Q
b101000111000000 V
b101000111000000 [
b101000111000000 )
b0 "
b0 ,
b0 *
1#
#19760
0#
#19770
b11000000 !
b11000000 1
b11000000 7
b11000000 <
0:
b11000000 (
b1111001111000000 ;
0'
1#
#19780
0#
#19790
1X
b1100110000010 !
b1100110000010 1
b1111001111000000 7
b1111001111000000 <
b1000010000101001 5
b1000010000101001 F
b1010111001000100 4
b1010111001000100 K
b1110011000100 2
b1110011000100 U
1'
b1010100001001111 $
b1010100001001111 -
b1010100001001111 8
b1010100001001111 =
b1010100001001111 B
b1010100001001111 G
b1010100001001111 L
b1010100001001111 Q
b1010100001001111 V
b1010100001001111 [
b1010100001001111 )
b110 "
b110 ,
b110 *
b0 &
b0 .
b0 9
b0 C
b0 H
b0 R
b0 +
1#
#19800
0#
#19810
b1010100001001111 !
b1010100001001111 1
b1010100001001111 0
b1010100001001111 Y
0X
b1010100001001111 (
b1010100001001111 Z
0'
1#
#19820
0#
#19830
1X
1'
b101100010001000 $
b101100010001000 -
b101100010001000 8
b101100010001000 =
b101100010001000 B
b101100010001000 G
b101100010001000 L
b101100010001000 Q
b101100010001000 V
b101100010001000 [
b101100010001000 )
1#
#19840
0#
#19850
b101100010001000 !
b101100010001000 1
b101100010001000 0
b101100010001000 Y
0X
b101100010001000 (
b101100010001000 Z
0'
1#
#19860
0#
#19870
b1000100 !
b1000100 1
1I
b11000000 7
b11000000 <
b101001 5
b101001 F
b1000100 4
b1000100 K
b11000100 2
b11000100 U
1'
b1110111100011000 $
b1110111100011000 -
b1110111100011000 8
b1110111100011000 =
b1110111100011000 B
b1110111100011000 G
b1110111100011000 L
b1110111100011000 Q
b1110111100011000 V
b1110111100011000 [
b1110111100011000 )
b10 "
b10 ,
b10 *
b1 &
b1 .
b1 9
b1 C
b1 H
b1 R
b1 +
1#
#19880
0#
#19890
b11000 !
b11000 1
b11000 4
b11000 K
0I
b11000 (
b1010111000011000 J
0'
1#
#19900
0#
#19910
b1000000110110100 !
b1000000110110100 1
1?
b1111001111000000 7
b1111001111000000 <
b1000010000101001 5
b1000010000101001 F
b1010111000011000 4
b1010111000011000 K
b1110011000100 2
b1110011000100 U
1'
b1111111001111101 $
b1111111001111101 -
b1111111001111101 8
b1111111001111101 =
b1111111001111101 B
b1111111001111101 G
b1111111001111101 L
b1111111001111101 Q
b1111111001111101 V
b1111111001111101 [
b1111111001111101 )
b101 "
b101 ,
b101 *
b11 &
b11 .
b11 9
b11 C
b11 H
b11 R
b11 +
1#
#19920
0#
#19930
b1111111001111101 !
b1111111001111101 1
b1111111001111101 6
b1111111001111101 A
0?
b1111111001111101 (
b1111111001111101 @
0'
1#
#19940
0#
#19950
1:
b1111001100000000 !
b1111001100000000 1
b1111001100000000 7
b1111001100000000 <
b1000010000000000 5
b1000010000000000 F
b1010111000000000 4
b1010111000000000 K
b1110000000000 2
b1110000000000 U
1'
b1010001100010001 $
b1010001100010001 -
b1010001100010001 8
b1010001100010001 =
b1010001100010001 B
b1010001100010001 G
b1010001100010001 L
b1010001100010001 Q
b1010001100010001 V
b1010001100010001 [
b1010001100010001 )
b0 "
b0 ,
b0 *
b10 &
b10 .
b10 9
b10 C
b10 H
b10 R
b10 +
1#
#19960
0#
#19970
b1010001100000000 !
b1010001100000000 1
b1010001100000000 7
b1010001100000000 <
0:
b1010001100000000 (
b1010001111000000 ;
0'
1#
#19980
0#
#19990
b1010001111000000 !
b1010001111000000 1
1:
b1010001111000000 7
b1010001111000000 <
b1000010000101001 5
b1000010000101001 F
b1010111000011000 4
b1010111000011000 K
b1110011000100 2
b1110011000100 U
1'
b1101011100001010 $
b1101011100001010 -
b1101011100001010 8
b1101011100001010 =
b1101011100001010 B
b1101011100001010 G
b1101011100001010 L
b1101011100001010 Q
b1101011100001010 V
b1101011100001010 [
b1101011100001010 )
b11 &
b11 .
b11 9
b11 C
b11 H
b11 R
b11 +
1#
#20000
0#
#20010
b1101011100001010 !
b1101011100001010 1
b1101011100001010 7
b1101011100001010 <
0:
b1101011100001010 (
b1101011100001010 ;
0'
1#
#20020
0#
#20030
1:
1'
b111111011000101 $
b111111011000101 -
b111111011000101 8
b111111011000101 =
b111111011000101 B
b111111011000101 G
b111111011000101 L
b111111011000101 Q
b111111011000101 V
b111111011000101 [
b111111011000101 )
1#
#20040
0#
#20050
b111111011000101 !
b111111011000101 1
b111111011000101 7
b111111011000101 <
0:
b111111011000101 (
b111111011000101 ;
0'
1#
#20060
0#
#20070
1D
b1000010000101001 !
b1000010000101001 1
1'
b1110011011001010 $
b1110011011001010 -
b1110011011001010 8
b1110011011001010 =
b1110011011001010 B
b1110011011001010 G
b1110011011001010 L
b1110011011001010 Q
b1110011011001010 V
b1110011011001010 [
b1110011011001010 )
b1 "
b1 ,
b1 *
1#
#20080
0#
#20090
b1110011011001010 !
b1110011011001010 1
b1110011011001010 5
b1110011011001010 F
0D
b1110011011001010 (
b1110011011001010 E
0'
1#
#20100
0#
#20110
b111110100100010 !
b111110100100010 1
1\
1'
b1010111011101 $
b1010111011101 -
b1010111011101 8
b1010111011101 =
b1010111011101 B
b1010111011101 G
b1010111011101 L
b1010111011101 Q
b1010111011101 V
b1010111011101 [
b1010111011101 )
b100 "
b100 ,
b100 *
1#
#20120
0#
#20130
b1010111011101 !
b1010111011101 1
b1010111011101 /
b1010111011101 ]
0\
b1010111011101 (
b1010111011101 ^
0'
1#
#20140
0#
#20150
b1110000000000 !
b1110000000000 1
1S
b111111000000000 7
b111111000000000 <
b1110011000000000 5
b1110011000000000 F
b1010111000000000 4
b1010111000000000 K
b1110000000000 2
b1110000000000 U
1'
b11100111010010 $
b11100111010010 -
b11100111010010 8
b11100111010010 =
b11100111010010 B
b11100111010010 G
b11100111010010 L
b11100111010010 Q
b11100111010010 V
b11100111010010 [
b11100111010010 )
b11 "
b11 ,
b11 *
b10 &
b10 .
b10 9
b10 C
b10 H
b10 R
b10 +
1#
#20160
0#
#20170
b11100100000000 !
b11100100000000 1
b11100100000000 2
b11100100000000 U
0S
b11100100000000 (
b11100111000100 T
0'
1#
#20180
0#
#20190
b1010111011101 !
b1010111011101 1
1\
b11000101 7
b11000101 <
b11001010 5
b11001010 F
b11000 4
b11000 K
b11000100 2
b11000100 U
1'
b1111100000100110 $
b1111100000100110 -
b1111100000100110 8
b1111100000100110 =
b1111100000100110 B
b1111100000100110 G
b1111100000100110 L
b1111100000100110 Q
b1111100000100110 V
b1111100000100110 [
b1111100000100110 )
b100 "
b100 ,
b100 *
b1 &
b1 .
b1 9
b1 C
b1 H
b1 R
b1 +
1#
#20200
0#
#20210
b1111100000100110 !
b1111100000100110 1
b1111100000100110 /
b1111100000100110 ]
0\
b1111100000100110 (
b1111100000100110 ^
0'
1#
#20220
0#
#20230
b11000100 !
b11000100 1
1S
1'
b1000101111110010 $
b1000101111110010 -
b1000101111110010 8
b1000101111110010 =
b1000101111110010 B
b1000101111110010 G
b1000101111110010 L
b1000101111110010 Q
b1000101111110010 V
b1000101111110010 [
b1000101111110010 )
b11 "
b11 ,
b11 *
1#
#20240
0#
#20250
b11110010 !
b11110010 1
b11110010 2
b11110010 U
0S
b11110010 (
b11100111110010 T
0'
1#
#20260
0#
#20270
b1010111000000000 !
b1010111000000000 1
1I
b111111000000000 7
b111111000000000 <
b1110011000000000 5
b1110011000000000 F
b1010111000000000 4
b1010111000000000 K
b11100100000000 2
b11100100000000 U
1'
b1101001011110111 $
b1101001011110111 -
b1101001011110111 8
b1101001011110111 =
b1101001011110111 B
b1101001011110111 G
b1101001011110111 L
b1101001011110111 Q
b1101001011110111 V
b1101001011110111 [
b1101001011110111 )
b10 "
b10 ,
b10 *
b10 &
b10 .
b10 9
b10 C
b10 H
b10 R
b10 +
1#
#20280
0#
#20290
b1101001000000000 !
b1101001000000000 1
b1101001000000000 4
b1101001000000000 K
0I
b1101001000000000 (
b1101001000011000 J
0'
1#
#20300
0#
#20310
b1110011000000000 !
b1110011000000000 1
1D
1'
b1110000111111110 $
b1110000111111110 -
b1110000111111110 8
b1110000111111110 =
b1110000111111110 B
b1110000111111110 G
b1110000111111110 L
b1110000111111110 Q
b1110000111111110 V
b1110000111111110 [
b1110000111111110 )
b1 "
b1 ,
b1 *
1#
#20320
0#
#20330
b1110000100000000 !
b1110000100000000 1
b1110000100000000 5
b1110000100000000 F
0D
b1110000100000000 (
b1110000111001010 E
0'
1#
#20340
0#
#20350
b11000 !
b11000 1
1I
b11000101 7
b11000101 <
b11001010 5
b11001010 F
b11000 4
b11000 K
b11110010 2
b11110010 U
1'
b1001000000000100 $
b1001000000000100 -
b1001000000000100 8
b1001000000000100 =
b1001000000000100 B
b1001000000000100 G
b1001000000000100 L
b1001000000000100 Q
b1001000000000100 V
b1001000000000100 [
b1001000000000100 )
b10 "
b10 ,
b10 *
b1 &
b1 .
b1 9
b1 C
b1 H
b1 R
b1 +
1#
#20360
0#
#20370
b100 !
b100 1
b100 4
b100 K
0I
b100 (
b1101001000000100 J
0'
1#
#20380
0#
#20390
b1110000100000000 !
b1110000100000000 1
1D
b111111000000000 7
b111111000000000 <
b1110000100000000 5
b1110000100000000 F
b1101001000000000 4
b1101001000000000 K
b11100100000000 2
b11100100000000 U
1'
b10111011100110 $
b10111011100110 -
b10111011100110 8
b10111011100110 =
b10111011100110 B
b10111011100110 G
b10111011100110 L
b10111011100110 Q
b10111011100110 V
b10111011100110 [
b10111011100110 )
b1 "
b1 ,
b1 *
b10 &
b10 .
b10 9
b10 C
b10 H
b10 R
b10 +
1#
#20400
0#
#20410
b10111000000000 !
b10111000000000 1
b10111000000000 5
b10111000000000 F
0D
b10111000000000 (
b10111011001010 E
0'
1#
#20420
0#
#20430
b1111100000100110 !
b1111100000100110 1
1\
b11000101 7
b11000101 <
b11001010 5
b11001010 F
b100 4
b100 K
b11110010 2
b11110010 U
1'
b111000100111011 $
b111000100111011 -
b111000100111011 8
b111000100111011 =
b111000100111011 B
b111000100111011 G
b111000100111011 L
b111000100111011 Q
b111000100111011 V
b111000100111011 [
b111000100111011 )
b100 "
b100 ,
b100 *
b1 &
b1 .
b1 9
b1 C
b1 H
b1 R
b1 +
1#
#20440
0#
#20450
b111000100111011 !
b111000100111011 1
b111000100111011 /
b111000100111011 ]
0\
b111000100111011 (
b111000100111011 ^
0'
1#
#20460
0#
#20470
b10111011001010 !
b10111011001010 1
1D
b111111011000101 7
b111111011000101 <
b10111011001010 5
b10111011001010 F
b1101001000000100 4
b1101001000000100 K
b11100111110010 2
b11100111110010 U
1'
b1111001111001011 $
b1111001111001011 -
b1111001111001011 8
b1111001111001011 =
b1111001111001011 B
b1111001111001011 G
b1111001111001011 L
b1111001111001011 Q
b1111001111001011 V
b1111001111001011 [
b1111001111001011 )
b1 "
b1 ,
b1 *
b11 &
b11 .
b11 9
b11 C
b11 H
b11 R
b11 +
1#
#20480
0#
#20490
b1111001111001011 !
b1111001111001011 1
b1111001111001011 5
b1111001111001011 F
0D
b1111001111001011 (
b1111001111001011 E
0'
1#
#20500
0#
#20510
b111000100111011 !
b111000100111011 1
1\
1'
b11100011100011 $
b11100011100011 -
b11100011100011 8
b11100011100011 =
b11100011100011 B
b11100011100011 G
b11100011100011 L
b11100011100011 Q
b11100011100011 V
b11100011100011 [
b11100011100011 )
b100 "
b100 ,
b100 *
1#
#20520
0#
#20530
b11100011100011 !
b11100011100011 1
b11100011100011 /
b11100011100011 ]
0\
b11100011100011 (
b11100011100011 ^
0'
1#
#20540
0#
#20550
1:
b111111011000101 !
b111111011000101 1
1'
b1101100101011011 $
b1101100101011011 -
b1101100101011011 8
b1101100101011011 =
b1101100101011011 B
b1101100101011011 G
b1101100101011011 L
b1101100101011011 Q
b1101100101011011 V
b1101100101011011 [
b1101100101011011 )
b0 "
b0 ,
b0 *
b0 &
b0 .
b0 9
b0 C
b0 H
b0 R
b0 +
1#
#20560
0#
#20570
b1101100101011011 !
b1101100101011011 1
b1101100101011011 7
b1101100101011011 <
0:
b1101100101011011 (
b1101100101011011 ;
0'
1#
#20580
0#
#20590
1\
b11100011100011 !
b11100011100011 1
1'
b100001010010111 $
b100001010010111 -
b100001010010111 8
b100001010010111 =
b100001010010111 B
b100001010010111 G
b100001010010111 L
b100001010010111 Q
b100001010010111 V
b100001010010111 [
b100001010010111 )
b100 "
b100 ,
b100 *
1#
#20600
0#
#20610
b100001010010111 !
b100001010010111 1
b100001010010111 /
b100001010010111 ]
0\
b100001010010111 (
b100001010010111 ^
0'
1#
#20620
0#
#20630
b11100111110010 !
b11100111110010 1
1S
1'
b101010000100101 $
b101010000100101 -
b101010000100101 8
b101010000100101 =
b101010000100101 B
b101010000100101 G
b101010000100101 L
b101010000100101 Q
b101010000100101 V
b101010000100101 [
b101010000100101 )
b11 "
b11 ,
b11 *
1#
#20640
0#
#20650
b101010000100101 !
b101010000100101 1
b101010000100101 2
b101010000100101 U
0S
b101010000100101 (
b101010000100101 T
0'
1#
#20660
0#
#20670
b1101001000000000 !
b1101001000000000 1
1I
b1101100100000000 7
b1101100100000000 <
b1111001100000000 5
b1111001100000000 F
b1101001000000000 4
b1101001000000000 K
b101010000000000 2
b101010000000000 U
1'
b1010011100000100 $
b1010011100000100 -
b1010011100000100 8
b1010011100000100 =
b1010011100000100 B
b1010011100000100 G
b1010011100000100 L
b1010011100000100 Q
b1010011100000100 V
b1010011100000100 [
b1010011100000100 )
b10 "
b10 ,
b10 *
b10 &
b10 .
b10 9
b10 C
b10 H
b10 R
b10 +
1#
#20680
0#
#20690
b1010011100000000 !
b1010011100000000 1
b1010011100000000 4
b1010011100000000 K
0I
b1010011100000000 (
b1010011100000100 J
0'
1#
#20700
0#
#20710
b101100010001000 !
b101100010001000 1
1X
b1101100101011011 7
b1101100101011011 <
b1111001111001011 5
b1111001111001011 F
b1010011100000100 4
b1010011100000100 K
b101010000100101 2
b101010000100101 U
1'
b100101101100011 $
b100101101100011 -
b100101101100011 8
b100101101100011 =
b100101101100011 B
b100101101100011 G
b100101101100011 L
b100101101100011 Q
b100101101100011 V
b100101101100011 [
b100101101100011 )
b110 "
b110 ,
b110 *
b0 &
b0 .
b0 9
b0 C
b0 H
b0 R
b0 +
1#
#20720
0#
#20730
b100101101100011 !
b100101101100011 1
b100101101100011 0
b100101101100011 Y
0X
b100101101100011 (
b100101101100011 Z
0'
1#
#20740
0#
#20750
b1101010011011111 !
b1101010011011111 1
1N
1'
b101110000010100 $
b101110000010100 -
b101110000010100 8
b101110000010100 =
b101110000010100 B
b101110000010100 G
b101110000010100 L
b101110000010100 Q
b101110000010100 V
b101110000010100 [
b101110000010100 )
b111 "
b111 ,
b111 *
b11 &
b11 .
b11 9
b11 C
b11 H
b11 R
b11 +
1#
#20760
0#
#20770
b101110000010100 !
b101110000010100 1
b101110000010100 3
b101110000010100 P
0N
b101110000010100 (
b101110000010100 O
0'
1#
#20780
0#
#20790
b100101 !
b100101 1
1S
b1011011 7
b1011011 <
b11001011 5
b11001011 F
b100 4
b100 K
b100101 2
b100101 U
1'
b1010100111001110 $
b1010100111001110 -
b1010100111001110 8
b1010100111001110 =
b1010100111001110 B
b1010100111001110 G
b1010100111001110 L
b1010100111001110 Q
b1010100111001110 V
b1010100111001110 [
b1010100111001110 )
b11 "
b11 ,
b11 *
b1 &
b1 .
b1 9
b1 C
b1 H
b1 R
b1 +
1#
#20800
0#
#20810
b11001110 !
b11001110 1
b11001110 2
b11001110 U
0S
b11001110 (
b101010011001110 T
0'
1#
#20820
0#
#20830
b100101101100011 !
b100101101100011 1
1X
b1101100100000000 7
b1101100100000000 <
b1111001100000000 5
b1111001100000000 F
b1010011100000000 4
b1010011100000000 K
b101010000000000 2
b101010000000000 U
1'
b101000110100100 $
b101000110100100 -
b101000110100100 8
b101000110100100 =
b101000110100100 B
b101000110100100 G
b101000110100100 L
b101000110100100 Q
b101000110100100 V
b101000110100100 [
b101000110100100 )
b110 "
b110 ,
b110 *
b10 &
b10 .
b10 9
b10 C
b10 H
b10 R
b10 +
1#
#20840
0#
#20850
b101000110100100 !
b101000110100100 1
b101000110100100 0
b101000110100100 Y
0X
b101000110100100 (
b101000110100100 Z
0'
1#
#20860
0#
#20870
1:
b1101100100000000 !
b1101100100000000 1
1'
b101000000110 $
b101000000110 -
b101000000110 8
b101000000110 =
b101000000110 B
b101000000110 G
b101000000110 L
b101000000110 Q
b101000000110 V
b101000000110 [
b101000000110 )
b0 "
b0 ,
b0 *
1#
#20880
0#
#20890
b101000000000 !
b101000000000 1
b101000000000 7
b101000000000 <
0:
b101000000000 (
b101001011011 ;
0'
1#
#20900
0#
#20910
1S
b101010011001110 !
b101010011001110 1
b101001011011 7
b101001011011 <
b1111001111001011 5
b1111001111001011 F
b1010011100000100 4
b1010011100000100 K
b101010011001110 2
b101010011001110 U
1'
b1001000010100001 $
b1001000010100001 -
b1001000010100001 8
b1001000010100001 =
b1001000010100001 B
b1001000010100001 G
b1001000010100001 L
b1001000010100001 Q
b1001000010100001 V
b1001000010100001 [
b1001000010100001 )
b11 "
b11 ,
b11 *
b0 &
b0 .
b0 9
b0 C
b0 H
b0 R
b0 +
1#
#20920
0#
#20930
b1001000010100001 !
b1001000010100001 1
b1001000010100001 2
b1001000010100001 U
0S
b1001000010100001 (
b1001000010100001 T
0'
1#
#20940
0#
#20950
1:
b101000000000 !
b101000000000 1
b101000000000 7
b101000000000 <
b1111001100000000 5
b1111001100000000 F
b1010011100000000 4
b1010011100000000 K
b1001000000000000 2
b1001000000000000 U
1'
b101010001001011 $
b101010001001011 -
b101010001001011 8
b101010001001011 =
b101010001001011 B
b101010001001011 G
b101010001001011 L
b101010001001011 Q
b101010001001011 V
b101010001001011 [
b101010001001011 )
b0 "
b0 ,
b0 *
b10 &
b10 .
b10 9
b10 C
b10 H
b10 R
b10 +
1#
#20960
0#
#20970
b101010000000000 !
b101010000000000 1
b101010000000000 7
b101010000000000 <
0:
b101010000000000 (
b101010001011011 ;
0'
1#
#20980
0#
#20990
1D
b1111001111001011 !
b1111001111001011 1
b101010001011011 7
b101010001011011 <
b1111001111001011 5
b1111001111001011 F
b1010011100000100 4
b1010011100000100 K
b1001000010100001 2
b1001000010100001 U
1'
b110011101011110 $
b110011101011110 -
b110011101011110 8
b110011101011110 =
b110011101011110 B
b110011101011110 G
b110011101011110 L
b110011101011110 Q
b110011101011110 V
b110011101011110 [
b110011101011110 )
b1 "
b1 ,
b1 *
b11 &
b11 .
b11 9
b11 C
b11 H
b11 R
b11 +
1#
#21000
0#
#21010
b110011101011110 !
b110011101011110 1
b110011101011110 5
b110011101011110 F
0D
b110011101011110 (
b110011101011110 E
0'
1#
#21020
0#
#21030
b100001010010111 !
b100001010010111 1
1\
b101010000000000 7
b101010000000000 <
b110011100000000 5
b110011100000000 F
b1010011100000000 4
b1010011100000000 K
b1001000000000000 2
b1001000000000000 U
1'
b101101011100101 $
b101101011100101 -
b101101011100101 8
b101101011100101 =
b101101011100101 B
b101101011100101 G
b101101011100101 L
b101101011100101 Q
b101101011100101 V
b101101011100101 [
b101101011100101 )
b100 "
b100 ,
b100 *
b10 &
b10 .
b10 9
b10 C
b10 H
b10 R
b10 +
1#
#21040
0#
#21050
b101101011100101 !
b101101011100101 1
b101101011100101 /
b101101011100101 ]
0\
b101101011100101 (
b101101011100101 ^
0'
1#
#21060
0#
#21070
b1111111001111101 !
b1111111001111101 1
1?
1'
b111010101001000 $
b111010101001000 -
b111010101001000 8
b111010101001000 =
b111010101001000 B
b111010101001000 G
b111010101001000 L
b111010101001000 Q
b111010101001000 V
b111010101001000 [
b111010101001000 )
b101 "
b101 ,
b101 *
1#
#21080
0#
#21090
b111010101001000 !
b111010101001000 1
b111010101001000 6
b111010101001000 A
0?
b111010101001000 (
b111010101001000 @
0'
1#
#21100
0#
#21110
1?
b101010001011011 7
b101010001011011 <
b110011101011110 5
b110011101011110 F
b1010011100000100 4
b1010011100000100 K
b1001000010100001 2
b1001000010100001 U
1'
b111101001111100 $
b111101001111100 -
b111101001111100 8
b111101001111100 =
b111101001111100 B
b111101001111100 G
b111101001111100 L
b111101001111100 Q
b111101001111100 V
b111101001111100 [
b111101001111100 )
b0 &
b0 .
b0 9
b0 C
b0 H
b0 R
b0 +
1#
#21120
0#
#21130
b111101001111100 !
b111101001111100 1
b111101001111100 6
b111101001111100 A
0?
b111101001111100 (
b111101001111100 @
0'
1#
#21140
0#
#21150
b101110000010100 !
b101110000010100 1
1N
b1011011 7
b1011011 <
b1011110 5
b1011110 F
b100 4
b100 K
b10100001 2
b10100001 U
1'
b1101111100011001 $
b1101111100011001 -
b1101111100011001 8
b1101111100011001 =
b1101111100011001 B
b1101111100011001 G
b1101111100011001 L
b1101111100011001 Q
b1101111100011001 V
b1101111100011001 [
b1101111100011001 )
b111 "
b111 ,
b111 *
b1 &
b1 .
b1 9
b1 C
b1 H
b1 R
b1 +
1#
#21160
0#
#21170
b1101111100011001 !
b1101111100011001 1
b1101111100011001 3
b1101111100011001 P
0N
b1101111100011001 (
b1101111100011001 O
0'
1#
#21180
0#
#21190
b101000110100100 !
b101000110100100 1
1X
b101010001011011 7
b101010001011011 <
b110011101011110 5
b110011101011110 F
b1010011100000100 4
b1010011100000100 K
b1001000010100001 2
b1001000010100001 U
1'
b11111001101111 $
b11111001101111 -
b11111001101111 8
b11111001101111 =
b11111001101111 B
b11111001101111 G
b11111001101111 L
b11111001101111 Q
b11111001101111 V
b11111001101111 [
b11111001101111 )
b110 "
b110 ,
b110 *
b11 &
b11 .
b11 9
b11 C
b11 H
b11 R
b11 +
1#
#21200
0#
#21210
b11111001101111 !
b11111001101111 1
b11111001101111 0
b11111001101111 Y
0X
b11111001101111 (
b11111001101111 Z
0'
1#
#21220
0#
#21230
b110011100000000 !
b110011100000000 1
1D
b101010000000000 7
b101010000000000 <
b110011100000000 5
b110011100000000 F
b1010011100000000 4
b1010011100000000 K
b1001000000000000 2
b1001000000000000 U
1'
b101111011110000 $
b101111011110000 -
b101111011110000 8
b101111011110000 =
b101111011110000 B
b101111011110000 G
b101111011110000 L
b101111011110000 Q
b101111011110000 V
b101111011110000 [
b101111011110000 )
b1 "
b1 ,
b1 *
b10 &
b10 .
b10 9
b10 C
b10 H
b10 R
b10 +
1#
#21240
0#
#21250
b101111000000000 !
b101111000000000 1
b101111000000000 5
b101111000000000 F
0D
b101111000000000 (
b101111001011110 E
0'
1#
#21260
0#
#21270
b101101011100101 !
b101101011100101 1
1\
b1011011 7
b1011011 <
b1011110 5
b1011110 F
b100 4
b100 K
b10100001 2
b10100001 U
1'
b1111111000010111 $
b1111111000010111 -
b1111111000010111 8
b1111111000010111 =
b1111111000010111 B
b1111111000010111 G
b1111111000010111 L
b1111111000010111 Q
b1111111000010111 V
b1111111000010111 [
b1111111000010111 )
b100 "
b100 ,
b100 *
b1 &
b1 .
b1 9
b1 C
b1 H
b1 R
b1 +
1#
#21280
0#
#21290
b1111111000010111 !
b1111111000010111 1
b1111111000010111 /
b1111111000010111 ]
0\
b1111111000010111 (
b1111111000010111 ^
0'
1#
#21300
0#
#21310
1:
b101010000000000 !
b101010000000000 1
b101010000000000 7
b101010000000000 <
b101111000000000 5
b101111000000000 F
b1010011100000000 4
b1010011100000000 K
b1001000000000000 2
b1001000000000000 U
1'
b110110001100111 $
b110110001100111 -
b110110001100111 8
b110110001100111 =
b110110001100111 B
b110110001100111 G
b110110001100111 L
b110110001100111 Q
b110110001100111 V
b110110001100111 [
b110110001100111 )
b0 "
b0 ,
b0 *
b10 &
b10 .
b10 9
b10 C
b10 H
b10 R
b10 +
1#
#21320
0#
#21330
b110110000000000 !
b110110000000000 1
b110110000000000 7
b110110000000000 <
0:
b110110000000000 (
b110110001011011 ;
0'
1#
#21340
0#
#21350
1S
b10100001 !
b10100001 1
b1011011 7
b1011011 <
b1011110 5
b1011110 F
b100 4
b100 K
b10100001 2
b10100001 U
1'
b111110110101111 $
b111110110101111 -
b111110110101111 8
b111110110101111 =
b111110110101111 B
b111110110101111 G
b111110110101111 L
b111110110101111 Q
b111110110101111 V
b111110110101111 [
b111110110101111 )
b11 "
b11 ,
b11 *
b1 &
b1 .
b1 9
b1 C
b1 H
b1 R
b1 +
1#
#21360
0#
#21370
b10101111 !
b10101111 1
b10101111 2
b10101111 U
0S
b10101111 (
b1001000010101111 T
0'
1#
#21380
0#
#21390
b1010011100000000 !
b1010011100000000 1
1I
b110110000000000 7
b110110000000000 <
b101111000000000 5
b101111000000000 F
b1010011100000000 4
b1010011100000000 K
b1001000000000000 2
b1001000000000000 U
1'
b101111101010100 $
b101111101010100 -
b101111101010100 8
b101111101010100 =
b101111101010100 B
b101111101010100 G
b101111101010100 L
b101111101010100 Q
b101111101010100 V
b101111101010100 [
b101111101010100 )
b10 "
b10 ,
b10 *
b10 &
b10 .
b10 9
b10 C
b10 H
b10 R
b10 +
1#
#21400
0#
#21410
b101111100000000 !
b101111100000000 1
b101111100000000 4
b101111100000000 K
0I
b101111100000000 (
b101111100000100 J
0'
1#
#21420
0#
#21430
b1101111100011001 !
b1101111100011001 1
1N
1'
b1000010011000101 $
b1000010011000101 -
b1000010011000101 8
b1000010011000101 =
b1000010011000101 B
b1000010011000101 G
b1000010011000101 L
b1000010011000101 Q
b1000010011000101 V
b1000010011000101 [
b1000010011000101 )
b111 "
b111 ,
b111 *
1#
#21440
0#
#21450
b1000010011000101 !
b1000010011000101 1
b1000010011000101 3
b1000010011000101 P
0N
b1000010011000101 (
b1000010011000101 O
0'
1#
#21460
0#
#21470
b1111111000010111 !
b1111111000010111 1
1\
b1011011 7
b1011011 <
b1011110 5
b1011110 F
b100 4
b100 K
b10101111 2
b10101111 U
1'
b1000010111001000 $
b1000010111001000 -
b1000010111001000 8
b1000010111001000 =
b1000010111001000 B
b1000010111001000 G
b1000010111001000 L
b1000010111001000 Q
b1000010111001000 V
b1000010111001000 [
b1000010111001000 )
b100 "
b100 ,
b100 *
b1 &
b1 .
b1 9
b1 C
b1 H
b1 R
b1 +
1#
#21480
0#
#21490
b1000010111001000 !
b1000010111001000 1
b1000010111001000 /
b1000010111001000 ]
0\
b1000010111001000 (
b1000010111001000 ^
0'
1#
#21500
0#
#21510
1:
b110110001011011 !
b110110001011011 1
b110110001011011 7
b110110001011011 <
b101111001011110 5
b101111001011110 F
b101111100000100 4
b101111100000100 K
b1001000010101111 2
b1001000010101111 U
1'
b1001011000111110 $
b1001011000111110 -
b1001011000111110 8
b1001011000111110 =
b1001011000111110 B
b1001011000111110 G
b1001011000111110 L
b1001011000111110 Q
b1001011000111110 V
b1001011000111110 [
b1001011000111110 )
b0 "
b0 ,
b0 *
b11 &
b11 .
b11 9
b11 C
b11 H
b11 R
b11 +
1#
#21520
0#
#21530
b1001011000111110 !
b1001011000111110 1
b1001011000111110 7
b1001011000111110 <
0:
b1001011000111110 (
b1001011000111110 ;
0'
1#
#21540
0#
#21550
1\
b1000010111001000 !
b1000010111001000 1
1'
b100101001100010 $
b100101001100010 -
b100101001100010 8
b100101001100010 =
b100101001100010 B
b100101001100010 G
b100101001100010 L
b100101001100010 Q
b100101001100010 V
b100101001100010 [
b100101001100010 )
b100 "
b100 ,
b100 *
1#
#21560
0#
#21570
b100101001100010 !
b100101001100010 1
b100101001100010 /
b100101001100010 ]
0\
b100101001100010 (
b100101001100010 ^
0'
1#
#21580
0#
#21590
b101111100000100 !
b101111100000100 1
1I
1'
b111001101001000 $
b111001101001000 -
b111001101001000 8
b111001101001000 =
b111001101001000 B
b111001101001000 G
b111001101001000 L
b111001101001000 Q
b111001101001000 V
b111001101001000 [
b111001101001000 )
b10 "
b10 ,
b10 *
b0 &
b0 .
b0 9
b0 C
b0 H
b0 R
b0 +
1#
#21600
0#
#21610
b111001101001000 !
b111001101001000 1
b111001101001000 4
b111001101001000 K
0I
b111001101001000 (
b111001101001000 J
0'
1#
#21620
0#
#21630
b1001000010101111 !
b1001000010101111 1
1S
1'
b101100010100000 $
b101100010100000 -
b101100010100000 8
b101100010100000 =
b101100010100000 B
b101100010100000 G
b101100010100000 L
b101100010100000 Q
b101100010100000 V
b101100010100000 [
b101100010100000 )
b11 "
b11 ,
b11 *
b11 &
b11 .
b11 9
b11 C
b11 H
b11 R
b11 +
1#
#21640
0#
#21650
b101100010100000 !
b101100010100000 1
b101100010100000 2
b101100010100000 U
0S
b101100010100000 (
b101100010100000 T
0'
1#
#21660
0#
#21670
b100101001100010 !
b100101001100010 1
1\
b111110 7
b111110 <
b1011110 5
b1011110 F
b1001000 4
b1001000 K
b10100000 2
b10100000 U
1'
b1101000001011001 $
b1101000001011001 -
b1101000001011001 8
b1101000001011001 =
b1101000001011001 B
b1101000001011001 G
b1101000001011001 L
b1101000001011001 Q
b1101000001011001 V
b1101000001011001 [
b1101000001011001 )
b100 "
b100 ,
b100 *
b1 &
b1 .
b1 9
b1 C
b1 H
b1 R
b1 +
1#
#21680
0#
#21690
b1101000001011001 !
b1101000001011001 1
b1101000001011001 /
b1101000001011001 ]
0\
b1101000001011001 (
b1101000001011001 ^
0'
1#
#21700
0#
#21710
b10100000 !
b10100000 1
1S
1'
b1011011010010110 $
b1011011010010110 -
b1011011010010110 8
b1011011010010110 =
b1011011010010110 B
b1011011010010110 G
b1011011010010110 L
b1011011010010110 Q
b1011011010010110 V
b1011011010010110 [
b1011011010010110 )
b11 "
b11 ,
b11 *
1#
#21720
0#
#21730
b10010110 !
b10010110 1
b10010110 2
b10010110 U
0S
b10010110 (
b101100010010110 T
0'
1#
#21740
0#
#21750
b11111001101111 !
b11111001101111 1
1X
b1001011000111110 7
b1001011000111110 <
b101111001011110 5
b101111001011110 F
b111001101001000 4
b111001101001000 K
b101100010010110 2
b101100010010110 U
1'
b1110110001001100 $
b1110110001001100 -
b1110110001001100 8
b1110110001001100 =
b1110110001001100 B
b1110110001001100 G
b1110110001001100 L
b1110110001001100 Q
b1110110001001100 V
b1110110001001100 [
b1110110001001100 )
b110 "
b110 ,
b110 *
b11 &
b11 .
b11 9
b11 C
b11 H
b11 R
b11 +
1#
#21760
0#
#21770
b1110110001001100 !
b1110110001001100 1
b1110110001001100 0
b1110110001001100 Y
0X
b1110110001001100 (
b1110110001001100 Z
0'
1#
#21780
0#
#21790
b101111001011110 !
b101111001011110 1
1D
1'
b1110000001101100 $
b1110000001101100 -
b1110000001101100 8
b1110000001101100 =
b1110000001101100 B
b1110000001101100 G
b1110000001101100 L
b1110000001101100 Q
b1110000001101100 V
b1110000001101100 [
b1110000001101100 )
b1 "
b1 ,
b1 *
1#
#21800
0#
#21810
b1110000001101100 !
b1110000001101100 1
b1110000001101100 5
b1110000001101100 F
0D
b1110000001101100 (
b1110000001101100 E
0'
1#
#21820
0#
#21830
b1101000001011001 !
b1101000001011001 1
1\
b111110 7
b111110 <
b1101100 5
b1101100 F
b1001000 4
b1001000 K
b10010110 2
b10010110 U
1'
b11000010101110 $
b11000010101110 -
b11000010101110 8
b11000010101110 =
b11000010101110 B
b11000010101110 G
b11000010101110 L
b11000010101110 Q
b11000010101110 V
b11000010101110 [
b11000010101110 )
b100 "
b100 ,
b100 *
b1 &
b1 .
b1 9
b1 C
b1 H
b1 R
b1 +
1#
#21840
0#
#21850
b11000010101110 !
b11000010101110 1
b11000010101110 /
b11000010101110 ]
0\
b11000010101110 (
b11000010101110 ^
0'
1#
#21860
0#
#21870
1\
b1001011000111110 7
b1001011000111110 <
b1110000001101100 5
b1110000001101100 F
b111001101001000 4
b111001101001000 K
b101100010010110 2
b101100010010110 U
1'
b1111010010001101 $
b1111010010001101 -
b1111010010001101 8
b1111010010001101 =
b1111010010001101 B
b1111010010001101 G
b1111010010001101 L
b1111010010001101 Q
b1111010010001101 V
b1111010010001101 [
b1111010010001101 )
b0 &
b0 .
b0 9
b0 C
b0 H
b0 R
b0 +
1#
#21880
0#
#21890
b1111010010001101 !
b1111010010001101 1
b1111010010001101 /
b1111010010001101 ]
0\
b1111010010001101 (
b1111010010001101 ^
0'
1#
#21900
0#
#21910
b1000010011000101 !
b1000010011000101 1
1N
1'
b1101010001001011 $
b1101010001001011 -
b1101010001001011 8
b1101010001001011 =
b1101010001001011 B
b1101010001001011 G
b1101010001001011 L
b1101010001001011 Q
b1101010001001011 V
b1101010001001011 [
b1101010001001011 )
b111 "
b111 ,
b111 *
1#
#21920
0#
#21930
b1101010001001011 !
b1101010001001011 1
b1101010001001011 3
b1101010001001011 P
0N
b1101010001001011 (
b1101010001001011 O
0'
1#
#21940
0#
#21950
b1111010010001101 !
b1111010010001101 1
1\
1'
b1100110111111101 $
b1100110111111101 -
b1100110111111101 8
b1100110111111101 =
b1100110111111101 B
b1100110111111101 G
b1100110111111101 L
b1100110111111101 Q
b1100110111111101 V
b1100110111111101 [
b1100110111111101 )
b100 "
b100 ,
b100 *
1#
#21960
0#
#21970
b1100110111111101 !
b1100110111111101 1
b1100110111111101 /
b1100110111111101 ]
0\
b1100110111111101 (
b1100110111111101 ^
0'
1#
#21980
0#
#21990
b101100010010110 !
b101100010010110 1
1S
1'
b111100011011111 $
b111100011011111 -
b111100011011111 8
b111100011011111 =
b111100011011111 B
b111100011011111 G
b111100011011111 L
b111100011011111 Q
b111100011011111 V
b111100011011111 [
b111100011011111 )
b11 "
b11 ,
b11 *
1#
#22000
0#
#22010
b111100011011111 !
b111100011011111 1
b111100011011111 2
b111100011011111 U
0S
b111100011011111 (
b111100011011111 T
0'
1#
#22020
0#
#22030
b1001000 !
b1001000 1
1I
b111110 7
b111110 <
b1101100 5
b1101100 F
b1001000 4
b1001000 K
b11011111 2
b11011111 U
1'
b1110101101110 $
b1110101101110 -
b1110101101110 8
b1110101101110 =
b1110101101110 B
b1110101101110 G
b1110101101110 L
b1110101101110 Q
b1110101101110 V
b1110101101110 [
b1110101101110 )
b10 "
b10 ,
b10 *
b1 &
b1 .
b1 9
b1 C
b1 H
b1 R
b1 +
1#
#22040
0#
#22050
b1101110 !
b1101110 1
b1101110 4
b1101110 K
0I
b1101110 (
b111001101101110 J
0'
1#
#22060
0#
#22070
b1101010001001011 !
b1101010001001011 1
1N
b1001011000111110 7
b1001011000111110 <
b1110000001101100 5
b1110000001101100 F
b111001101101110 4
b111001101101110 K
b111100011011111 2
b111100011011111 U
1'
b1100111100110110 $
b1100111100110110 -
b1100111100110110 8
b1100111100110110 =
b1100111100110110 B
b1100111100110110 G
b1100111100110110 L
b1100111100110110 Q
b1100111100110110 V
b1100111100110110 [
b1100111100110110 )
b111 "
b111 ,
b111 *
b11 &
b11 .
b11 9
b11 C
b11 H
b11 R
b11 +
1#
#22080
0#
#22090
b1100111100110110 !
b1100111100110110 1
b1100111100110110 3
b1100111100110110 P
0N
b1100111100110110 (
b1100111100110110 O
0'
1#
#22100
0#
#22110
b111001101101110 !
b111001101101110 1
1I
1'
b1001010100110011 $
b1001010100110011 -
b1001010100110011 8
b1001010100110011 =
b1001010100110011 B
b1001010100110011 G
b1001010100110011 L
b1001010100110011 Q
b1001010100110011 V
b1001010100110011 [
b1001010100110011 )
b10 "
b10 ,
b10 *
1#
#22120
0#
#22130
b1001010100110011 !
b1001010100110011 1
b1001010100110011 4
b1001010100110011 K
0I
b1001010100110011 (
b1001010100110011 J
0'
1#
#22140
0#
#22150
b1101100 !
b1101100 1
1D
b111110 7
b111110 <
b1101100 5
b1101100 F
b110011 4
b110011 K
b11011111 2
b11011111 U
1'
b10111101001001 $
b10111101001001 -
b10111101001001 8
b10111101001001 =
b10111101001001 B
b10111101001001 G
b10111101001001 L
b10111101001001 Q
b10111101001001 V
b10111101001001 [
b10111101001001 )
b1 "
b1 ,
b1 *
b1 &
b1 .
b1 9
b1 C
b1 H
b1 R
b1 +
1#
#22160
0#
#22170
b1001001 !
b1001001 1
b1001001 5
b1001001 F
0D
b1001001 (
b1110000001001001 E
0'
1#
#22180
0#
#22190
b1110110001001100 !
b1110110001001100 1
1X
b1001011000000000 7
b1001011000000000 <
b1110000000000000 5
b1110000000000000 F
b1001010100000000 4
b1001010100000000 K
b111100000000000 2
b111100000000000 U
1'
b1111111101010000 $
b1111111101010000 -
b1111111101010000 8
b1111111101010000 =
b1111111101010000 B
b1111111101010000 G
b1111111101010000 L
b1111111101010000 Q
b1111111101010000 V
b1111111101010000 [
b1111111101010000 )
b110 "
b110 ,
b110 *
b10 &
b10 .
b10 9
b10 C
b10 H
b10 R
b10 +
1#
#22200
0#
#22210
b1111111101010000 !
b1111111101010000 1
b1111111101010000 0
b1111111101010000 Y
0X
b1111111101010000 (
b1111111101010000 Z
0'
1#
#22220
0#
#22230
b1100110111111101 !
b1100110111111101 1
1\
b1001011000111110 7
b1001011000111110 <
b1110000001001001 5
b1110000001001001 F
b1001010100110011 4
b1001010100110011 K
b111100011011111 2
b111100011011111 U
1'
b11111000110111 $
b11111000110111 -
b11111000110111 8
b11111000110111 =
b11111000110111 B
b11111000110111 G
b11111000110111 L
b11111000110111 Q
b11111000110111 V
b11111000110111 [
b11111000110111 )
b100 "
b100 ,
b100 *
b11 &
b11 .
b11 9
b11 C
b11 H
b11 R
b11 +
1#
#22240
0#
#22250
b11111000110111 !
b11111000110111 1
b11111000110111 /
b11111000110111 ]
0\
b11111000110111 (
b11111000110111 ^
0'
1#
#22260
0#
#22270
b11011111 !
b11011111 1
1S
b111110 7
b111110 <
b1001001 5
b1001001 F
b110011 4
b110011 K
b11011111 2
b11011111 U
1'
b110100100011010 $
b110100100011010 -
b110100100011010 8
b110100100011010 =
b110100100011010 B
b110100100011010 G
b110100100011010 L
b110100100011010 Q
b110100100011010 V
b110100100011010 [
b110100100011010 )
b11 "
b11 ,
b11 *
b1 &
b1 .
b1 9
b1 C
b1 H
b1 R
b1 +
1#
#22280
0#
#22290
b11010 !
b11010 1
b11010 2
b11010 U
0S
b11010 (
b111100000011010 T
0'
1#
#22300
0#
#22310
b11111000110111 !
b11111000110111 1
1\
b1001011000111110 7
b1001011000111110 <
b1110000001001001 5
b1110000001001001 F
b1001010100110011 4
b1001010100110011 K
b111100000011010 2
b111100000011010 U
1'
b1001010000010010 $
b1001010000010010 -
b1001010000010010 8
b1001010000010010 =
b1001010000010010 B
b1001010000010010 G
b1001010000010010 L
b1001010000010010 Q
b1001010000010010 V
b1001010000010010 [
b1001010000010010 )
b100 "
b100 ,
b100 *
b0 &
b0 .
b0 9
b0 C
b0 H
b0 R
b0 +
1#
#22320
0#
#22330
b1001010000010010 !
b1001010000010010 1
b1001010000010010 /
b1001010000010010 ]
0\
b1001010000010010 (
b1001010000010010 ^
0'
1#
#22340
0#
#22350
b1111111101010000 !
b1111111101010000 1
1X
b111110 7
b111110 <
b1001001 5
b1001001 F
b110011 4
b110011 K
b11010 2
b11010 U
1'
b11001001001010 $
b11001001001010 -
b11001001001010 8
b11001001001010 =
b11001001001010 B
b11001001001010 G
b11001001001010 L
b11001001001010 Q
b11001001001010 V
b11001001001010 [
b11001001001010 )
b110 "
b110 ,
b110 *
b1 &
b1 .
b1 9
b1 C
b1 H
b1 R
b1 +
1#
#22360
0#
#22370
b11001001001010 !
b11001001001010 1
b11001001001010 0
b11001001001010 Y
0X
b11001001001010 (
b11001001001010 Z
0'
1#
#22380
0#
#22390
b1110000001001001 !
b1110000001001001 1
1D
b1001011000111110 7
b1001011000111110 <
b1110000001001001 5
b1110000001001001 F
b1001010100110011 4
b1001010100110011 K
b111100000011010 2
b111100000011010 U
1'
b100101101010000 $
b100101101010000 -
b100101101010000 8
b100101101010000 =
b100101101010000 B
b100101101010000 G
b100101101010000 L
b100101101010000 Q
b100101101010000 V
b100101101010000 [
b100101101010000 )
b1 "
b1 ,
b1 *
b11 &
b11 .
b11 9
b11 C
b11 H
b11 R
b11 +
1#
#22400
0#
#22410
b100101101010000 !
b100101101010000 1
b100101101010000 5
b100101101010000 F
0D
b100101101010000 (
b100101101010000 E
0'
1#
#22420
0#
#22430
b1001010000010010 !
b1001010000010010 1
1\
1'
b11111111011000 $
b11111111011000 -
b11111111011000 8
b11111111011000 =
b11111111011000 B
b11111111011000 G
b11111111011000 L
b11111111011000 Q
b11111111011000 V
b11111111011000 [
b11111111011000 )
b100 "
b100 ,
b100 *
1#
#22440
0#
#22450
b11111111011000 !
b11111111011000 1
b11111111011000 /
b11111111011000 ]
0\
b11111111011000 (
b11111111011000 ^
0'
1#
#22460
0#
#22470
b111100000011010 !
b111100000011010 1
1S
1'
b1010111100001011 $
b1010111100001011 -
b1010111100001011 8
b1010111100001011 =
b1010111100001011 B
b1010111100001011 G
b1010111100001011 L
b1010111100001011 Q
b1010111100001011 V
b1010111100001011 [
b1010111100001011 )
b11 "
b11 ,
b11 *
1#
#22480
0#
#22490
b1010111100001011 !
b1010111100001011 1
b1010111100001011 2
b1010111100001011 U
0S
b1010111100001011 (
b1010111100001011 T
0'
1#
#22500
0#
#22510
b1001010100110011 !
b1001010100110011 1
1I
1'
b100001001110 $
b100001001110 -
b100001001110 8
b100001001110 =
b100001001110 B
b100001001110 G
b100001001110 L
b100001001110 Q
b100001001110 V
b100001001110 [
b100001001110 )
b10 "
b10 ,
b10 *
b0 &
b0 .
b0 9
b0 C
b0 H
b0 R
b0 +
1#
#22520
0#
#22530
b100001001110 !
b100001001110 1
b100001001110 4
b100001001110 K
0I
b100001001110 (
b100001001110 J
0'
1#
#22540
0#
#22550
b1010111100001011 !
b1010111100001011 1
1S
1'
b1101010000100010 $
b1101010000100010 -
b1101010000100010 8
b1101010000100010 =
b1101010000100010 B
b1101010000100010 G
b1101010000100010 L
b1101010000100010 Q
b1101010000100010 V
b1101010000100010 [
b1101010000100010 )
b11 "
b11 ,
b11 *
1#
#22560
0#
#22570
b1101010000100010 !
b1101010000100010 1
b1101010000100010 2
b1101010000100010 U
0S
b1101010000100010 (
b1101010000100010 T
0'
1#
#22580
0#
#22590
b11001001001010 !
b11001001001010 1
1X
b1001011000000000 7
b1001011000000000 <
b100101100000000 5
b100101100000000 F
b100000000000 4
b100000000000 K
b1101010000000000 2
b1101010000000000 U
1'
b1100101101000011 $
b1100101101000011 -
b1100101101000011 8
b1100101101000011 =
b1100101101000011 B
b1100101101000011 G
b1100101101000011 L
b1100101101000011 Q
b1100101101000011 V
b1100101101000011 [
b1100101101000011 )
b110 "
b110 ,
b110 *
b10 &
b10 .
b10 9
b10 C
b10 H
b10 R
b10 +
1#
#22600
0#
#22610
b1100101101000011 !
b1100101101000011 1
b1100101101000011 0
b1100101101000011 Y
0X
b1100101101000011 (
b1100101101000011 Z
0'
1#
#22620
0#
#22630
b1100111100110110 !
b1100111100110110 1
1N
1'
b100001101101010 $
b100001101101010 -
b100001101101010 8
b100001101101010 =
b100001101101010 B
b100001101101010 G
b100001101101010 L
b100001101101010 Q
b100001101101010 V
b100001101101010 [
b100001101101010 )
b111 "
b111 ,
b111 *
1#
#22640
0#
#22650
b100001101101010 !
b100001101101010 1
b100001101101010 3
b100001101101010 P
0N
b100001101101010 (
b100001101101010 O
0'
1#
#22660
0#
#22670
1:
b1001011000000000 !
b1001011000000000 1
1'
b1001011110000100 $
b1001011110000100 -
b1001011110000100 8
b1001011110000100 =
b1001011110000100 B
b1001011110000100 G
b1001011110000100 L
b1001011110000100 Q
b1001011110000100 V
b1001011110000100 [
b1001011110000100 )
b0 "
b0 ,
b0 *
1#
#22680
0#
#22690
b1001011100000000 !
b1001011100000000 1
b1001011100000000 7
b1001011100000000 <
0:
b1001011100000000 (
b1001011100111110 ;
0'
1#
#22700
0#
#22710
1S
b1101010000100010 !
b1101010000100010 1
b1001011100111110 7
b1001011100111110 <
b100101101010000 5
b100101101010000 F
b100001001110 4
b100001001110 K
b1101010000100010 2
b1101010000100010 U
1'
b1000001010011001 $
b1000001010011001 -
b1000001010011001 8
b1000001010011001 =
b1000001010011001 B
b1000001010011001 G
b1000001010011001 L
b1000001010011001 Q
b1000001010011001 V
b1000001010011001 [
b1000001010011001 )
b11 "
b11 ,
b11 *
b0 &
b0 .
b0 9
b0 C
b0 H
b0 R
b0 +
1#
#22720
0#
#22730
b1000001010011001 !
b1000001010011001 1
b1000001010011001 2
b1000001010011001 U
0S
b1000001010011001 (
b1000001010011001 T
0'
1#
#22740
0#
#22750
b111101001111100 !
b111101001111100 1
1?
b1001011100000000 7
b1001011100000000 <
b100101100000000 5
b100101100000000 F
b100000000000 4
b100000000000 K
b1000001000000000 2
b1000001000000000 U
1'
b111111010100001 $
b111111010100001 -
b111111010100001 8
b111111010100001 =
b111111010100001 B
b111111010100001 G
b111111010100001 L
b111111010100001 Q
b111111010100001 V
b111111010100001 [
b111111010100001 )
b101 "
b101 ,
b101 *
b10 &
b10 .
b10 9
b10 C
b10 H
b10 R
b10 +
1#
#22760
0#
#22770
b111111010100001 !
b111111010100001 1
b111111010100001 6
b111111010100001 A
0?
b111111010100001 (
b111111010100001 @
0'
1#
#22780
0#
#22790
b1000001010011001 !
b1000001010011001 1
1S
b1001011100111110 7
b1001011100111110 <
b100101101010000 5
b100101101010000 F
b100001001110 4
b100001001110 K
b1000001010011001 2
b1000001010011001 U
1'
b1101001111100100 $
b1101001111100100 -
b1101001111100100 8
b1101001111100100 =
b1101001111100100 B
b1101001111100100 G
b1101001111100100 L
b1101001111100100 Q
b1101001111100100 V
b1101001111100100 [
b1101001111100100 )
b11 "
b11 ,
b11 *
b0 &
b0 .
b0 9
b0 C
b0 H
b0 R
b0 +
1#
#22800
0#
#22810
b1101001111100100 !
b1101001111100100 1
b1101001111100100 2
b1101001111100100 U
0S
b1101001111100100 (
b1101001111100100 T
0'
1#
#22820
0#
#22830
b1010000 !
b1010000 1
1D
b111110 7
b111110 <
b1010000 5
b1010000 F
b1001110 4
b1001110 K
b11100100 2
b11100100 U
1'
b1011000000111100 $
b1011000000111100 -
b1011000000111100 8
b1011000000111100 =
b1011000000111100 B
b1011000000111100 G
b1011000000111100 L
b1011000000111100 Q
b1011000000111100 V
b1011000000111100 [
b1011000000111100 )
b1 "
b1 ,
b1 *
b1 &
b1 .
b1 9
b1 C
b1 H
b1 R
b1 +
1#
#22840
0#
#22850
b111100 !
b111100 1
b111100 5
b111100 F
0D
b111100 (
b100101100111100 E
0'
1#
#22860
0#
#22870
b11111111011000 !
b11111111011000 1
1\
b1001011100111110 7
b1001011100111110 <
b100101100111100 5
b100101100111100 F
b100001001110 4
b100001001110 K
b1101001111100100 2
b1101001111100100 U
1'
b1011011111011100 $
b1011011111011100 -
b1011011111011100 8
b1011011111011100 =
b1011011111011100 B
b1011011111011100 G
b1011011111011100 L
b1011011111011100 Q
b1011011111011100 V
b1011011111011100 [
b1011011111011100 )
b100 "
b100 ,
b100 *
b0 &
b0 .
b0 9
b0 C
b0 H
b0 R
b0 +
1#
#22880
0#
#22890
b1011011111011100 !
b1011011111011100 1
b1011011111011100 /
b1011011111011100 ]
0\
b1011011111011100 (
b1011011111011100 ^
0'
1#
#22900
0#
#22910
b1100101101000011 !
b1100101101000011 1
1X
1'
b1001001101100000 $
b1001001101100000 -
b1001001101100000 8
b1001001101100000 =
b1001001101100000 B
b1001001101100000 G
b1001001101100000 L
b1001001101100000 Q
b1001001101100000 V
b1001001101100000 [
b1001001101100000 )
b110 "
b110 ,
b110 *
b11 &
b11 .
b11 9
b11 C
b11 H
b11 R
b11 +
1#
#22920
0#
#22930
b1001001101100000 !
b1001001101100000 1
b1001001101100000 0
b1001001101100000 Y
0X
b1001001101100000 (
b1001001101100000 Z
0'
1#
#22940
0#
#22950
b111111010100001 !
b111111010100001 1
1?
1'
b1010001100110110 $
b1010001100110110 -
b1010001100110110 8
b1010001100110110 =
b1010001100110110 B
b1010001100110110 G
b1010001100110110 L
b1010001100110110 Q
b1010001100110110 V
b1010001100110110 [
b1010001100110110 )
b101 "
b101 ,
b101 *
1#
#22960
0#
#22970
b1010001100110110 !
b1010001100110110 1
b1010001100110110 6
b1010001100110110 A
0?
b1010001100110110 (
b1010001100110110 @
0'
1#
#22980
0#
#22990
b100001101101010 !
b100001101101010 1
1N
b1001011100000000 7
b1001011100000000 <
b100101100000000 5
b100101100000000 F
b100000000000 4
b100000000000 K
b1101001100000000 2
b1101001100000000 U
1'
b1110101100101100 $
b1110101100101100 -
b1110101100101100 8
b1110101100101100 =
b1110101100101100 B
b1110101100101100 G
b1110101100101100 L
b1110101100101100 Q
b1110101100101100 V
b1110101100101100 [
b1110101100101100 )
b111 "
b111 ,
b111 *
b10 &
b10 .
b10 9
b10 C
b10 H
b10 R
b10 +
1#
#23000
0#
#23010
b1110101100101100 !
b1110101100101100 1
b1110101100101100 3
b1110101100101100 P
0N
b1110101100101100 (
b1110101100101100 O
0'
1#
#23020
0#
#23030
b1011011111011100 !
b1011011111011100 1
1\
b1001011100111110 7
b1001011100111110 <
b100101100111100 5
b100101100111100 F
b100001001110 4
b100001001110 K
b1101001111100100 2
b1101001111100100 U
1'
b1001010100101010 $
b1001010100101010 -
b1001010100101010 8
b1001010100101010 =
b1001010100101010 B
b1001010100101010 G
b1001010100101010 L
b1001010100101010 Q
b1001010100101010 V
b1001010100101010 [
b1001010100101010 )
b100 "
b100 ,
b100 *
b0 &
b0 .
b0 9
b0 C
b0 H
b0 R
b0 +
1#
#23040
0#
#23050
b1001010100101010 !
b1001010100101010 1
b1001010100101010 /
b1001010100101010 ]
0\
b1001010100101010 (
b1001010100101010 ^
0'
1#
#23060
0#
#23070
b1010001100110110 !
b1010001100110110 1
1?
b111110 7
b111110 <
b111100 5
b111100 F
b1001110 4
b1001110 K
b11100100 2
b11100100 U
1'
b1111100000111110 $
b1111100000111110 -
b1111100000111110 8
b1111100000111110 =
b1111100000111110 B
b1111100000111110 G
b1111100000111110 L
b1111100000111110 Q
b1111100000111110 V
b1111100000111110 [
b1111100000111110 )
b101 "
b101 ,
b101 *
b1 &
b1 .
b1 9
b1 C
b1 H
b1 R
b1 +
1#
#23080
0#
#23090
b1111100000111110 !
b1111100000111110 1
b1111100000111110 6
b1111100000111110 A
0?
b1111100000111110 (
b1111100000111110 @
0'
1#
#23100
0#
#23110
b1001010100101010 !
b1001010100101010 1
1\
b1001011100000000 7
b1001011100000000 <
b100101100000000 5
b100101100000000 F
b100000000000 4
b100000000000 K
b1101001100000000 2
b1101001100000000 U
1'
b1011100010010111 $
b1011100010010111 -
b1011100010010111 8
b1011100010010111 =
b1011100010010111 B
b1011100010010111 G
b1011100010010111 L
b1011100010010111 Q
b1011100010010111 V
b1011100010010111 [
b1011100010010111 )
b100 "
b100 ,
b100 *
b10 &
b10 .
b10 9
b10 C
b10 H
b10 R
b10 +
1#
#23120
0#
#23130
b1011100010010111 !
b1011100010010111 1
b1011100010010111 /
b1011100010010111 ]
0\
b1011100010010111 (
b1011100010010111 ^
0'
1#
#23140
0#
#23150
b100101100111100 !
b100101100111100 1
1D
b1001011100111110 7
b1001011100111110 <
b100101100111100 5
b100101100111100 F
b100001001110 4
b100001001110 K
b1101001111100100 2
b1101001111100100 U
1'
b1001100000011100 $
b1001100000011100 -
b1001100000011100 8
b1001100000011100 =
b1001100000011100 B
b1001100000011100 G
b1001100000011100 L
b1001100000011100 Q
b1001100000011100 V
b1001100000011100 [
b1001100000011100 )
b1 "
b1 ,
b1 *
b11 &
b11 .
b11 9
b11 C
b11 H
b11 R
b11 +
1#
#23160
0#
#23170
b1001100000011100 !
b1001100000011100 1
b1001100000011100 5
b1001100000011100 F
0D
b1001100000011100 (
b1001100000011100 E
0'
1#
#23180
0#
#23190
b1011100010010111 !
b1011100010010111 1
1\
b1001011100000000 7
b1001011100000000 <
b1001100000000000 5
b1001100000000000 F
b100000000000 4
b100000000000 K
b1101001100000000 2
b1101001100000000 U
1'
b1000001010 $
b1000001010 -
b1000001010 8
b1000001010 =
b1000001010 B
b1000001010 G
b1000001010 L
b1000001010 Q
b1000001010 V
b1000001010 [
b1000001010 )
b100 "
b100 ,
b100 *
b10 &
b10 .
b10 9
b10 C
b10 H
b10 R
b10 +
1#
#23200
0#
#23210
b1000001010 !
b1000001010 1
b1000001010 /
b1000001010 ]
0\
b1000001010 (
b1000001010 ^
0'
1#
#23220
0#
#23230
b1110101100101100 !
b1110101100101100 1
1N
b111110 7
b111110 <
b11100 5
b11100 F
b1001110 4
b1001110 K
b11100100 2
b11100100 U
1'
b110001111000101 $
b110001111000101 -
b110001111000101 8
b110001111000101 =
b110001111000101 B
b110001111000101 G
b110001111000101 L
b110001111000101 Q
b110001111000101 V
b110001111000101 [
b110001111000101 )
b111 "
b111 ,
b111 *
b1 &
b1 .
b1 9
b1 C
b1 H
b1 R
b1 +
1#
#23240
0#
#23250
b110001111000101 !
b110001111000101 1
b110001111000101 3
b110001111000101 P
0N
b110001111000101 (
b110001111000101 O
0'
1#
#23260
0#
#23270
b1101001111100100 !
b1101001111100100 1
1S
b1001011100111110 7
b1001011100111110 <
b1001100000011100 5
b1001100000011100 F
b100001001110 4
b100001001110 K
b1101001111100100 2
b1101001111100100 U
1'
b1101011100101101 $
b1101011100101101 -
b1101011100101101 8
b1101011100101101 =
b1101011100101101 B
b1101011100101101 G
b1101011100101101 L
b1101011100101101 Q
b1101011100101101 V
b1101011100101101 [
b1101011100101101 )
b11 "
b11 ,
b11 *
b0 &
b0 .
b0 9
b0 C
b0 H
b0 R
b0 +
1#
#23280
0#
#23290
b1101011100101101 !
b1101011100101101 1
b1101011100101101 2
b1101011100101101 U
0S
b1101011100101101 (
b1101011100101101 T
0'
1#
#23300
0#
#23310
b1000001010 !
b1000001010 1
1\
b111110 7
b111110 <
b11100 5
b11100 F
b1001110 4
b1001110 K
b101101 2
b101101 U
1'
b1100110010101011 $
b1100110010101011 -
b1100110010101011 8
b1100110010101011 =
b1100110010101011 B
b1100110010101011 G
b1100110010101011 L
b1100110010101011 Q
b1100110010101011 V
b1100110010101011 [
b1100110010101011 )
b100 "
b100 ,
b100 *
b1 &
b1 .
b1 9
b1 C
b1 H
b1 R
b1 +
1#
#23320
0#
#23330
b1100110010101011 !
b1100110010101011 1
b1100110010101011 /
b1100110010101011 ]
0\
b1100110010101011 (
b1100110010101011 ^
0'
1#
#23340
0#
#23350
b100001001110 !
b100001001110 1
1I
b1001011100111110 7
b1001011100111110 <
b1001100000011100 5
b1001100000011100 F
b100001001110 4
b100001001110 K
b1101011100101101 2
b1101011100101101 U
1'
b1010001010000000 $
b1010001010000000 -
b1010001010000000 8
b1010001010000000 =
b1010001010000000 B
b1010001010000000 G
b1010001010000000 L
b1010001010000000 Q
b1010001010000000 V
b1010001010000000 [
b1010001010000000 )
b10 "
b10 ,
b10 *
b0 &
b0 .
b0 9
b0 C
b0 H
b0 R
b0 +
1#
#23360
0#
#23370
b1010001010000000 !
b1010001010000000 1
b1010001010000000 4
b1010001010000000 K
0I
b1010001010000000 (
b1010001010000000 J
0'
1#
#23380
0#
#23390
b1100110010101011 !
b1100110010101011 1
1\
1'
b100011010000011 $
b100011010000011 -
b100011010000011 8
b100011010000011 =
b100011010000011 B
b100011010000011 G
b100011010000011 L
b100011010000011 Q
b100011010000011 V
b100011010000011 [
b100011010000011 )
b100 "
b100 ,
b100 *
b11 &
b11 .
b11 9
b11 C
b11 H
b11 R
b11 +
1#
#23400
0#
#23410
b100011010000011 !
b100011010000011 1
b100011010000011 /
b100011010000011 ]
0\
b100011010000011 (
b100011010000011 ^
0'
1#
#23420
0#
#23430
b1001100000011100 !
b1001100000011100 1
1D
1'
b1000001011111011 $
b1000001011111011 -
b1000001011111011 8
b1000001011111011 =
b1000001011111011 B
b1000001011111011 G
b1000001011111011 L
b1000001011111011 Q
b1000001011111011 V
b1000001011111011 [
b1000001011111011 )
b1 "
b1 ,
b1 *
b0 &
b0 .
b0 9
b0 C
b0 H
b0 R
b0 +
1#
#23440
0#
#23450
b1000001011111011 !
b1000001011111011 1
b1000001011111011 5
b1000001011111011 F
0D
b1000001011111011 (
b1000001011111011 E
0'
1#
#23460
0#
#23470
b101101 !
b101101 1
1S
b111110 7
b111110 <
b11111011 5
b11111011 F
b10000000 4
b10000000 K
b101101 2
b101101 U
1'
b101111001010001 $
b101111001010001 -
b101111001010001 8
b101111001010001 =
b101111001010001 B
b101111001010001 G
b101111001010001 L
b101111001010001 Q
b101111001010001 V
b101111001010001 [
b101111001010001 )
b11 "
b11 ,
b11 *
b1 &
b1 .
b1 9
b1 C
b1 H
b1 R
b1 +
1#
#23480
0#
#23490
b1010001 !
b1010001 1
b1010001 2
b1010001 U
0S
b1010001 (
b1101011101010001 T
0'
1#
#23500
0#
#23510
b11111011 !
b11111011 1
1D
1'
b1101101110011100 $
b1101101110011100 -
b1101101110011100 8
b1101101110011100 =
b1101101110011100 B
b1101101110011100 G
b1101101110011100 L
b1101101110011100 Q
b1101101110011100 V
b1101101110011100 [
b1101101110011100 )
b1 "
b1 ,
b1 *
1#
#23520
0#
#23530
b10011100 !
b10011100 1
b10011100 5
b10011100 F
0D
b10011100 (
b1000001010011100 E
0'
1#
#23540
0#
#23550
b1010001 !
b1010001 1
1S
1'
b1101101011100000 $
b1101101011100000 -
b1101101011100000 8
b1101101011100000 =
b1101101011100000 B
b1101101011100000 G
b1101101011100000 L
b1101101011100000 Q
b1101101011100000 V
b1101101011100000 [
b1101101011100000 )
b11 "
b11 ,
b11 *
1#
#23560
0#
#23570
b11100000 !
b11100000 1
b11100000 2
b11100000 U
0S
b11100000 (
b1101011111100000 T
0'
1#
#23580
0#
#23590
b1111100000111110 !
b1111100000111110 1
1?
b1001011100111110 7
b1001011100111110 <
b1000001010011100 5
b1000001010011100 F
b1010001010000000 4
b1010001010000000 K
b1101011111100000 2
b1101011111100000 U
1'
b1111111101100000 $
b1111111101100000 -
b1111111101100000 8
b1111111101100000 =
b1111111101100000 B
b1111111101100000 G
b1111111101100000 L
b1111111101100000 Q
b1111111101100000 V
b1111111101100000 [
b1111111101100000 )
b101 "
b101 ,
b101 *
b0 &
b0 .
b0 9
b0 C
b0 H
b0 R
b0 +
1#
#23600
0#
#23610
b1111111101100000 !
b1111111101100000 1
b1111111101100000 6
b1111111101100000 A
0?
b1111111101100000 (
b1111111101100000 @
0'
1#
#23620
0#
#23630
b1000001010011100 !
b1000001010011100 1
1D
1'
b1101111001001001 $
b1101111001001001 -
b1101111001001001 8
b1101111001001001 =
b1101111001001001 B
b1101111001001001 G
b1101111001001001 L
b1101111001001001 Q
b1101111001001001 V
b1101111001001001 [
b1101111001001001 )
b1 "
b1 ,
b1 *
b11 &
b11 .
b11 9
b11 C
b11 H
b11 R
b11 +
1#
#23640
0#
#23650
b1101111001001001 !
b1101111001001001 1
b1101111001001001 5
b1101111001001001 F
0D
b1101111001001001 (
b1101111001001001 E
0'
1#
#23660
0#
#23670
b1001001101100000 !
b1001001101100000 1
1X
b111110 7
b111110 <
b1001001 5
b1001001 F
b10000000 4
b10000000 K
b11100000 2
b11100000 U
1'
b1100110000100101 $
b1100110000100101 -
b1100110000100101 8
b1100110000100101 =
b1100110000100101 B
b1100110000100101 G
b1100110000100101 L
b1100110000100101 Q
b1100110000100101 V
b1100110000100101 [
b1100110000100101 )
b110 "
b110 ,
b110 *
b1 &
b1 .
b1 9
b1 C
b1 H
b1 R
b1 +
1#
#23680
0#
#23690
b1100110000100101 !
b1100110000100101 1
b1100110000100101 0
b1100110000100101 Y
0X
b1100110000100101 (
b1100110000100101 Z
0'
1#
#23700
0#
#23710
b110001111000101 !
b110001111000101 1
1N
b1001011100111110 7
b1001011100111110 <
b1101111001001001 5
b1101111001001001 F
b1010001010000000 4
b1010001010000000 K
b1101011111100000 2
b1101011111100000 U
1'
b111000000111 $
b111000000111 -
b111000000111 8
b111000000111 =
b111000000111 B
b111000000111 G
b111000000111 L
b111000000111 Q
b111000000111 V
b111000000111 [
b111000000111 )
b111 "
b111 ,
b111 *
b11 &
b11 .
b11 9
b11 C
b11 H
b11 R
b11 +
1#
#23720
0#
#23730
b111000000111 !
b111000000111 1
b111000000111 3
b111000000111 P
0N
b111000000111 (
b111000000111 O
0'
1#
#23740
0#
#23750
b1101111001001001 !
b1101111001001001 1
1D
1'
b100111010011111 $
b100111010011111 -
b100111010011111 8
b100111010011111 =
b100111010011111 B
b100111010011111 G
b100111010011111 L
b100111010011111 Q
b100111010011111 V
b100111010011111 [
b100111010011111 )
b1 "
b1 ,
b1 *
1#
#23760
0#
#23770
b100111010011111 !
b100111010011111 1
b100111010011111 5
b100111010011111 F
0D
b100111010011111 (
b100111010011111 E
0'
1#
#23780
0#
#23790
b1101011100000000 !
b1101011100000000 1
1S
b1001011100000000 7
b1001011100000000 <
b100111000000000 5
b100111000000000 F
b1010001000000000 4
b1010001000000000 K
b1101011100000000 2
b1101011100000000 U
1'
b1010001110001111 $
b1010001110001111 -
b1010001110001111 8
b1010001110001111 =
b1010001110001111 B
b1010001110001111 G
b1010001110001111 L
b1010001110001111 Q
b1010001110001111 V
b1010001110001111 [
b1010001110001111 )
b11 "
b11 ,
b11 *
b10 &
b10 .
b10 9
b10 C
b10 H
b10 R
b10 +
1#
#23800
0#
#23810
b1010001100000000 !
b1010001100000000 1
b1010001100000000 2
b1010001100000000 U
0S
b1010001100000000 (
b1010001111100000 T
0'
1#
#23820
0#
#23830
b1111111101100000 !
b1111111101100000 1
1?
b1001011100111110 7
b1001011100111110 <
b100111010011111 5
b100111010011111 F
b1010001010000000 4
b1010001010000000 K
b1010001111100000 2
b1010001111100000 U
1'
b101110010100111 $
b101110010100111 -
b101110010100111 8
b101110010100111 =
b101110010100111 B
b101110010100111 G
b101110010100111 L
b101110010100111 Q
b101110010100111 V
b101110010100111 [
b101110010100111 )
b101 "
b101 ,
b101 *
b11 &
b11 .
b11 9
b11 C
b11 H
b11 R
b11 +
1#
#23840
0#
#23850
b101110010100111 !
b101110010100111 1
b101110010100111 6
b101110010100111 A
0?
b101110010100111 (
b101110010100111 @
0'
1#
#23860
0#
#23870
b100011010000011 !
b100011010000011 1
1\
1'
b1001011011000001 $
b1001011011000001 -
b1001011011000001 8
b1001011011000001 =
b1001011011000001 B
b1001011011000001 G
b1001011011000001 L
b1001011011000001 Q
b1001011011000001 V
b1001011011000001 [
b1001011011000001 )
b100 "
b100 ,
b100 *
b0 &
b0 .
b0 9
b0 C
b0 H
b0 R
b0 +
1#
#23880
0#
#23890
b1001011011000001 !
b1001011011000001 1
b1001011011000001 /
b1001011011000001 ]
0\
b1001011011000001 (
b1001011011000001 ^
0'
1#
#23900
0#
#23910
b111000000111 !
b111000000111 1
1N
b111110 7
b111110 <
b10011111 5
b10011111 F
b10000000 4
b10000000 K
b11100000 2
b11100000 U
1'
b11100110001010 $
b11100110001010 -
b11100110001010 8
b11100110001010 =
b11100110001010 B
b11100110001010 G
b11100110001010 L
b11100110001010 Q
b11100110001010 V
b11100110001010 [
b11100110001010 )
b111 "
b111 ,
b111 *
b1 &
b1 .
b1 9
b1 C
b1 H
b1 R
b1 +
1#
#23920
0#
#23930
b11100110001010 !
b11100110001010 1
b11100110001010 3
b11100110001010 P
0N
b11100110001010 (
b11100110001010 O
0'
1#
#23940
0#
#23950
b1100110000100101 !
b1100110000100101 1
1X
b1001011100000000 7
b1001011100000000 <
b100111000000000 5
b100111000000000 F
b1010001000000000 4
b1010001000000000 K
b1010001100000000 2
b1010001100000000 U
1'
b1011111010001111 $
b1011111010001111 -
b1011111010001111 8
b1011111010001111 =
b1011111010001111 B
b1011111010001111 G
b1011111010001111 L
b1011111010001111 Q
b1011111010001111 V
b1011111010001111 [
b1011111010001111 )
b110 "
b110 ,
b110 *
b10 &
b10 .
b10 9
b10 C
b10 H
b10 R
b10 +
1#
#23960
0#
#23970
b1011111010001111 !
b1011111010001111 1
b1011111010001111 0
b1011111010001111 Y
0X
b1011111010001111 (
b1011111010001111 Z
0'
1#
#23980
0#
#23990
b1001011011000001 !
b1001011011000001 1
1\
b1001011100111110 7
b1001011100111110 <
b100111010011111 5
b100111010011111 F
b1010001010000000 4
b1010001010000000 K
b1010001111100000 2
b1010001111100000 U
1'
b11000110110111 $
b11000110110111 -
b11000110110111 8
b11000110110111 =
b11000110110111 B
b11000110110111 G
b11000110110111 L
b11000110110111 Q
b11000110110111 V
b11000110110111 [
b11000110110111 )
b100 "
b100 ,
b100 *
b0 &
b0 .
b0 9
b0 C
b0 H
b0 R
b0 +
1#
#24000
0#
#24010
b11000110110111 !
b11000110110111 1
b11000110110111 /
b11000110110111 ]
0\
b11000110110111 (
b11000110110111 ^
0'
1#
#24020
0#
#24030
b11100110001010 !
b11100110001010 1
1N
b1001011100000000 7
b1001011100000000 <
b100111000000000 5
b100111000000000 F
b1010001000000000 4
b1010001000000000 K
b1010001100000000 2
b1010001100000000 U
1'
b1110101010100010 $
b1110101010100010 -
b1110101010100010 8
b1110101010100010 =
b1110101010100010 B
b1110101010100010 G
b1110101010100010 L
b1110101010100010 Q
b1110101010100010 V
b1110101010100010 [
b1110101010100010 )
b111 "
b111 ,
b111 *
b10 &
b10 .
b10 9
b10 C
b10 H
b10 R
b10 +
1#
#24040
0#
#24050
b1110101010100010 !
b1110101010100010 1
b1110101010100010 3
b1110101010100010 P
0N
b1110101010100010 (
b1110101010100010 O
0'
1#
#24060
0#
#24070
b1010001111100000 !
b1010001111100000 1
1S
b1001011100111110 7
b1001011100111110 <
b100111010011111 5
b100111010011111 F
b1010001010000000 4
b1010001010000000 K
b1010001111100000 2
b1010001111100000 U
1'
b11111111000111 $
b11111111000111 -
b11111111000111 8
b11111111000111 =
b11111111000111 B
b11111111000111 G
b11111111000111 L
b11111111000111 Q
b11111111000111 V
b11111111000111 [
b11111111000111 )
b11 "
b11 ,
b11 *
b11 &
b11 .
b11 9
b11 C
b11 H
b11 R
b11 +
1#
#24080
0#
#24090
b11111111000111 !
b11111111000111 1
b11111111000111 2
b11111111000111 U
0S
b11111111000111 (
b11111111000111 T
0'
1#
#24100
0#
#24110
1S
1'
b11110110110 $
b11110110110 -
b11110110110 8
b11110110110 =
b11110110110 B
b11110110110 G
b11110110110 L
b11110110110 Q
b11110110110 V
b11110110110 [
b11110110110 )
b0 &
b0 .
b0 9
b0 C
b0 H
b0 R
b0 +
1#
#24120
0#
#24130
b11110110110 !
b11110110110 1
b11110110110 2
b11110110110 U
0S
b11110110110 (
b11110110110 T
0'
1#
#24140
0#
#24150
1S
1'
b1010101010011110 $
b1010101010011110 -
b1010101010011110 8
b1010101010011110 =
b1010101010011110 B
b1010101010011110 G
b1010101010011110 L
b1010101010011110 Q
b1010101010011110 V
b1010101010011110 [
b1010101010011110 )
1#
#24160
0#
#24170
b1010101010011110 !
b1010101010011110 1
b1010101010011110 2
b1010101010011110 U
0S
b1010101010011110 (
b1010101010011110 T
0'
1#
#24180
0#
#24190
1:
b1001011100111110 !
b1001011100111110 1
1'
b11110110001011 $
b11110110001011 -
b11110110001011 8
b11110110001011 =
b11110110001011 B
b11110110001011 G
b11110110001011 L
b11110110001011 Q
b11110110001011 V
b11110110001011 [
b11110110001011 )
b0 "
b0 ,
b0 *
1#
#24200
0#
#24210
b11110110001011 !
b11110110001011 1
b11110110001011 7
b11110110001011 <
0:
b11110110001011 (
b11110110001011 ;
0'
1#
#24220
0#
#24230
1:
1'
b1010010011000001 $
b1010010011000001 -
b1010010011000001 8
b1010010011000001 =
b1010010011000001 B
b1010010011000001 G
b1010010011000001 L
b1010010011000001 Q
b1010010011000001 V
b1010010011000001 [
b1010010011000001 )
b11 &
b11 .
b11 9
b11 C
b11 H
b11 R
b11 +
1#
#24240
0#
#24250
b1010010011000001 !
b1010010011000001 1
b1010010011000001 7
b1010010011000001 <
0:
b1010010011000001 (
b1010010011000001 ;
0'
1#
#24260
0#
#24270
1I
b1010001000000000 !
b1010001000000000 1
b1010010000000000 7
b1010010000000000 <
b100111000000000 5
b100111000000000 F
b1010001000000000 4
b1010001000000000 K
b1010101000000000 2
b1010101000000000 U
1'
b111110001111 $
b111110001111 -
b111110001111 8
b111110001111 =
b111110001111 B
b111110001111 G
b111110001111 L
b111110001111 Q
b111110001111 V
b111110001111 [
b111110001111 )
b10 "
b10 ,
b10 *
b10 &
b10 .
b10 9
b10 C
b10 H
b10 R
b10 +
1#
#24280
0#
#24290
b111100000000 !
b111100000000 1
b111100000000 4
b111100000000 K
0I
b111100000000 (
b111110000000 J
0'
1#
#24300
0#
#24310
b100111010011111 !
b100111010011111 1
1D
b1010010011000001 7
b1010010011000001 <
b100111010011111 5
b100111010011111 F
b111110000000 4
b111110000000 K
b1010101010011110 2
b1010101010011110 U
1'
b1110111001010011 $
b1110111001010011 -
b1110111001010011 8
b1110111001010011 =
b1110111001010011 B
b1110111001010011 G
b1110111001010011 L
b1110111001010011 Q
b1110111001010011 V
b1110111001010011 [
b1110111001010011 )
b1 "
b1 ,
b1 *
b11 &
b11 .
b11 9
b11 C
b11 H
b11 R
b11 +
1#
#24320
0#
#24330
b1110111001010011 !
b1110111001010011 1
b1110111001010011 5
b1110111001010011 F
0D
b1110111001010011 (
b1110111001010011 E
0'
1#
#24340
0#
#24350
1D
1'
b111111011000110 $
b111111011000110 -
b111111011000110 8
b111111011000110 =
b111111011000110 B
b111111011000110 G
b111111011000110 L
b111111011000110 Q
b111111011000110 V
b111111011000110 [
b111111011000110 )
b0 &
b0 .
b0 9
b0 C
b0 H
b0 R
b0 +
1#
#24360
0#
#24370
b111111011000110 !
b111111011000110 1
b111111011000110 5
b111111011000110 F
0D
b111111011000110 (
b111111011000110 E
0'
1#
#24380
0#
#24390
1:
b11000001 !
b11000001 1
b11000001 7
b11000001 <
b11000110 5
b11000110 F
b10000000 4
b10000000 K
b10011110 2
b10011110 U
1'
b111000011001111 $
b111000011001111 -
b111000011001111 8
b111000011001111 =
b111000011001111 B
b111000011001111 G
b111000011001111 L
b111000011001111 Q
b111000011001111 V
b111000011001111 [
b111000011001111 )
b0 "
b0 ,
b0 *
b1 &
b1 .
b1 9
b1 C
b1 H
b1 R
b1 +
1#
#24400
0#
#24410
b11001111 !
b11001111 1
b11001111 7
b11001111 <
0:
b11001111 (
b1010010011001111 ;
0'
1#
#24420
0#
#24430
1D
b111111011000110 !
b111111011000110 1
b1010010011001111 7
b1010010011001111 <
b111111011000110 5
b111111011000110 F
b111110000000 4
b111110000000 K
b1010101010011110 2
b1010101010011110 U
1'
b10101010000110 $
b10101010000110 -
b10101010000110 8
b10101010000110 =
b10101010000110 B
b10101010000110 G
b10101010000110 L
b10101010000110 Q
b10101010000110 V
b10101010000110 [
b10101010000110 )
b1 "
b1 ,
b1 *
b0 &
b0 .
b0 9
b0 C
b0 H
b0 R
b0 +
1#
#24440
0#
#24450
b10101010000110 !
b10101010000110 1
b10101010000110 5
b10101010000110 F
0D
b10101010000110 (
b10101010000110 E
0'
1#
#24460
0#
#24470
b101110010100111 !
b101110010100111 1
1?
1'
b1110001111101011 $
b1110001111101011 -
b1110001111101011 8
b1110001111101011 =
b1110001111101011 B
b1110001111101011 G
b1110001111101011 L
b1110001111101011 Q
b1110001111101011 V
b1110001111101011 [
b1110001111101011 )
b101 "
b101 ,
b101 *
b11 &
b11 .
b11 9
b11 C
b11 H
b11 R
b11 +
1#
#24480
0#
#24490
b1110001111101011 !
b1110001111101011 1
b1110001111101011 6
b1110001111101011 A
0?
b1110001111101011 (
b1110001111101011 @
0'
1#
#24500
0#
#24510
b1110101010100010 !
b1110101010100010 1
1N
1'
b110100011000001 $
b110100011000001 -
b110100011000001 8
b110100011000001 =
b110100011000001 B
b110100011000001 G
b110100011000001 L
b110100011000001 Q
b110100011000001 V
b110100011000001 [
b110100011000001 )
b111 "
b111 ,
b111 *
b0 &
b0 .
b0 9
b0 C
b0 H
b0 R
b0 +
1#
#24520
0#
#24530
b110100011000001 !
b110100011000001 1
b110100011000001 3
b110100011000001 P
0N
b110100011000001 (
b110100011000001 O
0'
1#
#24540
0#
#24550
b1010101010011110 !
b1010101010011110 1
1S
1'
b110010110001001 $
b110010110001001 -
b110010110001001 8
b110010110001001 =
b110010110001001 B
b110010110001001 G
b110010110001001 L
b110010110001001 Q
b110010110001001 V
b110010110001001 [
b110010110001001 )
b11 "
b11 ,
b11 *
1#
#24560
0#
#24570
b110010110001001 !
b110010110001001 1
b110010110001001 2
b110010110001001 U
0S
b110010110001001 (
b110010110001001 T
0'
1#
#24580
0#
#24590
b110100011000001 !
b110100011000001 1
1N
1'
b110111000001011 $
b110111000001011 -
b110111000001011 8
b110111000001011 =
b110111000001011 B
b110111000001011 G
b110111000001011 L
b110111000001011 Q
b110111000001011 V
b110111000001011 [
b110111000001011 )
b111 "
b111 ,
b111 *
1#
#24600
0#
#24610
b110111000001011 !
b110111000001011 1
b110111000001011 3
b110111000001011 P
0N
b110111000001011 (
b110111000001011 O
0'
1#
#24620
0#
#24630
b11000110110111 !
b11000110110111 1
1\
b1010010000000000 7
b1010010000000000 <
b10101000000000 5
b10101000000000 F
b111100000000 4
b111100000000 K
b110010100000000 2
b110010100000000 U
1'
b10100101100000 $
b10100101100000 -
b10100101100000 8
b10100101100000 =
b10100101100000 B
b10100101100000 G
b10100101100000 L
b10100101100000 Q
b10100101100000 V
b10100101100000 [
b10100101100000 )
b100 "
b100 ,
b100 *
b10 &
b10 .
b10 9
b10 C
b10 H
b10 R
b10 +
1#
#24640
0#
#24650
b10100101100000 !
b10100101100000 1
b10100101100000 /
b10100101100000 ]
0\
b10100101100000 (
b10100101100000 ^
0'
1#
#24660
0#
#24670
b110010100000000 !
b110010100000000 1
1S
1'
b110101111000000 $
b110101111000000 -
b110101111000000 8
b110101111000000 =
b110101111000000 B
b110101111000000 G
b110101111000000 L
b110101111000000 Q
b110101111000000 V
b110101111000000 [
b110101111000000 )
b11 "
b11 ,
b11 *
1#
#24680
0#
#24690
b110101100000000 !
b110101100000000 1
b110101100000000 2
b110101100000000 U
0S
b110101100000000 (
b110101110001001 T
0'
1#
#24700
0#
#24710
1:
b1010010000000000 !
b1010010000000000 1
1'
b11111101100 $
b11111101100 -
b11111101100 8
b11111101100 =
b11111101100 B
b11111101100 G
b11111101100 L
b11111101100 Q
b11111101100 V
b11111101100 [
b11111101100 )
b0 "
b0 ,
b0 *
1#
#24720
0#
#24730
b11100000000 !
b11100000000 1
b11100000000 7
b11100000000 <
0:
b11100000000 (
b11111001111 ;
0'
1#
#24740
0#
#24750
b11111001111 !
b11111001111 1
1:
b11111001111 7
b11111001111 <
b10101010000110 5
b10101010000110 F
b111110000000 4
b111110000000 K
b110101110001001 2
b110101110001001 U
1'
b1010110000110000 $
b1010110000110000 -
b1010110000110000 8
b1010110000110000 =
b1010110000110000 B
b1010110000110000 G
b1010110000110000 L
b1010110000110000 Q
b1010110000110000 V
b1010110000110000 [
b1010110000110000 )
b0 &
b0 .
b0 9
b0 C
b0 H
b0 R
b0 +
1#
#24760
0#
#24770
b1010110000110000 !
b1010110000110000 1
b1010110000110000 7
b1010110000110000 <
0:
b1010110000110000 (
b1010110000110000 ;
0'
1#
#24780
0#
#24790
1I
b111110000000 !
b111110000000 1
1'
b10010011101001 $
b10010011101001 -
b10010011101001 8
b10010011101001 =
b10010011101001 B
b10010011101001 G
b10010011101001 L
b10010011101001 Q
b10010011101001 V
b10010011101001 [
b10010011101001 )
b10 "
b10 ,
b10 *
b11 &
b11 .
b11 9
b11 C
b11 H
b11 R
b11 +
1#
#24800
0#
#24810
b10010011101001 !
b10010011101001 1
b10010011101001 4
b10010011101001 K
0I
b10010011101001 (
b10010011101001 J
0'
1#
#24820
0#
#24830
b1110001111101011 !
b1110001111101011 1
1?
b1010110000000000 7
b1010110000000000 <
b10101000000000 5
b10101000000000 F
b10010000000000 4
b10010000000000 K
b110101100000000 2
b110101100000000 U
1'
b1011101101110001 $
b1011101101110001 -
b1011101101110001 8
b1011101101110001 =
b1011101101110001 B
b1011101101110001 G
b1011101101110001 L
b1011101101110001 Q
b1011101101110001 V
b1011101101110001 [
b1011101101110001 )
b101 "
b101 ,
b101 *
b10 &
b10 .
b10 9
b10 C
b10 H
b10 R
b10 +
1#
#24840
0#
#24850
b1011101101110001 !
b1011101101110001 1
b1011101101110001 6
b1011101101110001 A
0?
b1011101101110001 (
b1011101101110001 @
0'
1#
#24860
0#
#24870
b10101010000110 !
b10101010000110 1
1D
b1010110000110000 7
b1010110000110000 <
b10101010000110 5
b10101010000110 F
b10010011101001 4
b10010011101001 K
b110101110001001 2
b110101110001001 U
1'
b1001100001000001 $
b1001100001000001 -
b1001100001000001 8
b1001100001000001 =
b1001100001000001 B
b1001100001000001 G
b1001100001000001 L
b1001100001000001 Q
b1001100001000001 V
b1001100001000001 [
b1001100001000001 )
b1 "
b1 ,
b1 *
b0 &
b0 .
b0 9
b0 C
b0 H
b0 R
b0 +
1#
#24880
0#
#24890
b1001100001000001 !
b1001100001000001 1
b1001100001000001 5
b1001100001000001 F
0D
b1001100001000001 (
b1001100001000001 E
0'
1#
#24900
0#
#24910
b1011111010001111 !
b1011111010001111 1
1X
1'
b111101001110010 $
b111101001110010 -
b111101001110010 8
b111101001110010 =
b111101001110010 B
b111101001110010 G
b111101001110010 L
b111101001110010 Q
b111101001110010 V
b111101001110010 [
b111101001110010 )
b110 "
b110 ,
b110 *
1#
#24920
0#
#24930
b111101001110010 !
b111101001110010 1
b111101001110010 0
b111101001110010 Y
0X
b111101001110010 (
b111101001110010 Z
0'
1#
#24940
0#
#24950
b1011101101110001 !
b1011101101110001 1
1?
1'
b1111110010110011 $
b1111110010110011 -
b1111110010110011 8
b1111110010110011 =
b1111110010110011 B
b1111110010110011 G
b1111110010110011 L
b1111110010110011 Q
b1111110010110011 V
b1111110010110011 [
b1111110010110011 )
b101 "
b101 ,
b101 *
1#
#24960
0#
#24970
b1111110010110011 !
b1111110010110011 1
b1111110010110011 6
b1111110010110011 A
0?
b1111110010110011 (
b1111110010110011 @
0'
1#
#24980
0#
#24990
b1001100001000001 !
b1001100001000001 1
1D
1'
b100110011010010 $
b100110011010010 -
b100110011010010 8
b100110011010010 =
b100110011010010 B
b100110011010010 G
b100110011010010 L
b100110011010010 Q
b100110011010010 V
b100110011010010 [
b100110011010010 )
b1 "
b1 ,
b1 *
1#
#25000
0#
#25010
b100110011010010 !
b100110011010010 1
b100110011010010 5
b100110011010010 F
0D
b100110011010010 (
b100110011010010 E
0'
1#
#25020
0#
#25030
b1111110010110011 !
b1111110010110011 1
1?
b110000 7
b110000 <
b11010010 5
b11010010 F
b11101001 4
b11101001 K
b10001001 2
b10001001 U
1'
b1111101001111 $
b1111101001111 -
b1111101001111 8
b1111101001111 =
b1111101001111 B
b1111101001111 G
b1111101001111 L
b1111101001111 Q
b1111101001111 V
b1111101001111 [
b1111101001111 )
b101 "
b101 ,
b101 *
b1 &
b1 .
b1 9
b1 C
b1 H
b1 R
b1 +
1#
#25040
0#
#25050
b1111101001111 !
b1111101001111 1
b1111101001111 6
b1111101001111 A
0?
b1111101001111 (
b1111101001111 @
0'
1#
#25060
0#
#25070
b110111000001011 !
b110111000001011 1
1N
1'
b10111111001111 $
b10111111001111 -
b10111111001111 8
b10111111001111 =
b10111111001111 B
b10111111001111 G
b10111111001111 L
b10111111001111 Q
b10111111001111 V
b10111111001111 [
b10111111001111 )
b111 "
b111 ,
b111 *
1#
#25080
0#
#25090
b10111111001111 !
b10111111001111 1
b10111111001111 3
b10111111001111 P
0N
b10111111001111 (
b10111111001111 O
0'
1#
#25100
0#
#25110
1N
b1010110000110000 7
b1010110000110000 <
b100110011010010 5
b100110011010010 F
b10010011101001 4
b10010011101001 K
b110101110001001 2
b110101110001001 U
1'
b1001010000111011 $
b1001010000111011 -
b1001010000111011 8
b1001010000111011 =
b1001010000111011 B
b1001010000111011 G
b1001010000111011 L
b1001010000111011 Q
b1001010000111011 V
b1001010000111011 [
b1001010000111011 )
b11 &
b11 .
b11 9
b11 C
b11 H
b11 R
b11 +
1#
#25120
0#
#25130
b1001010000111011 !
b1001010000111011 1
b1001010000111011 3
b1001010000111011 P
0N
b1001010000111011 (
b1001010000111011 O
0'
1#
#25140
0#
#25150
1N
1'
b1101010101000010 $
b1101010101000010 -
b1101010101000010 8
b1101010101000010 =
b1101010101000010 B
b1101010101000010 G
b1101010101000010 L
b1101010101000010 Q
b1101010101000010 V
b1101010101000010 [
b1101010101000010 )
b0 &
b0 .
b0 9
b0 C
b0 H
b0 R
b0 +
1#
#25160
0#
#25170
b1101010101000010 !
b1101010101000010 1
b1101010101000010 3
b1101010101000010 P
0N
b1101010101000010 (
b1101010101000010 O
0'
1#
#25180
0#
#25190
b111101001110010 !
b111101001110010 1
1X
1'
b101111111110111 $
b101111111110111 -
b101111111110111 8
b101111111110111 =
b101111111110111 B
b101111111110111 G
b101111111110111 L
b101111111110111 Q
b101111111110111 V
b101111111110111 [
b101111111110111 )
b110 "
b110 ,
b110 *
1#
#25200
0#
#25210
b101111111110111 !
b101111111110111 1
b101111111110111 0
b101111111110111 Y
0X
b101111111110111 (
b101111111110111 Z
0'
1#
#25220
0#
#25230
b1101010101000010 !
b1101010101000010 1
1N
1'
b1101100111010000 $
b1101100111010000 -
b1101100111010000 8
b1101100111010000 =
b1101100111010000 B
b1101100111010000 G
b1101100111010000 L
b1101100111010000 Q
b1101100111010000 V
b1101100111010000 [
b1101100111010000 )
b111 "
b111 ,
b111 *
b11 &
b11 .
b11 9
b11 C
b11 H
b11 R
b11 +
1#
#25240
0#
#25250
b1101100111010000 !
b1101100111010000 1
b1101100111010000 3
b1101100111010000 P
0N
b1101100111010000 (
b1101100111010000 O
0'
1#
#25260
0#
#25270
1:
b1010110000110000 !
b1010110000110000 1
1'
b1000110000011100 $
b1000110000011100 -
b1000110000011100 8
b1000110000011100 =
b1000110000011100 B
b1000110000011100 G
b1000110000011100 L
b1000110000011100 Q
b1000110000011100 V
b1000110000011100 [
b1000110000011100 )
b0 "
b0 ,
b0 *
1#
#25280
0#
#25290
b1000110000011100 !
b1000110000011100 1
b1000110000011100 7
b1000110000011100 <
0:
b1000110000011100 (
b1000110000011100 ;
0'
1#
#25300
0#
#25310
1?
b1111101001111 !
b1111101001111 1
1'
b1100011100110100 $
b1100011100110100 -
b1100011100110100 8
b1100011100110100 =
b1100011100110100 B
b1100011100110100 G
b1100011100110100 L
b1100011100110100 Q
b1100011100110100 V
b1100011100110100 [
b1100011100110100 )
b101 "
b101 ,
b101 *
1#
#25320
0#
#25330
b1100011100110100 !
b1100011100110100 1
b1100011100110100 6
b1100011100110100 A
0?
b1100011100110100 (
b1100011100110100 @
0'
1#
#25340
0#
#25350
1?
b1000110000000000 7
b1000110000000000 <
b100110000000000 5
b100110000000000 F
b10010000000000 4
b10010000000000 K
b110101100000000 2
b110101100000000 U
1'
b1101101110100000 $
b1101101110100000 -
b1101101110100000 8
b1101101110100000 =
b1101101110100000 B
b1101101110100000 G
b1101101110100000 L
b1101101110100000 Q
b1101101110100000 V
b1101101110100000 [
b1101101110100000 )
b10 &
b10 .
b10 9
b10 C
b10 H
b10 R
b10 +
1#
#25360
0#
#25370
b1101101110100000 !
b1101101110100000 1
b1101101110100000 6
b1101101110100000 A
0?
b1101101110100000 (
b1101101110100000 @
0'
1#
#25380
0#
#25390
1:
b1000110000011100 !
b1000110000011100 1
b1000110000011100 7
b1000110000011100 <
b100110011010010 5
b100110011010010 F
b10010011101001 4
b10010011101001 K
b110101110001001 2
b110101110001001 U
1'
b100111110111011 $
b100111110111011 -
b100111110111011 8
b100111110111011 =
b100111110111011 B
b100111110111011 G
b100111110111011 L
b100111110111011 Q
b100111110111011 V
b100111110111011 [
b100111110111011 )
b0 "
b0 ,
b0 *
b11 &
b11 .
b11 9
b11 C
b11 H
b11 R
b11 +
1#
#25400
0#
#25410
b100111110111011 !
b100111110111011 1
b100111110111011 7
b100111110111011 <
0:
b100111110111011 (
b100111110111011 ;
0'
1#
#25420
0#
#25430
1\
b10100101100000 !
b10100101100000 1
1'
b100110010000111 $
b100110010000111 -
b100110010000111 8
b100110010000111 =
b100110010000111 B
b100110010000111 G
b100110010000111 L
b100110010000111 Q
b100110010000111 V
b100110010000111 [
b100110010000111 )
b100 "
b100 ,
b100 *
b0 &
b0 .
b0 9
b0 C
b0 H
b0 R
b0 +
1#
#25440
0#
#25450
b100110010000111 !
b100110010000111 1
b100110010000111 /
b100110010000111 ]
0\
b100110010000111 (
b100110010000111 ^
0'
1#
#25460
0#
#25470
1:
b100111110111011 !
b100111110111011 1
1'
b101011001100001 $
b101011001100001 -
b101011001100001 8
b101011001100001 =
b101011001100001 B
b101011001100001 G
b101011001100001 L
b101011001100001 Q
b101011001100001 V
b101011001100001 [
b101011001100001 )
b0 "
b0 ,
b0 *
1#
#25480
0#
#25490
b101011001100001 !
b101011001100001 1
b101011001100001 7
b101011001100001 <
0:
b101011001100001 (
b101011001100001 ;
0'
1#
#25500
0#
#25510
1X
b101111111110111 !
b101111111110111 1
1'
b1101011110011001 $
b1101011110011001 -
b1101011110011001 8
b1101011110011001 =
b1101011110011001 B
b1101011110011001 G
b1101011110011001 L
b1101011110011001 Q
b1101011110011001 V
b1101011110011001 [
b1101011110011001 )
b110 "
b110 ,
b110 *
b11 &
b11 .
b11 9
b11 C
b11 H
b11 R
b11 +
1#
#25520
0#
#25530
b1101011110011001 !
b1101011110011001 1
b1101011110011001 0
b1101011110011001 Y
0X
b1101011110011001 (
b1101011110011001 Z
0'
1#
#25540
0#
#25550
b100110000000000 !
b100110000000000 1
1D
b101011000000000 7
b101011000000000 <
b100110000000000 5
b100110000000000 F
b10010000000000 4
b10010000000000 K
b110101100000000 2
b110101100000000 U
1'
b10010010001000 $
b10010010001000 -
b10010010001000 8
b10010010001000 =
b10010010001000 B
b10010010001000 G
b10010010001000 L
b10010010001000 Q
b10010010001000 V
b10010010001000 [
b10010010001000 )
b1 "
b1 ,
b1 *
b10 &
b10 .
b10 9
b10 C
b10 H
b10 R
b10 +
1#
#25560
0#
#25570
b10010000000000 !
b10010000000000 1
b10010000000000 5
b10010000000000 F
0D
b10010000000000 (
b10010011010010 E
0'
1#
#25580
0#
#25590
b1101101110100000 !
b1101101110100000 1
1?
b101011001100001 7
b101011001100001 <
b10010011010010 5
b10010011010010 F
b10010011101001 4
b10010011101001 K
b110101110001001 2
b110101110001001 U
1'
b1111100001001011 $
b1111100001001011 -
b1111100001001011 8
b1111100001001011 =
b1111100001001011 B
b1111100001001011 G
b1111100001001011 L
b1111100001001011 Q
b1111100001001011 V
b1111100001001011 [
b1111100001001011 )
b101 "
b101 ,
b101 *
b0 &
b0 .
b0 9
b0 C
b0 H
b0 R
b0 +
1#
#25600
0#
#25610
b1111100001001011 !
b1111100001001011 1
b1111100001001011 6
b1111100001001011 A
0?
b1111100001001011 (
b1111100001001011 @
0'
1#
#25620
0#
#25630
1:
b1100001 !
b1100001 1
b1100001 7
b1100001 <
b11010010 5
b11010010 F
b11101001 4
b11101001 K
b10001001 2
b10001001 U
1'
b111011011101011 $
b111011011101011 -
b111011011101011 8
b111011011101011 =
b111011011101011 B
b111011011101011 G
b111011011101011 L
b111011011101011 Q
b111011011101011 V
b111011011101011 [
b111011011101011 )
b0 "
b0 ,
b0 *
b1 &
b1 .
b1 9
b1 C
b1 H
b1 R
b1 +
1#
#25640
0#
#25650
b11101011 !
b11101011 1
b11101011 7
b11101011 <
0:
b11101011 (
b101011011101011 ;
0'
1#
#25660
0#
#25670
1N
b1101100111010000 !
b1101100111010000 1
1'
b101100011100110 $
b101100011100110 -
b101100011100110 8
b101100011100110 =
b101100011100110 B
b101100011100110 G
b101100011100110 L
b101100011100110 Q
b101100011100110 V
b101100011100110 [
b101100011100110 )
b111 "
b111 ,
b111 *
1#
#25680
0#
#25690
b101100011100110 !
b101100011100110 1
b101100011100110 3
b101100011100110 P
0N
b101100011100110 (
b101100011100110 O
0'
1#
#25700
0#
#25710
b100110010000111 !
b100110010000111 1
1\
1'
b1010110111000001 $
b1010110111000001 -
b1010110111000001 8
b1010110111000001 =
b1010110111000001 B
b1010110111000001 G
b1010110111000001 L
b1010110111000001 Q
b1010110111000001 V
b1010110111000001 [
b1010110111000001 )
b100 "
b100 ,
b100 *
1#
#25720
0#
#25730
b1010110111000001 !
b1010110111000001 1
b1010110111000001 /
b1010110111000001 ]
0\
b1010110111000001 (
b1010110111000001 ^
0'
1#
#25740
0#
#25750
b1101011110011001 !
b1101011110011001 1
1X
b101011000000000 7
b101011000000000 <
b10010000000000 5
b10010000000000 F
b10010000000000 4
b10010000000000 K
b110101100000000 2
b110101100000000 U
1'
b111000110001110 $
b111000110001110 -
b111000110001110 8
b111000110001110 =
b111000110001110 B
b111000110001110 G
b111000110001110 L
b111000110001110 Q
b111000110001110 V
b111000110001110 [
b111000110001110 )
b110 "
b110 ,
b110 *
b10 &
b10 .
b10 9
b10 C
b10 H
b10 R
b10 +
1#
#25760
0#
#25770
b111000110001110 !
b111000110001110 1
b111000110001110 0
b111000110001110 Y
0X
b111000110001110 (
b111000110001110 Z
0'
1#
#25780
0#
#25790
b1111100001001011 !
b1111100001001011 1
1?
b101011011101011 7
b101011011101011 <
b10010011010010 5
b10010011010010 F
b10010011101001 4
b10010011101001 K
b110101110001001 2
b110101110001001 U
1'
b1101111001001110 $
b1101111001001110 -
b1101111001001110 8
b1101111001001110 =
b1101111001001110 B
b1101111001001110 G
b1101111001001110 L
b1101111001001110 Q
b1101111001001110 V
b1101111001001110 [
b1101111001001110 )
b101 "
b101 ,
b101 *
b0 &
b0 .
b0 9
b0 C
b0 H
b0 R
b0 +
1#
#25800
0#
#25810
b1101111001001110 !
b1101111001001110 1
b1101111001001110 6
b1101111001001110 A
0?
b1101111001001110 (
b1101111001001110 @
0'
1#
#25820
0#
#25830
b101100011100110 !
b101100011100110 1
1N
b11101011 7
b11101011 <
b11010010 5
b11010010 F
b11101001 4
b11101001 K
b10001001 2
b10001001 U
1'
b10001110000110 $
b10001110000110 -
b10001110000110 8
b10001110000110 =
b10001110000110 B
b10001110000110 G
b10001110000110 L
b10001110000110 Q
b10001110000110 V
b10001110000110 [
b10001110000110 )
b111 "
b111 ,
b111 *
b1 &
b1 .
b1 9
b1 C
b1 H
b1 R
b1 +
1#
#25840
0#
#25850
b10001110000110 !
b10001110000110 1
b10001110000110 3
b10001110000110 P
0N
b10001110000110 (
b10001110000110 O
0'
1#
#25860
0#
#25870
b11010010 !
b11010010 1
1D
1'
b1111111100000010 $
b1111111100000010 -
b1111111100000010 8
b1111111100000010 =
b1111111100000010 B
b1111111100000010 G
b1111111100000010 L
b1111111100000010 Q
b1111111100000010 V
b1111111100000010 [
b1111111100000010 )
b1 "
b1 ,
b1 *
1#
#25880
0#
#25890
b10 !
b10 1
b10 5
b10 F
0D
b10 (
b10010000000010 E
0'
1#
#25900
0#
#25910
b1010110111000001 !
b1010110111000001 1
1\
b101011011101011 7
b101011011101011 <
b10010000000010 5
b10010000000010 F
b10010011101001 4
b10010011101001 K
b110101110001001 2
b110101110001001 U
1'
b101110100100000 $
b101110100100000 -
b101110100100000 8
b101110100100000 =
b101110100100000 B
b101110100100000 G
b101110100100000 L
b101110100100000 Q
b101110100100000 V
b101110100100000 [
b101110100100000 )
b100 "
b100 ,
b100 *
b11 &
b11 .
b11 9
b11 C
b11 H
b11 R
b11 +
1#
#25920
0#
#25930
b101110100100000 !
b101110100100000 1
b101110100100000 /
b101110100100000 ]
0\
b101110100100000 (
b101110100100000 ^
0'
1#
#25940
0#
#25950
b10001110000110 !
b10001110000110 1
1N
1'
b1111111010001110 $
b1111111010001110 -
b1111111010001110 8
b1111111010001110 =
b1111111010001110 B
b1111111010001110 G
b1111111010001110 L
b1111111010001110 Q
b1111111010001110 V
b1111111010001110 [
b1111111010001110 )
b111 "
b111 ,
b111 *
b0 &
b0 .
b0 9
b0 C
b0 H
b0 R
b0 +
1#
#25960
0#
#25970
b1111111010001110 !
b1111111010001110 1
b1111111010001110 3
b1111111010001110 P
0N
b1111111010001110 (
b1111111010001110 O
0'
1#
#25980
0#
#25990
b111000110001110 !
b111000110001110 1
1X
1'
b1011101111000011 $
b1011101111000011 -
b1011101111000011 8
b1011101111000011 =
b1011101111000011 B
b1011101111000011 G
b1011101111000011 L
b1011101111000011 Q
b1011101111000011 V
b1011101111000011 [
b1011101111000011 )
b110 "
b110 ,
b110 *
1#
#26000
0#
#26010
b1011101111000011 !
b1011101111000011 1
b1011101111000011 0
b1011101111000011 Y
0X
b1011101111000011 (
b1011101111000011 Z
0'
1#
#26020
0#
#26030
b1101111001001110 !
b1101111001001110 1
1?
1'
b1110101100110011 $
b1110101100110011 -
b1110101100110011 8
b1110101100110011 =
b1110101100110011 B
b1110101100110011 G
b1110101100110011 L
b1110101100110011 Q
b1110101100110011 V
b1110101100110011 [
b1110101100110011 )
b101 "
b101 ,
b101 *
b11 &
b11 .
b11 9
b11 C
b11 H
b11 R
b11 +
1#
#26040
0#
#26050
b1110101100110011 !
b1110101100110011 1
b1110101100110011 6
b1110101100110011 A
0?
b1110101100110011 (
b1110101100110011 @
0'
1#
#26060
0#
#26070
b110101110001001 !
b110101110001001 1
1S
1'
b10000010100100 $
b10000010100100 -
b10000010100100 8
b10000010100100 =
b10000010100100 B
b10000010100100 G
b10000010100100 L
b10000010100100 Q
b10000010100100 V
b10000010100100 [
b10000010100100 )
b11 "
b11 ,
b11 *
b0 &
b0 .
b0 9
b0 C
b0 H
b0 R
b0 +
1#
#26080
0#
#26090
b10000010100100 !
b10000010100100 1
b10000010100100 2
b10000010100100 U
0S
b10000010100100 (
b10000010100100 T
0'
1#
#26100
0#
#26110
b101110100100000 !
b101110100100000 1
1\
1'
b110110001010 $
b110110001010 -
b110110001010 8
b110110001010 =
b110110001010 B
b110110001010 G
b110110001010 L
b110110001010 Q
b110110001010 V
b110110001010 [
b110110001010 )
b100 "
b100 ,
b100 *
1#
#26120
0#
#26130
b110110001010 !
b110110001010 1
b110110001010 /
b110110001010 ]
0\
b110110001010 (
b110110001010 ^
0'
1#
#26140
0#
#26150
b10000010100100 !
b10000010100100 1
1S
1'
b110001101111101 $
b110001101111101 -
b110001101111101 8
b110001101111101 =
b110001101111101 B
b110001101111101 G
b110001101111101 L
b110001101111101 Q
b110001101111101 V
b110001101111101 [
b110001101111101 )
b11 "
b11 ,
b11 *
b11 &
b11 .
b11 9
b11 C
b11 H
b11 R
b11 +
1#
#26160
0#
#26170
b110001101111101 !
b110001101111101 1
b110001101111101 2
b110001101111101 U
0S
b110001101111101 (
b110001101111101 T
0'
1#
#26180
0#
#26190
b1111111010001110 !
b1111111010001110 1
1N
1'
b100000101011 $
b100000101011 -
b100000101011 8
b100000101011 =
b100000101011 B
b100000101011 G
b100000101011 L
b100000101011 Q
b100000101011 V
b100000101011 [
b100000101011 )
b111 "
b111 ,
b111 *
b0 &
b0 .
b0 9
b0 C
b0 H
b0 R
b0 +
1#
#26200
0#
#26210
b100000101011 !
b100000101011 1
b100000101011 3
b100000101011 P
0N
b100000101011 (
b100000101011 O
0'
1#
#26220
0#
#26230
b1111101 !
b1111101 1
1S
b11101011 7
b11101011 <
b10 5
b10 F
b11101001 4
b11101001 K
b1111101 2
b1111101 U
1'
b1101111101001100 $
b1101111101001100 -
b1101111101001100 8
b1101111101001100 =
b1101111101001100 B
b1101111101001100 G
b1101111101001100 L
b1101111101001100 Q
b1101111101001100 V
b1101111101001100 [
b1101111101001100 )
b11 "
b11 ,
b11 *
b1 &
b1 .
b1 9
b1 C
b1 H
b1 R
b1 +
1#
#26240
0#
#26250
b1001100 !
b1001100 1
b1001100 2
b1001100 U
0S
b1001100 (
b110001101001100 T
0'
1#
#26260
0#
#26270
b110001101001100 !
b110001101001100 1
1S
b101011011101011 7
b101011011101011 <
b10010000000010 5
b10010000000010 F
b10010011101001 4
b10010011101001 K
b110001101001100 2
b110001101001100 U
1'
b1111110111011010 $
b1111110111011010 -
b1111110111011010 8
b1111110111011010 =
b1111110111011010 B
b1111110111011010 G
b1111110111011010 L
b1111110111011010 Q
b1111110111011010 V
b1111110111011010 [
b1111110111011010 )
b11 &
b11 .
b11 9
b11 C
b11 H
b11 R
b11 +
1#
#26280
0#
#26290
b1111110111011010 !
b1111110111011010 1
b1111110111011010 2
b1111110111011010 U
0S
b1111110111011010 (
b1111110111011010 T
0'
1#
#26300
0#
#26310
b1110101100110011 !
b1110101100110011 1
1?
b11101011 7
b11101011 <
b10 5
b10 F
b11101001 4
b11101001 K
b11011010 2
b11011010 U
1'
b1111100010111 $
b1111100010111 -
b1111100010111 8
b1111100010111 =
b1111100010111 B
b1111100010111 G
b1111100010111 L
b1111100010111 Q
b1111100010111 V
b1111100010111 [
b1111100010111 )
b101 "
b101 ,
b101 *
b1 &
b1 .
b1 9
b1 C
b1 H
b1 R
b1 +
1#
#26320
0#
#26330
b1111100010111 !
b1111100010111 1
b1111100010111 6
b1111100010111 A
0?
b1111100010111 (
b1111100010111 @
0'
1#
#26340
0#
#26350
b110110001010 !
b110110001010 1
1\
b101011011101011 7
b101011011101011 <
b10010000000010 5
b10010000000010 F
b10010011101001 4
b10010011101001 K
b1111110111011010 2
b1111110111011010 U
1'
b1010100011100001 $
b1010100011100001 -
b1010100011100001 8
b1010100011100001 =
b1010100011100001 B
b1010100011100001 G
b1010100011100001 L
b1010100011100001 Q
b1010100011100001 V
b1010100011100001 [
b1010100011100001 )
b100 "
b100 ,
b100 *
b0 &
b0 .
b0 9
b0 C
b0 H
b0 R
b0 +
1#
#26360
0#
#26370
b1010100011100001 !
b1010100011100001 1
b1010100011100001 /
b1010100011100001 ]
0\
b1010100011100001 (
b1010100011100001 ^
0'
1#
#26380
0#
#26390
b1111100010111 !
b1111100010111 1
1?
b101011000000000 7
b101011000000000 <
b10010000000000 5
b10010000000000 F
b10010000000000 4
b10010000000000 K
b1111110100000000 2
b1111110100000000 U
1'
b111101010001010 $
b111101010001010 -
b111101010001010 8
b111101010001010 =
b111101010001010 B
b111101010001010 G
b111101010001010 L
b111101010001010 Q
b111101010001010 V
b111101010001010 [
b111101010001010 )
b101 "
b101 ,
b101 *
b10 &
b10 .
b10 9
b10 C
b10 H
b10 R
b10 +
1#
#26400
0#
#26410
b111101010001010 !
b111101010001010 1
b111101010001010 6
b111101010001010 A
0?
b111101010001010 (
b111101010001010 @
0'
1#
#26420
0#
#26430
1?
b101011011101011 7
b101011011101011 <
b10010000000010 5
b10010000000010 F
b10010011101001 4
b10010011101001 K
b1111110111011010 2
b1111110111011010 U
1'
b1000001000100000 $
b1000001000100000 -
b1000001000100000 8
b1000001000100000 =
b1000001000100000 B
b1000001000100000 G
b1000001000100000 L
b1000001000100000 Q
b1000001000100000 V
b1000001000100000 [
b1000001000100000 )
b0 &
b0 .
b0 9
b0 C
b0 H
b0 R
b0 +
1#
#26440
0#
#26450
b1000001000100000 !
b1000001000100000 1
b1000001000100000 6
b1000001000100000 A
0?
b1000001000100000 (
b1000001000100000 @
0'
1#
#26460
0#
#26470
1?
1'
b1011010011110000 $
b1011010011110000 -
b1011010011110000 8
b1011010011110000 =
b1011010011110000 B
b1011010011110000 G
b1011010011110000 L
b1011010011110000 Q
b1011010011110000 V
b1011010011110000 [
b1011010011110000 )
b11 &
b11 .
b11 9
b11 C
b11 H
b11 R
b11 +
1#
#26480
0#
#26490
b1011010011110000 !
b1011010011110000 1
b1011010011110000 6
b1011010011110000 A
0?
b1011010011110000 (
b1011010011110000 @
0'
1#
#26500
0#
#26510
b1011101111000011 !
b1011101111000011 1
1X
1'
b1110000111011010 $
b1110000111011010 -
b1110000111011010 8
b1110000111011010 =
b1110000111011010 B
b1110000111011010 G
b1110000111011010 L
b1110000111011010 Q
b1110000111011010 V
b1110000111011010 [
b1110000111011010 )
b110 "
b110 ,
b110 *
b0 &
b0 .
b0 9
b0 C
b0 H
b0 R
b0 +
1#
#26520
0#
#26530
b1110000111011010 !
b1110000111011010 1
b1110000111011010 0
b1110000111011010 Y
0X
b1110000111011010 (
b1110000111011010 Z
0'
1#
#26540
0#
#26550
1X
b101011000000000 7
b101011000000000 <
b10010000000000 5
b10010000000000 F
b10010000000000 4
b10010000000000 K
b1111110100000000 2
b1111110100000000 U
1'
b1001101101011111 $
b1001101101011111 -
b1001101101011111 8
b1001101101011111 =
b1001101101011111 B
b1001101101011111 G
b1001101101011111 L
b1001101101011111 Q
b1001101101011111 V
b1001101101011111 [
b1001101101011111 )
b10 &
b10 .
b10 9
b10 C
b10 H
b10 R
b10 +
1#
#26560
0#
#26570
b1001101101011111 !
b1001101101011111 1
b1001101101011111 0
b1001101101011111 Y
0X
b1001101101011111 (
b1001101101011111 Z
0'
1#
#26580
0#
#26590
b10010000000000 !
b10010000000000 1
1I
1'
b1001100110110 $
b1001100110110 -
b1001100110110 8
b1001100110110 =
b1001100110110 B
b1001100110110 G
b1001100110110 L
b1001100110110 Q
b1001100110110 V
b1001100110110 [
b1001100110110 )
b10 "
b10 ,
b10 *
1#
#26600
0#
#26610
b1001100000000 !
b1001100000000 1
b1001100000000 4
b1001100000000 K
0I
b1001100000000 (
b1001111101001 J
0'
1#
#26620
0#
#26630
b1001111101001 !
b1001111101001 1
1I
b101011011101011 7
b101011011101011 <
b10010000000010 5
b10010000000010 F
b1001111101001 4
b1001111101001 K
b1111110111011010 2
b1111110111011010 U
1'
b1010011000000011 $
b1010011000000011 -
b1010011000000011 8
b1010011000000011 =
b1010011000000011 B
b1010011000000011 G
b1010011000000011 L
b1010011000000011 Q
b1010011000000011 V
b1010011000000011 [
b1010011000000011 )
b11 &
b11 .
b11 9
b11 C
b11 H
b11 R
b11 +
1#
#26640
0#
#26650
b1010011000000011 !
b1010011000000011 1
b1010011000000011 4
b1010011000000011 K
0I
b1010011000000011 (
b1010011000000011 J
0'
1#
#26660
0#
#26670
b100000101011 !
b100000101011 1
1N
b11101011 7
b11101011 <
b10 5
b10 F
b11 4
b11 K
b11011010 2
b11011010 U
1'
b1000010011101101 $
b1000010011101101 -
b1000010011101101 8
b1000010011101101 =
b1000010011101101 B
b1000010011101101 G
b1000010011101101 L
b1000010011101101 Q
b1000010011101101 V
b1000010011101101 [
b1000010011101101 )
b111 "
b111 ,
b111 *
b1 &
b1 .
b1 9
b1 C
b1 H
b1 R
b1 +
1#
#26680
0#
#26690
b1000010011101101 !
b1000010011101101 1
b1000010011101101 3
b1000010011101101 P
0N
b1000010011101101 (
b1000010011101101 O
0'
1#
#26700
0#
#26710
b1011010011110000 !
b1011010011110000 1
1?
1'
b1010000010101010 $
b1010000010101010 -
b1010000010101010 8
b1010000010101010 =
b1010000010101010 B
b1010000010101010 G
b1010000010101010 L
b1010000010101010 Q
b1010000010101010 V
b1010000010101010 [
b1010000010101010 )
b101 "
b101 ,
b101 *
1#
#26720
0#
#26730
b1010000010101010 !
b1010000010101010 1
b1010000010101010 6
b1010000010101010 A
0?
b1010000010101010 (
b1010000010101010 @
0'
1#
#26740
0#
#26750
b1010011000000011 !
b1010011000000011 1
1I
b101011011101011 7
b101011011101011 <
b10010000000010 5
b10010000000010 F
b1010011000000011 4
b1010011000000011 K
b1111110111011010 2
b1111110111011010 U
1'
b1110000100011001 $
b1110000100011001 -
b1110000100011001 8
b1110000100011001 =
b1110000100011001 B
b1110000100011001 G
b1110000100011001 L
b1110000100011001 Q
b1110000100011001 V
b1110000100011001 [
b1110000100011001 )
b10 "
b10 ,
b10 *
b11 &
b11 .
b11 9
b11 C
b11 H
b11 R
b11 +
1#
#26760
0#
#26770
b1110000100011001 !
b1110000100011001 1
b1110000100011001 4
b1110000100011001 K
0I
b1110000100011001 (
b1110000100011001 J
0'
1#
#26780
0#
#26790
b10010000000010 !
b10010000000010 1
1D
1'
b11100110110011 $
b11100110110011 -
b11100110110011 8
b11100110110011 =
b11100110110011 B
b11100110110011 G
b11100110110011 L
b11100110110011 Q
b11100110110011 V
b11100110110011 [
b11100110110011 )
b1 "
b1 ,
b1 *
1#
#26800
0#
#26810
b11100110110011 !
b11100110110011 1
b11100110110011 5
b11100110110011 F
0D
b11100110110011 (
b11100110110011 E
0'
1#
#26820
0#
#26830
b11100100000000 !
b11100100000000 1
1D
b101011000000000 7
b101011000000000 <
b11100100000000 5
b11100100000000 F
b1110000100000000 4
b1110000100000000 K
b1111110100000000 2
b1111110100000000 U
1'
b10100100010111 $
b10100100010111 -
b10100100010111 8
b10100100010111 =
b10100100010111 B
b10100100010111 G
b10100100010111 L
b10100100010111 Q
b10100100010111 V
b10100100010111 [
b10100100010111 )
b10 &
b10 .
b10 9
b10 C
b10 H
b10 R
b10 +
1#
#26840
0#
#26850
b10100100000000 !
b10100100000000 1
b10100100000000 5
b10100100000000 F
0D
b10100100000000 (
b10100110110011 E
0'
1#
#26860
0#
#26870
b1110000100011001 !
b1110000100011001 1
1I
b101011011101011 7
b101011011101011 <
b10100110110011 5
b10100110110011 F
b1110000100011001 4
b1110000100011001 K
b1111110111011010 2
b1111110111011010 U
1'
b1011000000110000 $
b1011000000110000 -
b1011000000110000 8
b1011000000110000 =
b1011000000110000 B
b1011000000110000 G
b1011000000110000 L
b1011000000110000 Q
b1011000000110000 V
b1011000000110000 [
b1011000000110000 )
b10 "
b10 ,
b10 *
b11 &
b11 .
b11 9
b11 C
b11 H
b11 R
b11 +
1#
#26880
0#
#26890
b1011000000110000 !
b1011000000110000 1
b1011000000110000 4
b1011000000110000 K
0I
b1011000000110000 (
b1011000000110000 J
0'
1#
#26900
0#
#26910
b1000010011101101 !
b1000010011101101 1
1N
1'
b1101111000001100 $
b1101111000001100 -
b1101111000001100 8
b1101111000001100 =
b1101111000001100 B
b1101111000001100 G
b1101111000001100 L
b1101111000001100 Q
b1101111000001100 V
b1101111000001100 [
b1101111000001100 )
b111 "
b111 ,
b111 *
1#
#26920
0#
#26930
b1101111000001100 !
b1101111000001100 1
b1101111000001100 3
b1101111000001100 P
0N
b1101111000001100 (
b1101111000001100 O
0'
1#
#26940
0#
#26950
b1001101101011111 !
b1001101101011111 1
1X
1'
b111000001000101 $
b111000001000101 -
b111000001000101 8
b111000001000101 =
b111000001000101 B
b111000001000101 G
b111000001000101 L
b111000001000101 Q
b111000001000101 V
b111000001000101 [
b111000001000101 )
b110 "
b110 ,
b110 *
b0 &
b0 .
b0 9
b0 C
b0 H
b0 R
b0 +
1#
#26960
0#
#26970
b111000001000101 !
b111000001000101 1
b111000001000101 0
b111000001000101 Y
0X
b111000001000101 (
b111000001000101 Z
0'
1#
#26980
0#
#26990
b1111110111011010 !
b1111110111011010 1
1S
1'
b10000001111110 $
b10000001111110 -
b10000001111110 8
b10000001111110 =
b10000001111110 B
b10000001111110 G
b10000001111110 L
b10000001111110 Q
b10000001111110 V
b10000001111110 [
b10000001111110 )
b11 "
b11 ,
b11 *
b11 &
b11 .
b11 9
b11 C
b11 H
b11 R
b11 +
1#
#27000
0#
#27010
b10000001111110 !
b10000001111110 1
b10000001111110 2
b10000001111110 U
0S
b10000001111110 (
b10000001111110 T
0'
1#
#27020
0#
#27030
b111000001000101 !
b111000001000101 1
1X
1'
b1011000110101010 $
b1011000110101010 -
b1011000110101010 8
b1011000110101010 =
b1011000110101010 B
b1011000110101010 G
b1011000110101010 L
b1011000110101010 Q
b1011000110101010 V
b1011000110101010 [
b1011000110101010 )
b110 "
b110 ,
b110 *
1#
#27040
0#
#27050
b1011000110101010 !
b1011000110101010 1
b1011000110101010 0
b1011000110101010 Y
0X
b1011000110101010 (
b1011000110101010 Z
0'
1#
#27060
0#
#27070
b1010100011100001 !
b1010100011100001 1
1\
b11101011 7
b11101011 <
b10110011 5
b10110011 F
b110000 4
b110000 K
b1111110 2
b1111110 U
1'
b1100010011000010 $
b1100010011000010 -
b1100010011000010 8
b1100010011000010 =
b1100010011000010 B
b1100010011000010 G
b1100010011000010 L
b1100010011000010 Q
b1100010011000010 V
b1100010011000010 [
b1100010011000010 )
b100 "
b100 ,
b100 *
b1 &
b1 .
b1 9
b1 C
b1 H
b1 R
b1 +
1#
#27080
0#
#27090
b1100010011000010 !
b1100010011000010 1
b1100010011000010 /
b1100010011000010 ]
0\
b1100010011000010 (
b1100010011000010 ^
0'
1#
#27100
0#
#27110
b1101111000001100 !
b1101111000001100 1
1N
b101011011101011 7
b101011011101011 <
b10100110110011 5
b10100110110011 F
b1011000000110000 4
b1011000000110000 K
b10000001111110 2
b10000001111110 U
1'
b1000100010001 $
b1000100010001 -
b1000100010001 8
b1000100010001 =
b1000100010001 B
b1000100010001 G
b1000100010001 L
b1000100010001 Q
b1000100010001 V
b1000100010001 [
b1000100010001 )
b111 "
b111 ,
b111 *
b0 &
b0 .
b0 9
b0 C
b0 H
b0 R
b0 +
1#
#27120
0#
#27130
b1000100010001 !
b1000100010001 1
b1000100010001 3
b1000100010001 P
0N
b1000100010001 (
b1000100010001 O
0'
1#
#27140
0#
#27150
b1010000010101010 !
b1010000010101010 1
1?
b101011000000000 7
b101011000000000 <
b10100100000000 5
b10100100000000 F
b1011000000000000 4
b1011000000000000 K
b10000000000000 2
b10000000000000 U
1'
b111111001000001 $
b111111001000001 -
b111111001000001 8
b111111001000001 =
b111111001000001 B
b111111001000001 G
b111111001000001 L
b111111001000001 Q
b111111001000001 V
b111111001000001 [
b111111001000001 )
b101 "
b101 ,
b101 *
b10 &
b10 .
b10 9
b10 C
b10 H
b10 R
b10 +
1#
#27160
0#
#27170
b111111001000001 !
b111111001000001 1
b111111001000001 6
b111111001000001 A
0?
b111111001000001 (
b111111001000001 @
0'
1#
#27180
0#
#27190
b10100100000000 !
b10100100000000 1
1D
1'
b100001010100100 $
b100001010100100 -
b100001010100100 8
b100001010100100 =
b100001010100100 B
b100001010100100 G
b100001010100100 L
b100001010100100 Q
b100001010100100 V
b100001010100100 [
b100001010100100 )
b1 "
b1 ,
b1 *
1#
#27200
0#
#27210
b100001000000000 !
b100001000000000 1
b100001000000000 5
b100001000000000 F
0D
b100001000000000 (
b100001010110011 E
0'
1#
#27220
0#
#27230
b1000100010001 !
b1000100010001 1
1N
b101011011101011 7
b101011011101011 <
b100001010110011 5
b100001010110011 F
b1011000000110000 4
b1011000000110000 K
b10000001111110 2
b10000001111110 U
1'
b1000001010 $
b1000001010 -
b1000001010 8
b1000001010 =
b1000001010 B
b1000001010 G
b1000001010 L
b1000001010 Q
b1000001010 V
b1000001010 [
b1000001010 )
b111 "
b111 ,
b111 *
b0 &
b0 .
b0 9
b0 C
b0 H
b0 R
b0 +
1#
#27240
0#
#27250
b1000001010 !
b1000001010 1
b1000001010 3
b1000001010 P
0N
b1000001010 (
b1000001010 O
0'
1#
#27260
0#
#27270
b1100010011000010 !
b1100010011000010 1
1\
1'
b1001111011111101 $
b1001111011111101 -
b1001111011111101 8
b1001111011111101 =
b1001111011111101 B
b1001111011111101 G
b1001111011111101 L
b1001111011111101 Q
b1001111011111101 V
b1001111011111101 [
b1001111011111101 )
b100 "
b100 ,
b100 *
b11 &
b11 .
b11 9
b11 C
b11 H
b11 R
b11 +
1#
#27280
0#
#27290
b1001111011111101 !
b1001111011111101 1
b1001111011111101 /
b1001111011111101 ]
0\
b1001111011111101 (
b1001111011111101 ^
0'
1#
#27300
0#
#27310
1\
b11101011 7
b11101011 <
b10110011 5
b10110011 F
b110000 4
b110000 K
b1111110 2
b1111110 U
1'
b1101101011001 $
b1101101011001 -
b1101101011001 8
b1101101011001 =
b1101101011001 B
b1101101011001 G
b1101101011001 L
b1101101011001 Q
b1101101011001 V
b1101101011001 [
b1101101011001 )
b1 &
b1 .
b1 9
b1 C
b1 H
b1 R
b1 +
1#
#27320
0#
#27330
b1101101011001 !
b1101101011001 1
b1101101011001 /
b1101101011001 ]
0\
b1101101011001 (
b1101101011001 ^
0'
1#
#27340
0#
#27350
b1011000000110000 !
b1011000000110000 1
1I
b101011011101011 7
b101011011101011 <
b100001010110011 5
b100001010110011 F
b1011000000110000 4
b1011000000110000 K
b10000001111110 2
b10000001111110 U
1'
b1100110101101001 $
b1100110101101001 -
b1100110101101001 8
b1100110101101001 =
b1100110101101001 B
b1100110101101001 G
b1100110101101001 L
b1100110101101001 Q
b1100110101101001 V
b1100110101101001 [
b1100110101101001 )
b10 "
b10 ,
b10 *
b11 &
b11 .
b11 9
b11 C
b11 H
b11 R
b11 +
1#
#27360
0#
#27370
b1100110101101001 !
b1100110101101001 1
b1100110101101001 4
b1100110101101001 K
0I
b1100110101101001 (
b1100110101101001 J
0'
1#
#27380
0#
#27390
1I
1'
b1100111111011101 $
b1100111111011101 -
b1100111111011101 8
b1100111111011101 =
b1100111111011101 B
b1100111111011101 G
b1100111111011101 L
b1100111111011101 Q
b1100111111011101 V
b1100111111011101 [
b1100111111011101 )
b0 &
b0 .
b0 9
b0 C
b0 H
b0 R
b0 +
1#
#27400
0#
#27410
b1100111111011101 !
b1100111111011101 1
b1100111111011101 4
b1100111111011101 K
0I
b1100111111011101 (
b1100111111011101 J
0'
1#
#27420
0#
#27430
1:
b101011011101011 !
b101011011101011 1
1'
b101110100111000 $
b101110100111000 -
b101110100111000 8
b101110100111000 =
b101110100111000 B
b101110100111000 G
b101110100111000 L
b101110100111000 Q
b101110100111000 V
b101110100111000 [
b101110100111000 )
b0 "
b0 ,
b0 *
1#
#27440
0#
#27450
b101110100111000 !
b101110100111000 1
b101110100111000 7
b101110100111000 <
0:
b101110100111000 (
b101110100111000 ;
0'
1#
#27460
0#
#27470
1S
b10000001111110 !
b10000001111110 1
1'
b1000010100001111 $
b1000010100001111 -
b1000010100001111 8
b1000010100001111 =
b1000010100001111 B
b1000010100001111 G
b1000010100001111 L
b1000010100001111 Q
b1000010100001111 V
b1000010100001111 [
b1000010100001111 )
b11 "
b11 ,
b11 *
1#
#27480
0#
#27490
b1000010100001111 !
b1000010100001111 1
b1000010100001111 2
b1000010100001111 U
0S
b1000010100001111 (
b1000010100001111 T
0'
1#
#27500
0#
#27510
b111111001000001 !
b111111001000001 1
1?
b111000 7
b111000 <
b10110011 5
b10110011 F
b11011101 4
b11011101 K
b1111 2
b1111 U
1'
b110111011011001 $
b110111011011001 -
b110111011011001 8
b110111011011001 =
b110111011011001 B
b110111011011001 G
b110111011011001 L
b110111011011001 Q
b110111011011001 V
b110111011011001 [
b110111011011001 )
b101 "
b101 ,
b101 *
b1 &
b1 .
b1 9
b1 C
b1 H
b1 R
b1 +
1#
#27520
0#
#27530
b110111011011001 !
b110111011011001 1
b110111011011001 6
b110111011011001 A
0?
b110111011011001 (
b110111011011001 @
0'
1#
#27540
0#
#27550
1:
b101110100000000 !
b101110100000000 1
b101110100000000 7
b101110100000000 <
b100001000000000 5
b100001000000000 F
b1100111100000000 4
b1100111100000000 K
b1000010100000000 2
b1000010100000000 U
1'
b1110100111010 $
b1110100111010 -
b1110100111010 8
b1110100111010 =
b1110100111010 B
b1110100111010 G
b1110100111010 L
b1110100111010 Q
b1110100111010 V
b1110100111010 [
b1110100111010 )
b0 "
b0 ,
b0 *
b10 &
b10 .
b10 9
b10 C
b10 H
b10 R
b10 +
1#
#27560
0#
#27570
b1110100000000 !
b1110100000000 1
b1110100000000 7
b1110100000000 <
0:
b1110100000000 (
b1110100111000 ;
0'
1#
#27580
0#
#27590
1?
b110111011011001 !
b110111011011001 1
b1110100111000 7
b1110100111000 <
b100001010110011 5
b100001010110011 F
b1100111111011101 4
b1100111111011101 K
b1000010100001111 2
b1000010100001111 U
1'
b100111111001101 $
b100111111001101 -
b100111111001101 8
b100111111001101 =
b100111111001101 B
b100111111001101 G
b100111111001101 L
b100111111001101 Q
b100111111001101 V
b100111111001101 [
b100111111001101 )
b101 "
b101 ,
b101 *
b11 &
b11 .
b11 9
b11 C
b11 H
b11 R
b11 +
1#
#27600
0#
#27610
b100111111001101 !
b100111111001101 1
b100111111001101 6
b100111111001101 A
0?
b100111111001101 (
b100111111001101 @
0'
1#
#27620
0#
#27630
b1000001010 !
b1000001010 1
1N
b1110100000000 7
b1110100000000 <
b100001000000000 5
b100001000000000 F
b1100111100000000 4
b1100111100000000 K
b1000010100000000 2
b1000010100000000 U
1'
b1001101010010 $
b1001101010010 -
b1001101010010 8
b1001101010010 =
b1001101010010 B
b1001101010010 G
b1001101010010 L
b1001101010010 Q
b1001101010010 V
b1001101010010 [
b1001101010010 )
b111 "
b111 ,
b111 *
b10 &
b10 .
b10 9
b10 C
b10 H
b10 R
b10 +
1#
#27640
0#
#27650
b1001101010010 !
b1001101010010 1
b1001101010010 3
b1001101010010 P
0N
b1001101010010 (
b1001101010010 O
0'
1#
#27660
0#
#27670
1:
b111000 !
b111000 1
b111000 7
b111000 <
b10110011 5
b10110011 F
b11011101 4
b11011101 K
b1111 2
b1111 U
1'
b1001001011000 $
b1001001011000 -
b1001001011000 8
b1001001011000 =
b1001001011000 B
b1001001011000 G
b1001001011000 L
b1001001011000 Q
b1001001011000 V
b1001001011000 [
b1001001011000 )
b0 "
b0 ,
b0 *
b1 &
b1 .
b1 9
b1 C
b1 H
b1 R
b1 +
1#
#27680
0#
#27690
b1011000 !
b1011000 1
b1011000 7
b1011000 <
0:
b1011000 (
b1110101011000 ;
0'
1#
#27700
0#
#27710
1I
b11011101 !
b11011101 1
1'
b1010000110101101 $
b1010000110101101 -
b1010000110101101 8
b1010000110101101 =
b1010000110101101 B
b1010000110101101 G
b1010000110101101 L
b1010000110101101 Q
b1010000110101101 V
b1010000110101101 [
b1010000110101101 )
b10 "
b10 ,
b10 *
1#
#27720
0#
#27730
b10101101 !
b10101101 1
b10101101 4
b10101101 K
0I
b10101101 (
b1100111110101101 J
0'
1#
#27740
0#
#27750
1I
1'
b11101100001101 $
b11101100001101 -
b11101100001101 8
b11101100001101 =
b11101100001101 B
b11101100001101 G
b11101100001101 L
b11101100001101 Q
b11101100001101 V
b11101100001101 [
b11101100001101 )
1#
#27760
0#
#27770
b1101 !
b1101 1
b1101 4
b1101 K
0I
b1101 (
b1100111100001101 J
0'
1#
#27780
0#
#27790
b1101101011001 !
b1101101011001 1
1\
b1110101011000 7
b1110101011000 <
b100001010110011 5
b100001010110011 F
b1100111100001101 4
b1100111100001101 K
b1000010100001111 2
b1000010100001111 U
1'
b1101100001111000 $
b1101100001111000 -
b1101100001111000 8
b1101100001111000 =
b1101100001111000 B
b1101100001111000 G
b1101100001111000 L
b1101100001111000 Q
b1101100001111000 V
b1101100001111000 [
b1101100001111000 )
b100 "
b100 ,
b100 *
b0 &
b0 .
b0 9
b0 C
b0 H
b0 R
b0 +
1#
#27800
0#
#27810
b1101100001111000 !
b1101100001111000 1
b1101100001111000 /
b1101100001111000 ]
0\
b1101100001111000 (
b1101100001111000 ^
0'
1#
#27820
0#
#27830
b10110011 !
b10110011 1
1D
b1011000 7
b1011000 <
b10110011 5
b10110011 F
b1101 4
b1101 K
b1111 2
b1111 U
1'
b101011010110001 $
b101011010110001 -
b101011010110001 8
b101011010110001 =
b101011010110001 B
b101011010110001 G
b101011010110001 L
b101011010110001 Q
b101011010110001 V
b101011010110001 [
b101011010110001 )
b1 "
b1 ,
b1 *
b1 &
b1 .
b1 9
b1 C
b1 H
b1 R
b1 +
1#
#27840
0#
#27850
b10110001 !
b10110001 1
b10110001 5
b10110001 F
0D
b10110001 (
b100001010110001 E
0'
1#
#27860
0#
#27870
b1011000110101010 !
b1011000110101010 1
1X
b1110100000000 7
b1110100000000 <
b100001000000000 5
b100001000000000 F
b1100111100000000 4
b1100111100000000 K
b1000010100000000 2
b1000010100000000 U
1'
b1100111100000001 $
b1100111100000001 -
b1100111100000001 8
b1100111100000001 =
b1100111100000001 B
b1100111100000001 G
b1100111100000001 L
b1100111100000001 Q
b1100111100000001 V
b1100111100000001 [
b1100111100000001 )
b110 "
b110 ,
b110 *
b10 &
b10 .
b10 9
b10 C
b10 H
b10 R
b10 +
1#
#27880
0#
#27890
b1100111100000001 !
b1100111100000001 1
b1100111100000001 0
b1100111100000001 Y
0X
b1100111100000001 (
b1100111100000001 Z
0'
1#
#27900
0#
#27910
b1001101010010 !
b1001101010010 1
1N
b1110101011000 7
b1110101011000 <
b100001010110001 5
b100001010110001 F
b1100111100001101 4
b1100111100001101 K
b1000010100001111 2
b1000010100001111 U
1'
b1010001001011010 $
b1010001001011010 -
b1010001001011010 8
b1010001001011010 =
b1010001001011010 B
b1010001001011010 G
b1010001001011010 L
b1010001001011010 Q
b1010001001011010 V
b1010001001011010 [
b1010001001011010 )
b111 "
b111 ,
b111 *
b0 &
b0 .
b0 9
b0 C
b0 H
b0 R
b0 +
1#
#27920
0#
#27930
b1010001001011010 !
b1010001001011010 1
b1010001001011010 3
b1010001001011010 P
0N
b1010001001011010 (
b1010001001011010 O
0'
1#
#27940
0#
#27950
b1100111100000000 !
b1100111100000000 1
1I
b1110100000000 7
b1110100000000 <
b100001000000000 5
b100001000000000 F
b1100111100000000 4
b1100111100000000 K
b1000010100000000 2
b1000010100000000 U
1'
b1010101110100100 $
b1010101110100100 -
b1010101110100100 8
b1010101110100100 =
b1010101110100100 B
b1010101110100100 G
b1010101110100100 L
b1010101110100100 Q
b1010101110100100 V
b1010101110100100 [
b1010101110100100 )
b10 "
b10 ,
b10 *
b10 &
b10 .
b10 9
b10 C
b10 H
b10 R
b10 +
1#
#27960
0#
#27970
b1010101100000000 !
b1010101100000000 1
b1010101100000000 4
b1010101100000000 K
0I
b1010101100000000 (
b1010101100001101 J
0'
1#
#27980
0#
#27990
b10110001 !
b10110001 1
1D
b1011000 7
b1011000 <
b10110001 5
b10110001 F
b1101 4
b1101 K
b1111 2
b1111 U
1'
b1010001000110000 $
b1010001000110000 -
b1010001000110000 8
b1010001000110000 =
b1010001000110000 B
b1010001000110000 G
b1010001000110000 L
b1010001000110000 Q
b1010001000110000 V
b1010001000110000 [
b1010001000110000 )
b1 "
b1 ,
b1 *
b1 &
b1 .
b1 9
b1 C
b1 H
b1 R
b1 +
1#
#28000
0#
#28010
b110000 !
b110000 1
b110000 5
b110000 F
0D
b110000 (
b100001000110000 E
0'
1#
#28020
0#
#28030
b1000010100001111 !
b1000010100001111 1
1S
b1110101011000 7
b1110101011000 <
b100001000110000 5
b100001000110000 F
b1010101100001101 4
b1010101100001101 K
b1000010100001111 2
b1000010100001111 U
1'
b1101100011100011 $
b1101100011100011 -
b1101100011100011 8
b1101100011100011 =
b1101100011100011 B
b1101100011100011 G
b1101100011100011 L
b1101100011100011 Q
b1101100011100011 V
b1101100011100011 [
b1101100011100011 )
b11 "
b11 ,
b11 *
b11 &
b11 .
b11 9
b11 C
b11 H
b11 R
b11 +
1#
#28040
0#
#28050
b1101100011100011 !
b1101100011100011 1
b1101100011100011 2
b1101100011100011 U
0S
b1101100011100011 (
b1101100011100011 T
0'
1#
#28060
0#
#28070
1:
b1011000 !
b1011000 1
b1011000 7
b1011000 <
b110000 5
b110000 F
b1101 4
b1101 K
b11100011 2
b11100011 U
1'
b1100101001011101 $
b1100101001011101 -
b1100101001011101 8
b1100101001011101 =
b1100101001011101 B
b1100101001011101 G
b1100101001011101 L
b1100101001011101 Q
b1100101001011101 V
b1100101001011101 [
b1100101001011101 )
b0 "
b0 ,
b0 *
b1 &
b1 .
b1 9
b1 C
b1 H
b1 R
b1 +
1#
#28080
0#
#28090
b1011101 !
b1011101 1
b1011101 7
b1011101 <
0:
b1011101 (
b1110101011101 ;
0'
1#
#28100
0#
#28110
b1110101011101 !
b1110101011101 1
1:
b1110101011101 7
b1110101011101 <
b100001000110000 5
b100001000110000 F
b1010101100001101 4
b1010101100001101 K
b1101100011100011 2
b1101100011100011 U
1'
b1110001110110 $
b1110001110110 -
b1110001110110 8
b1110001110110 =
b1110001110110 B
b1110001110110 G
b1110001110110 L
b1110001110110 Q
b1110001110110 V
b1110001110110 [
b1110001110110 )
b11 &
b11 .
b11 9
b11 C
b11 H
b11 R
b11 +
1#
#28120
0#
#28130
b1110001110110 !
b1110001110110 1
b1110001110110 7
b1110001110110 <
0:
b1110001110110 (
b1110001110110 ;
0'
1#
#28140
0#
#28150
1I
b1010101100000000 !
b1010101100000000 1
b1110000000000 7
b1110000000000 <
b100001000000000 5
b100001000000000 F
b1010101100000000 4
b1010101100000000 K
b1101100000000000 2
b1101100000000000 U
1'
b1101110110110 $
b1101110110110 -
b1101110110110 8
b1101110110110 =
b1101110110110 B
b1101110110110 G
b1101110110110 L
b1101110110110 Q
b1101110110110 V
b1101110110110 [
b1101110110110 )
b10 "
b10 ,
b10 *
b10 &
b10 .
b10 9
b10 C
b10 H
b10 R
b10 +
1#
#28160
0#
#28170
b1101100000000 !
b1101100000000 1
b1101100000000 4
b1101100000000 K
0I
b1101100000000 (
b1101100001101 J
0'
1#
#28180
0#
#28190
b1101100000000000 !
b1101100000000000 1
1S
1'
b1011011111111111 $
b1011011111111111 -
b1011011111111111 8
b1011011111111111 =
b1011011111111111 B
b1011011111111111 G
b1011011111111111 L
b1011011111111111 Q
b1011011111111111 V
b1011011111111111 [
b1011011111111111 )
b11 "
b11 ,
b11 *
1#
#28200
0#
#28210
b1011011100000000 !
b1011011100000000 1
b1011011100000000 2
b1011011100000000 U
0S
b1011011100000000 (
b1011011111100011 T
0'
1#
#28220
0#
#28230
b1100111100000001 !
b1100111100000001 1
1X
b1110001110110 7
b1110001110110 <
b100001000110000 5
b100001000110000 F
b1101100001101 4
b1101100001101 K
b1011011111100011 2
b1011011111100011 U
1'
b1011100000101100 $
b1011100000101100 -
b1011100000101100 8
b1011100000101100 =
b1011100000101100 B
b1011100000101100 G
b1011100000101100 L
b1011100000101100 Q
b1011100000101100 V
b1011100000101100 [
b1011100000101100 )
b110 "
b110 ,
b110 *
b0 &
b0 .
b0 9
b0 C
b0 H
b0 R
b0 +
1#
#28240
0#
#28250
b1011100000101100 !
b1011100000101100 1
b1011100000101100 0
b1011100000101100 Y
0X
b1011100000101100 (
b1011100000101100 Z
0'
1#
#28260
0#
#28270
1X
1'
b1000001000100100 $
b1000001000100100 -
b1000001000100100 8
b1000001000100100 =
b1000001000100100 B
b1000001000100100 G
b1000001000100100 L
b1000001000100100 Q
b1000001000100100 V
b1000001000100100 [
b1000001000100100 )
1#
#28280
0#
#28290
b1000001000100100 !
b1000001000100100 1
b1000001000100100 0
b1000001000100100 Y
0X
b1000001000100100 (
b1000001000100100 Z
0'
1#
#28300
0#
#28310
b1101100001111000 !
b1101100001111000 1
1\
1'
b1001111000010000 $
b1001111000010000 -
b1001111000010000 8
b1001111000010000 =
b1001111000010000 B
b1001111000010000 G
b1001111000010000 L
b1001111000010000 Q
b1001111000010000 V
b1001111000010000 [
b1001111000010000 )
b100 "
b100 ,
b100 *
1#
#28320
0#
#28330
b1001111000010000 !
b1001111000010000 1
b1001111000010000 /
b1001111000010000 ]
0\
b1001111000010000 (
b1001111000010000 ^
0'
1#
#28340
0#
#28350
b1011011111100011 !
b1011011111100011 1
1S
1'
b1100101101010 $
b1100101101010 -
b1100101101010 8
b1100101101010 =
b1100101101010 B
b1100101101010 G
b1100101101010 L
b1100101101010 Q
b1100101101010 V
b1100101101010 [
b1100101101010 )
b11 "
b11 ,
b11 *
b11 &
b11 .
b11 9
b11 C
b11 H
b11 R
b11 +
1#
#28360
0#
#28370
b1100101101010 !
b1100101101010 1
b1100101101010 2
b1100101101010 U
0S
b1100101101010 (
b1100101101010 T
0'
1#
#28380
0#
#28390
b1000001000100100 !
b1000001000100100 1
1X
1'
b10111001101100 $
b10111001101100 -
b10111001101100 8
b10111001101100 =
b10111001101100 B
b10111001101100 G
b10111001101100 L
b10111001101100 Q
b10111001101100 V
b10111001101100 [
b10111001101100 )
b110 "
b110 ,
b110 *
1#
#28400
0#
#28410
b10111001101100 !
b10111001101100 1
b10111001101100 0
b10111001101100 Y
0X
b10111001101100 (
b10111001101100 Z
0'
1#
#28420
0#
#28430
1:
b1110000000000 !
b1110000000000 1
b1110000000000 7
b1110000000000 <
b100001000000000 5
b100001000000000 F
b1101100000000 4
b1101100000000 K
b1100100000000 2
b1100100000000 U
1'
b1110111110101111 $
b1110111110101111 -
b1110111110101111 8
b1110111110101111 =
b1110111110101111 B
b1110111110101111 G
b1110111110101111 L
b1110111110101111 Q
b1110111110101111 V
b1110111110101111 [
b1110111110101111 )
b0 "
b0 ,
b0 *
b10 &
b10 .
b10 9
b10 C
b10 H
b10 R
b10 +
1#
#28440
0#
#28450
b1110111100000000 !
b1110111100000000 1
b1110111100000000 7
b1110111100000000 <
0:
b1110111100000000 (
b1110111101110110 ;
0'
1#
#28460
0#
#28470
1S
b1100100000000 !
b1100100000000 1
1'
b1101100001100110 $
b1101100001100110 -
b1101100001100110 8
b1101100001100110 =
b1101100001100110 B
b1101100001100110 G
b1101100001100110 L
b1101100001100110 Q
b1101100001100110 V
b1101100001100110 [
b1101100001100110 )
b11 "
b11 ,
b11 *
1#
#28480
0#
#28490
b1101100000000000 !
b1101100000000000 1
b1101100000000000 2
b1101100000000000 U
0S
b1101100000000000 (
b1101100001101010 T
0'
1#
#28500
0#
#28510
1:
b1110111100000000 !
b1110111100000000 1
1'
b111011011001000 $
b111011011001000 -
b111011011001000 8
b111011011001000 =
b111011011001000 B
b111011011001000 G
b111011011001000 L
b111011011001000 Q
b111011011001000 V
b111011011001000 [
b111011011001000 )
b0 "
b0 ,
b0 *
1#
#28520
0#
#28530
b111011000000000 !
b111011000000000 1
b111011000000000 7
b111011000000000 <
0:
b111011000000000 (
b111011001110110 ;
0'
1#
#28540
0#
#28550
1X
b10111001101100 !
b10111001101100 1
1'
b1011001011110001 $
b1011001011110001 -
b1011001011110001 8
b1011001011110001 =
b1011001011110001 B
b1011001011110001 G
b1011001011110001 L
b1011001011110001 Q
b1011001011110001 V
b1011001011110001 [
b1011001011110001 )
b110 "
b110 ,
b110 *
1#
#28560
0#
#28570
b1011001011110001 !
b1011001011110001 1
b1011001011110001 0
b1011001011110001 Y
0X
b1011001011110001 (
b1011001011110001 Z
0'
1#
#28580
0#
#28590
b1101010 !
b1101010 1
1S
b1110110 7
b1110110 <
b110000 5
b110000 F
b1101 4
b1101 K
b1101010 2
b1101010 U
1'
b11100001010110 $
b11100001010110 -
b11100001010110 8
b11100001010110 =
b11100001010110 B
b11100001010110 G
b11100001010110 L
b11100001010110 Q
b11100001010110 V
b11100001010110 [
b11100001010110 )
b11 "
b11 ,
b11 *
b1 &
b1 .
b1 9
b1 C
b1 H
b1 R
b1 +
1#
#28600
0#
#28610
b1010110 !
b1010110 1
b1010110 2
b1010110 U
0S
b1010110 (
b1101100001010110 T
0'
1#
#28620
0#
#28630
b1010001001011010 !
b1010001001011010 1
1N
1'
b10011111110001 $
b10011111110001 -
b10011111110001 8
b10011111110001 =
b10011111110001 B
b10011111110001 G
b10011111110001 L
b10011111110001 Q
b10011111110001 V
b10011111110001 [
b10011111110001 )
b111 "
b111 ,
b111 *
1#
#28640
0#
#28650
b10011111110001 !
b10011111110001 1
b10011111110001 3
b10011111110001 P
0N
b10011111110001 (
b10011111110001 O
0'
1#
#28660
0#
#28670
b1101100000000 !
b1101100000000 1
1I
b111011000000000 7
b111011000000000 <
b100001000000000 5
b100001000000000 F
b1101100000000 4
b1101100000000 K
b1101100000000000 2
b1101100000000000 U
1'
b100010111 $
b100010111 -
b100010111 8
b100010111 =
b100010111 B
b100010111 G
b100010111 L
b100010111 Q
b100010111 V
b100010111 [
b100010111 )
b10 "
b10 ,
b10 *
b10 &
b10 .
b10 9
b10 C
b10 H
b10 R
b10 +
1#
#28680
0#
#28690
b100000000 !
b100000000 1
b100000000 4
b100000000 K
0I
b100000000 (
b100001101 J
0'
1#
#28700
0#
#28710
b1101100001010110 !
b1101100001010110 1
1S
b111011001110110 7
b111011001110110 <
b100001000110000 5
b100001000110000 F
b100001101 4
b100001101 K
b1101100001010110 2
b1101100001010110 U
1'
b1000011011101010 $
b1000011011101010 -
b1000011011101010 8
b1000011011101010 =
b1000011011101010 B
b1000011011101010 G
b1000011011101010 L
b1000011011101010 Q
b1000011011101010 V
b1000011011101010 [
b1000011011101010 )
b11 "
b11 ,
b11 *
b11 &
b11 .
b11 9
b11 C
b11 H
b11 R
b11 +
1#
#28720
0#
#28730
b1000011011101010 !
b1000011011101010 1
b1000011011101010 2
b1000011011101010 U
0S
b1000011011101010 (
b1000011011101010 T
0'
1#
#28740
0#
#28750
b100111111001101 !
b100111111001101 1
1?
1'
b1111000011110100 $
b1111000011110100 -
b1111000011110100 8
b1111000011110100 =
b1111000011110100 B
b1111000011110100 G
b1111000011110100 L
b1111000011110100 Q
b1111000011110100 V
b1111000011110100 [
b1111000011110100 )
b101 "
b101 ,
b101 *
b0 &
b0 .
b0 9
b0 C
b0 H
b0 R
b0 +
1#
#28760
0#
#28770
b1111000011110100 !
b1111000011110100 1
b1111000011110100 6
b1111000011110100 A
0?
b1111000011110100 (
b1111000011110100 @
0'
1#
#28780
0#
#28790
b1101 !
b1101 1
1I
b1110110 7
b1110110 <
b110000 5
b110000 F
b1101 4
b1101 K
b11101010 2
b11101010 U
1'
b1011000011011011 $
b1011000011011011 -
b1011000011011011 8
b1011000011011011 =
b1011000011011011 B
b1011000011011011 G
b1011000011011011 L
b1011000011011011 Q
b1011000011011011 V
b1011000011011011 [
b1011000011011011 )
b10 "
b10 ,
b10 *
b1 &
b1 .
b1 9
b1 C
b1 H
b1 R
b1 +
1#
#28800
0#
#28810
b11011011 !
b11011011 1
b11011011 4
b11011011 K
0I
b11011011 (
b111011011 J
0'
1#
#28820
0#
#28830
b1000011011101010 !
b1000011011101010 1
1S
b111011001110110 7
b111011001110110 <
b100001000110000 5
b100001000110000 F
b111011011 4
b111011011 K
b1000011011101010 2
b1000011011101010 U
1'
b1010110110000011 $
b1010110110000011 -
b1010110110000011 8
b1010110110000011 =
b1010110110000011 B
b1010110110000011 G
b1010110110000011 L
b1010110110000011 Q
b1010110110000011 V
b1010110110000011 [
b1010110110000011 )
b11 "
b11 ,
b11 *
b0 &
b0 .
b0 9
b0 C
b0 H
b0 R
b0 +
1#
#28840
0#
#28850
b1010110110000011 !
b1010110110000011 1
b1010110110000011 2
b1010110110000011 U
0S
b1010110110000011 (
b1010110110000011 T
0'
1#
#28860
0#
#28870
b1011001011110001 !
b1011001011110001 1
1X
b111011000000000 7
b111011000000000 <
b100001000000000 5
b100001000000000 F
b100000000 4
b100000000 K
b1010110100000000 2
b1010110100000000 U
1'
b1010111100011100 $
b1010111100011100 -
b1010111100011100 8
b1010111100011100 =
b1010111100011100 B
b1010111100011100 G
b1010111100011100 L
b1010111100011100 Q
b1010111100011100 V
b1010111100011100 [
b1010111100011100 )
b110 "
b110 ,
b110 *
b10 &
b10 .
b10 9
b10 C
b10 H
b10 R
b10 +
1#
#28880
0#
#28890
b1010111100011100 !
b1010111100011100 1
b1010111100011100 0
b1010111100011100 Y
0X
b1010111100011100 (
b1010111100011100 Z
0'
1#
#28900
0#
#28910
1X
1'
b110111001100101 $
b110111001100101 -
b110111001100101 8
b110111001100101 =
b110111001100101 B
b110111001100101 G
b110111001100101 L
b110111001100101 Q
b110111001100101 V
b110111001100101 [
b110111001100101 )
1#
#28920
0#
#28930
b110111001100101 !
b110111001100101 1
b110111001100101 0
b110111001100101 Y
0X
b110111001100101 (
b110111001100101 Z
0'
1#
#28940
0#
#28950
1X
1'
b101100110000000 $
b101100110000000 -
b101100110000000 8
b101100110000000 =
b101100110000000 B
b101100110000000 G
b101100110000000 L
b101100110000000 Q
b101100110000000 V
b101100110000000 [
b101100110000000 )
1#
#28960
0#
#28970
b101100110000000 !
b101100110000000 1
b101100110000000 0
b101100110000000 Y
0X
b101100110000000 (
b101100110000000 Z
0'
1#
#28980
0#
#28990
b1001111000010000 !
b1001111000010000 1
1\
1'
b10111100110010 $
b10111100110010 -
b10111100110010 8
b10111100110010 =
b10111100110010 B
b10111100110010 G
b10111100110010 L
b10111100110010 Q
b10111100110010 V
b10111100110010 [
b10111100110010 )
b100 "
b100 ,
b100 *
1#
#29000
0#
#29010
b10111100110010 !
b10111100110010 1
b10111100110010 /
b10111100110010 ]
0\
b10111100110010 (
b10111100110010 ^
0'
1#
#29020
0#
#29030
b1111000011110100 !
b1111000011110100 1
1?
b111011001110110 7
b111011001110110 <
b100001000110000 5
b100001000110000 F
b111011011 4
b111011011 K
b1010110110000011 2
b1010110110000011 U
1'
b1111000100111110 $
b1111000100111110 -
b1111000100111110 8
b1111000100111110 =
b1111000100111110 B
b1111000100111110 G
b1111000100111110 L
b1111000100111110 Q
b1111000100111110 V
b1111000100111110 [
b1111000100111110 )
b101 "
b101 ,
b101 *
b0 &
b0 .
b0 9
b0 C
b0 H
b0 R
b0 +
1#
#29040
0#
#29050
b1111000100111110 !
b1111000100111110 1
b1111000100111110 6
b1111000100111110 A
0?
b1111000100111110 (
b1111000100111110 @
0'
1#
#29060
0#
#29070
1?
1'
b1100001010101100 $
b1100001010101100 -
b1100001010101100 8
b1100001010101100 =
b1100001010101100 B
b1100001010101100 G
b1100001010101100 L
b1100001010101100 Q
b1100001010101100 V
b1100001010101100 [
b1100001010101100 )
1#
#29080
0#
#29090
b1100001010101100 !
b1100001010101100 1
b1100001010101100 6
b1100001010101100 A
0?
b1100001010101100 (
b1100001010101100 @
0'
1#
#29100
0#
#29110
1:
b1110110 !
b1110110 1
b1110110 7
b1110110 <
b110000 5
b110000 F
b11011011 4
b11011011 K
b10000011 2
b10000011 U
1'
b1100010011011000 $
b1100010011011000 -
b1100010011011000 8
b1100010011011000 =
b1100010011011000 B
b1100010011011000 G
b1100010011011000 L
b1100010011011000 Q
b1100010011011000 V
b1100010011011000 [
b1100010011011000 )
b0 "
b0 ,
b0 *
b1 &
b1 .
b1 9
b1 C
b1 H
b1 R
b1 +
1#
#29120
0#
#29130
b11011000 !
b11011000 1
b11011000 7
b11011000 <
0:
b11011000 (
b111011011011000 ;
0'
1#
#29140
0#
#29150
1N
b10011111110001 !
b10011111110001 1
b111011011011000 7
b111011011011000 <
b100001000110000 5
b100001000110000 F
b111011011 4
b111011011 K
b1010110110000011 2
b1010110110000011 U
1'
b1111101001100110 $
b1111101001100110 -
b1111101001100110 8
b1111101001100110 =
b1111101001100110 B
b1111101001100110 G
b1111101001100110 L
b1111101001100110 Q
b1111101001100110 V
b1111101001100110 [
b1111101001100110 )
b111 "
b111 ,
b111 *
b0 &
b0 .
b0 9
b0 C
b0 H
b0 R
b0 +
1#
#29160
0#
#29170
b1111101001100110 !
b1111101001100110 1
b1111101001100110 3
b1111101001100110 P
0N
b1111101001100110 (
b1111101001100110 O
0'
1#
#29180
0#
#29190
b100001000110000 !
b100001000110000 1
1D
1'
b1100111011101000 $
b1100111011101000 -
b1100111011101000 8
b1100111011101000 =
b1100111011101000 B
b1100111011101000 G
b1100111011101000 L
b1100111011101000 Q
b1100111011101000 V
b1100111011101000 [
b1100111011101000 )
b1 "
b1 ,
b1 *
b11 &
b11 .
b11 9
b11 C
b11 H
b11 R
b11 +
1#
#29200
0#
#29210
b1100111011101000 !
b1100111011101000 1
b1100111011101000 5
b1100111011101000 F
0D
b1100111011101000 (
b1100111011101000 E
0'
1#
#29220
0#
#29230
b1100001010101100 !
b1100001010101100 1
1?
1'
b1100001111110011 $
b1100001111110011 -
b1100001111110011 8
b1100001111110011 =
b1100001111110011 B
b1100001111110011 G
b1100001111110011 L
b1100001111110011 Q
b1100001111110011 V
b1100001111110011 [
b1100001111110011 )
b101 "
b101 ,
b101 *
b0 &
b0 .
b0 9
b0 C
b0 H
b0 R
b0 +
1#
#29240
0#
#29250
b1100001111110011 !
b1100001111110011 1
b1100001111110011 6
b1100001111110011 A
0?
b1100001111110011 (
b1100001111110011 @
0'
1#
#29260
0#
#29270
b1100111011101000 !
b1100111011101000 1
1D
1'
b101011001011100 $
b101011001011100 -
b101011001011100 8
b101011001011100 =
b101011001011100 B
b101011001011100 G
b101011001011100 L
b101011001011100 Q
b101011001011100 V
b101011001011100 [
b101011001011100 )
b1 "
b1 ,
b1 *
1#
#29280
0#
#29290
b101011001011100 !
b101011001011100 1
b101011001011100 5
b101011001011100 F
0D
b101011001011100 (
b101011001011100 E
0'
1#
#29300
0#
#29310
b101100110000000 !
b101100110000000 1
1X
1'
b100001011100110 $
b100001011100110 -
b100001011100110 8
b100001011100110 =
b100001011100110 B
b100001011100110 G
b100001011100110 L
b100001011100110 Q
b100001011100110 V
b100001011100110 [
b100001011100110 )
b110 "
b110 ,
b110 *
1#
#29320
0#
#29330
b100001011100110 !
b100001011100110 1
b100001011100110 0
b100001011100110 Y
0X
b100001011100110 (
b100001011100110 Z
0'
1#
#29340
0#
#29350
b11011011 !
b11011011 1
1I
b11011000 7
b11011000 <
b1011100 5
b1011100 F
b11011011 4
b11011011 K
b10000011 2
b10000011 U
1'
b1000111000111100 $
b1000111000111100 -
b1000111000111100 8
b1000111000111100 =
b1000111000111100 B
b1000111000111100 G
b1000111000111100 L
b1000111000111100 Q
b1000111000111100 V
b1000111000111100 [
b1000111000111100 )
b10 "
b10 ,
b10 *
b1 &
b1 .
b1 9
b1 C
b1 H
b1 R
b1 +
1#
#29360
0#
#29370
b111100 !
b111100 1
b111100 4
b111100 K
0I
b111100 (
b100111100 J
0'
1#
#29380
0#
#29390
b1011100 !
b1011100 1
1D
1'
b10101 $
b10101 -
b10101 8
b10101 =
b10101 B
b10101 G
b10101 L
b10101 Q
b10101 V
b10101 [
b10101 )
b1 "
b1 ,
b1 *
1#
#29400
0#
#29410
b10101 !
b10101 1
b10101 5
b10101 F
0D
b10101 (
b101011000010101 E
0'
1#
#29420
0#
#29430
1:
b111011011011000 !
b111011011011000 1
b111011011011000 7
b111011011011000 <
b101011000010101 5
b101011000010101 F
b100111100 4
b100111100 K
b1010110110000011 2
b1010110110000011 U
1'
b11001100101010 $
b11001100101010 -
b11001100101010 8
b11001100101010 =
b11001100101010 B
b11001100101010 G
b11001100101010 L
b11001100101010 Q
b11001100101010 V
b11001100101010 [
b11001100101010 )
b0 "
b0 ,
b0 *
b11 &
b11 .
b11 9
b11 C
b11 H
b11 R
b11 +
1#
#29440
0#
#29450
b11001100101010 !
b11001100101010 1
b11001100101010 7
b11001100101010 <
0:
b11001100101010 (
b11001100101010 ;
0'
1#
#29460
0#
#29470
1I
b100000000 !
b100000000 1
b11001100000000 7
b11001100000000 <
b101011000000000 5
b101011000000000 F
b100000000 4
b100000000 K
b1010110100000000 2
b1010110100000000 U
1'
b1111111100010010 $
b1111111100010010 -
b1111111100010010 8
b1111111100010010 =
b1111111100010010 B
b1111111100010010 G
b1111111100010010 L
b1111111100010010 Q
b1111111100010010 V
b1111111100010010 [
b1111111100010010 )
b10 "
b10 ,
b10 *
b10 &
b10 .
b10 9
b10 C
b10 H
b10 R
b10 +
1#
#29480
0#
#29490
b1111111100000000 !
b1111111100000000 1
b1111111100000000 4
b1111111100000000 K
0I
b1111111100000000 (
b1111111100111100 J
0'
1#
#29500
0#
#29510
b10111100110010 !
b10111100110010 1
1\
b11001100101010 7
b11001100101010 <
b101011000010101 5
b101011000010101 F
b1111111100111100 4
b1111111100111100 K
b1010110110000011 2
b1010110110000011 U
1'
b11000110110101 $
b11000110110101 -
b11000110110101 8
b11000110110101 =
b11000110110101 B
b11000110110101 G
b11000110110101 L
b11000110110101 Q
b11000110110101 V
b11000110110101 [
b11000110110101 )
b100 "
b100 ,
b100 *
b11 &
b11 .
b11 9
b11 C
b11 H
b11 R
b11 +
1#
#29520
0#
#29530
b11000110110101 !
b11000110110101 1
b11000110110101 /
b11000110110101 ]
0\
b11000110110101 (
b11000110110101 ^
0'
1#
#29540
0#
#29550
b10101 !
b10101 1
1D
b101010 7
b101010 <
b10101 5
b10101 F
b111100 4
b111100 K
b10000011 2
b10000011 U
1'
b1101010011010011 $
b1101010011010011 -
b1101010011010011 8
b1101010011010011 =
b1101010011010011 B
b1101010011010011 G
b1101010011010011 L
b1101010011010011 Q
b1101010011010011 V
b1101010011010011 [
b1101010011010011 )
b1 "
b1 ,
b1 *
b1 &
b1 .
b1 9
b1 C
b1 H
b1 R
b1 +
1#
#29560
0#
#29570
b11010011 !
b11010011 1
b11010011 5
b11010011 F
0D
b11010011 (
b101011011010011 E
0'
1#
#29580
0#
#29590
b1111111100111100 !
b1111111100111100 1
1I
b11001100101010 7
b11001100101010 <
b101011011010011 5
b101011011010011 F
b1111111100111100 4
b1111111100111100 K
b1010110110000011 2
b1010110110000011 U
1'
b11111110101000 $
b11111110101000 -
b11111110101000 8
b11111110101000 =
b11111110101000 B
b11111110101000 G
b11111110101000 L
b11111110101000 Q
b11111110101000 V
b11111110101000 [
b11111110101000 )
b10 "
b10 ,
b10 *
b11 &
b11 .
b11 9
b11 C
b11 H
b11 R
b11 +
1#
#29600
0#
#29610
b11111110101000 !
b11111110101000 1
b11111110101000 4
b11111110101000 K
0I
b11111110101000 (
b11111110101000 J
0'
1#
#29620
0#
#29630
b11000110110101 !
b11000110110101 1
1\
1'
b1101111010001100 $
b1101111010001100 -
b1101111010001100 8
b1101111010001100 =
b1101111010001100 B
b1101111010001100 G
b1101111010001100 L
b1101111010001100 Q
b1101111010001100 V
b1101111010001100 [
b1101111010001100 )
b100 "
b100 ,
b100 *
b0 &
b0 .
b0 9
b0 C
b0 H
b0 R
b0 +
1#
#29640
0#
#29650
b1101111010001100 !
b1101111010001100 1
b1101111010001100 /
b1101111010001100 ]
0\
b1101111010001100 (
b1101111010001100 ^
0'
1#
#29660
0#
#29670
b1010110100000000 !
b1010110100000000 1
1S
b11001100000000 7
b11001100000000 <
b101011000000000 5
b101011000000000 F
b11111100000000 4
b11111100000000 K
b1010110100000000 2
b1010110100000000 U
1'
b111111000110100 $
b111111000110100 -
b111111000110100 8
b111111000110100 =
b111111000110100 B
b111111000110100 G
b111111000110100 L
b111111000110100 Q
b111111000110100 V
b111111000110100 [
b111111000110100 )
b11 "
b11 ,
b11 *
b10 &
b10 .
b10 9
b10 C
b10 H
b10 R
b10 +
1#
#29680
0#
#29690
b111111000000000 !
b111111000000000 1
b111111000000000 2
b111111000000000 U
0S
b111111000000000 (
b111111010000011 T
0'
1#
#29700
0#
#29710
b1111101001100110 !
b1111101001100110 1
1N
b11001100101010 7
b11001100101010 <
b101011011010011 5
b101011011010011 F
b11111110101000 4
b11111110101000 K
b111111010000011 2
b111111010000011 U
1'
b101000001101001 $
b101000001101001 -
b101000001101001 8
b101000001101001 =
b101000001101001 B
b101000001101001 G
b101000001101001 L
b101000001101001 Q
b101000001101001 V
b101000001101001 [
b101000001101001 )
b111 "
b111 ,
b111 *
b11 &
b11 .
b11 9
b11 C
b11 H
b11 R
b11 +
1#
#29720
0#
#29730
b101000001101001 !
b101000001101001 1
b101000001101001 3
b101000001101001 P
0N
b101000001101001 (
b101000001101001 O
0'
1#
#29740
0#
#29750
b101011011010011 !
b101011011010011 1
1D
1'
b1110001111001 $
b1110001111001 -
b1110001111001 8
b1110001111001 =
b1110001111001 B
b1110001111001 G
b1110001111001 L
b1110001111001 Q
b1110001111001 V
b1110001111001 [
b1110001111001 )
b1 "
b1 ,
b1 *
b0 &
b0 .
b0 9
b0 C
b0 H
b0 R
b0 +
1#
#29760
0#
#29770
b1110001111001 !
b1110001111001 1
b1110001111001 5
b1110001111001 F
0D
b1110001111001 (
b1110001111001 E
0'
1#
#29780
0#
#29790
b1101111010001100 !
b1101111010001100 1
1\
b11001100000000 7
b11001100000000 <
b1110000000000 5
b1110000000000 F
b11111100000000 4
b11111100000000 K
b111111000000000 2
b111111000000000 U
1'
b101100011010101 $
b101100011010101 -
b101100011010101 8
b101100011010101 =
b101100011010101 B
b101100011010101 G
b101100011010101 L
b101100011010101 Q
b101100011010101 V
b101100011010101 [
b101100011010101 )
b100 "
b100 ,
b100 *
b10 &
b10 .
b10 9
b10 C
b10 H
b10 R
b10 +
1#
#29800
0#
#29810
b101100011010101 !
b101100011010101 1
b101100011010101 /
b101100011010101 ]
0\
b101100011010101 (
b101100011010101 ^
0'
1#
#29820
0#
#29830
b100001011100110 !
b100001011100110 1
1X
b11001100101010 7
b11001100101010 <
b1110001111001 5
b1110001111001 F
b11111110101000 4
b11111110101000 K
b111111010000011 2
b111111010000011 U
1'
b1111011111001111 $
b1111011111001111 -
b1111011111001111 8
b1111011111001111 =
b1111011111001111 B
b1111011111001111 G
b1111011111001111 L
b1111011111001111 Q
b1111011111001111 V
b1111011111001111 [
b1111011111001111 )
b110 "
b110 ,
b110 *
b0 &
b0 .
b0 9
b0 C
b0 H
b0 R
b0 +
1#
#29840
0#
#29850
b1111011111001111 !
b1111011111001111 1
b1111011111001111 0
b1111011111001111 Y
0X
b1111011111001111 (
b1111011111001111 Z
0'
1#
#29860
0#
#29870
b1110000000000 !
b1110000000000 1
1D
b11001100000000 7
b11001100000000 <
b1110000000000 5
b1110000000000 F
b11111100000000 4
b11111100000000 K
b111111000000000 2
b111111000000000 U
1'
b100011110011010 $
b100011110011010 -
b100011110011010 8
b100011110011010 =
b100011110011010 B
b100011110011010 G
b100011110011010 L
b100011110011010 Q
b100011110011010 V
b100011110011010 [
b100011110011010 )
b1 "
b1 ,
b1 *
b10 &
b10 .
b10 9
b10 C
b10 H
b10 R
b10 +
1#
#29880
0#
#29890
b100011100000000 !
b100011100000000 1
b100011100000000 5
b100011100000000 F
0D
b100011100000000 (
b100011101111001 E
0'
1#
#29900
0#
#29910
b101100011010101 !
b101100011010101 1
1\
b11001100101010 7
b11001100101010 <
b100011101111001 5
b100011101111001 F
b11111110101000 4
b11111110101000 K
b111111010000011 2
b111111010000011 U
1'
b11001100000111 $
b11001100000111 -
b11001100000111 8
b11001100000111 =
b11001100000111 B
b11001100000111 G
b11001100000111 L
b11001100000111 Q
b11001100000111 V
b11001100000111 [
b11001100000111 )
b100 "
b100 ,
b100 *
b0 &
b0 .
b0 9
b0 C
b0 H
b0 R
b0 +
1#
#29920
0#
#29930
b11001100000111 !
b11001100000111 1
b11001100000111 /
b11001100000111 ]
0\
b11001100000111 (
b11001100000111 ^
0'
1#
#29940
0#
#29950
b1111011111001111 !
b1111011111001111 1
1X
1'
b1010001111011010 $
b1010001111011010 -
b1010001111011010 8
b1010001111011010 =
b1010001111011010 B
b1010001111011010 G
b1010001111011010 L
b1010001111011010 Q
b1010001111011010 V
b1010001111011010 [
b1010001111011010 )
b110 "
b110 ,
b110 *
1#
#29960
0#
#29970
b1010001111011010 !
b1010001111011010 1
b1010001111011010 0
b1010001111011010 Y
0X
b1010001111011010 (
b1010001111011010 Z
0'
1#
#29980
0#
#29990
b101000001101001 !
b101000001101001 1
1N
b11001100000000 7
b11001100000000 <
b100011100000000 5
b100011100000000 F
b11111100000000 4
b11111100000000 K
b111111000000000 2
b111111000000000 U
1'
b1110000101100101 $
b1110000101100101 -
b1110000101100101 8
b1110000101100101 =
b1110000101100101 B
b1110000101100101 G
b1110000101100101 L
b1110000101100101 Q
b1110000101100101 V
b1110000101100101 [
b1110000101100101 )
b111 "
b111 ,
b111 *
b10 &
b10 .
b10 9
b10 C
b10 H
b10 R
b10 +
1#
#30000
0#
#30010
b1110000101100101 !
b1110000101100101 1
b1110000101100101 3
b1110000101100101 P
0N
b1110000101100101 (
b1110000101100101 O
0'
1#
#30020
0#
#30030
b1100001111110011 !
b1100001111110011 1
1?
b11001100101010 7
b11001100101010 <
b100011101111001 5
b100011101111001 F
b11111110101000 4
b11111110101000 K
b111111010000011 2
b111111010000011 U
1'
b100111111100110 $
b100111111100110 -
b100111111100110 8
b100111111100110 =
b100111111100110 B
b100111111100110 G
b100111111100110 L
b100111111100110 Q
b100111111100110 V
b100111111100110 [
b100111111100110 )
b101 "
b101 ,
b101 *
b0 &
b0 .
b0 9
b0 C
b0 H
b0 R
b0 +
1#
#30040
0#
#30050
b100111111100110 !
b100111111100110 1
b100111111100110 6
b100111111100110 A
0?
b100111111100110 (
b100111111100110 @
0'
1#
#30060
0#
#30070
1:
b11001100101010 !
b11001100101010 1
1'
b1010001101101100 $
b1010001101101100 -
b1010001101101100 8
b1010001101101100 =
b1010001101101100 B
b1010001101101100 G
b1010001101101100 L
b1010001101101100 Q
b1010001101101100 V
b1010001101101100 [
b1010001101101100 )
b0 "
b0 ,
b0 *
1#
#30080
0#
#30090
b1010001101101100 !
b1010001101101100 1
b1010001101101100 7
b1010001101101100 <
0:
b1010001101101100 (
b1010001101101100 ;
0'
1#
#30100
0#
#30110
1\
b11001100000111 !
b11001100000111 1
b1101100 7
b1101100 <
b1111001 5
b1111001 F
b10101000 4
b10101000 K
b10000011 2
b10000011 U
1'
b1010110111000001 $
b1010110111000001 -
b1010110111000001 8
b1010110111000001 =
b1010110111000001 B
b1010110111000001 G
b1010110111000001 L
b1010110111000001 Q
b1010110111000001 V
b1010110111000001 [
b1010110111000001 )
b100 "
b100 ,
b100 *
b1 &
b1 .
b1 9
b1 C
b1 H
b1 R
b1 +
1#
#30120
0#
#30130
b1010110111000001 !
b1010110111000001 1
b1010110111000001 /
b1010110111000001 ]
0\
b1010110111000001 (
b1010110111000001 ^
0'
1#
#30140
0#
#30150
1:
b1010001101101100 !
b1010001101101100 1
b1010001101101100 7
b1010001101101100 <
b100011101111001 5
b100011101111001 F
b11111110101000 4
b11111110101000 K
b111111010000011 2
b111111010000011 U
1'
b11111010001010 $
b11111010001010 -
b11111010001010 8
b11111010001010 =
b11111010001010 B
b11111010001010 G
b11111010001010 L
b11111010001010 Q
b11111010001010 V
b11111010001010 [
b11111010001010 )
b0 "
b0 ,
b0 *
b0 &
b0 .
b0 9
b0 C
b0 H
b0 R
b0 +
1#
#30160
0#
#30170
b11111010001010 !
b11111010001010 1
b11111010001010 7
b11111010001010 <
0:
b11111010001010 (
b11111010001010 ;
0'
1#
#30180
0#
#30190
1I
b11111110101000 !
b11111110101000 1
1'
b1011100000010110 $
b1011100000010110 -
b1011100000010110 8
b1011100000010110 =
b1011100000010110 B
b1011100000010110 G
b1011100000010110 L
b1011100000010110 Q
b1011100000010110 V
b1011100000010110 [
b1011100000010110 )
b10 "
b10 ,
b10 *
1#
#30200
0#
#30210
b1011100000010110 !
b1011100000010110 1
b1011100000010110 4
b1011100000010110 K
0I
b1011100000010110 (
b1011100000010110 J
0'
1#
#30220
0#
#30230
b1010110111000001 !
b1010110111000001 1
1\
1'
b101000011111000 $
b101000011111000 -
b101000011111000 8
b101000011111000 =
b101000011111000 B
b101000011111000 G
b101000011111000 L
b101000011111000 Q
b101000011111000 V
b101000011111000 [
b101000011111000 )
b100 "
b100 ,
b100 *
b11 &
b11 .
b11 9
b11 C
b11 H
b11 R
b11 +
1#
#30240
0#
#30250
b101000011111000 !
b101000011111000 1
b101000011111000 /
b101000011111000 ]
0\
b101000011111000 (
b101000011111000 ^
0'
1#
#30260
0#
#30270
b1010001111011010 !
b1010001111011010 1
1X
b11111000000000 7
b11111000000000 <
b100011100000000 5
b100011100000000 F
b1011100000000000 4
b1011100000000000 K
b111111000000000 2
b111111000000000 U
1'
b10110011101111 $
b10110011101111 -
b10110011101111 8
b10110011101111 =
b10110011101111 B
b10110011101111 G
b10110011101111 L
b10110011101111 Q
b10110011101111 V
b10110011101111 [
b10110011101111 )
b110 "
b110 ,
b110 *
b10 &
b10 .
b10 9
b10 C
b10 H
b10 R
b10 +
1#
#30280
0#
#30290
b10110011101111 !
b10110011101111 1
b10110011101111 0
b10110011101111 Y
0X
b10110011101111 (
b10110011101111 Z
0'
1#
#30300
0#
#30310
b10000011 !
b10000011 1
1S
b10001010 7
b10001010 <
b1111001 5
b1111001 F
b10110 4
b10110 K
b10000011 2
b10000011 U
1'
b1101011011001001 $
b1101011011001001 -
b1101011011001001 8
b1101011011001001 =
b1101011011001001 B
b1101011011001001 G
b1101011011001001 L
b1101011011001001 Q
b1101011011001001 V
b1101011011001001 [
b1101011011001001 )
b11 "
b11 ,
b11 *
b1 &
b1 .
b1 9
b1 C
b1 H
b1 R
b1 +
1#
#30320
0#
#30330
b11001001 !
b11001001 1
b11001001 2
b11001001 U
0S
b11001001 (
b111111011001001 T
0'
1#
#30340
0#
#30350
b101000011111000 !
b101000011111000 1
1\
b11111010001010 7
b11111010001010 <
b100011101111001 5
b100011101111001 F
b1011100000010110 4
b1011100000010110 K
b111111011001001 2
b111111011001001 U
1'
b1001101010110010 $
b1001101010110010 -
b1001101010110010 8
b1001101010110010 =
b1001101010110010 B
b1001101010110010 G
b1001101010110010 L
b1001101010110010 Q
b1001101010110010 V
b1001101010110010 [
b1001101010110010 )
b100 "
b100 ,
b100 *
b0 &
b0 .
b0 9
b0 C
b0 H
b0 R
b0 +
1#
#30360
0#
#30370
b1001101010110010 !
b1001101010110010 1
b1001101010110010 /
b1001101010110010 ]
0\
b1001101010110010 (
b1001101010110010 ^
0'
1#
#30380
0#
#30390
1:
b11111010001010 !
b11111010001010 1
1'
b1110000000110011 $
b1110000000110011 -
b1110000000110011 8
b1110000000110011 =
b1110000000110011 B
b1110000000110011 G
b1110000000110011 L
b1110000000110011 Q
b1110000000110011 V
b1110000000110011 [
b1110000000110011 )
b0 "
b0 ,
b0 *
b11 &
b11 .
b11 9
b11 C
b11 H
b11 R
b11 +
1#
#30400
0#
#30410
b1110000000110011 !
b1110000000110011 1
b1110000000110011 7
b1110000000110011 <
0:
b1110000000110011 (
b1110000000110011 ;
0'
1#
#30420
0#
#30430
1?
b100111111100110 !
b100111111100110 1
b1110000000000000 7
b1110000000000000 <
b100011100000000 5
b100011100000000 F
b1011100000000000 4
b1011100000000000 K
b111111000000000 2
b111111000000000 U
1'
b1001010010101100 $
b1001010010101100 -
b1001010010101100 8
b1001010010101100 =
b1001010010101100 B
b1001010010101100 G
b1001010010101100 L
b1001010010101100 Q
b1001010010101100 V
b1001010010101100 [
b1001010010101100 )
b101 "
b101 ,
b101 *
b10 &
b10 .
b10 9
b10 C
b10 H
b10 R
b10 +
1#
#30440
0#
#30450
b1001010010101100 !
b1001010010101100 1
b1001010010101100 6
b1001010010101100 A
0?
b1001010010101100 (
b1001010010101100 @
0'
1#
#30460
0#
#30470
1?
1'
b10101011000110 $
b10101011000110 -
b10101011000110 8
b10101011000110 =
b10101011000110 B
b10101011000110 G
b10101011000110 L
b10101011000110 Q
b10101011000110 V
b10101011000110 [
b10101011000110 )
1#
#30480
0#
#30490
b10101011000110 !
b10101011000110 1
b10101011000110 6
b10101011000110 A
0?
b10101011000110 (
b10101011000110 @
0'
1#
#30500
0#
#30510
b10110011101111 !
b10110011101111 1
1X
b110011 7
b110011 <
b1111001 5
b1111001 F
b10110 4
b10110 K
b11001001 2
b11001001 U
1'
b1100100110100100 $
b1100100110100100 -
b1100100110100100 8
b1100100110100100 =
b1100100110100100 B
b1100100110100100 G
b1100100110100100 L
b1100100110100100 Q
b1100100110100100 V
b1100100110100100 [
b1100100110100100 )
b110 "
b110 ,
b110 *
b1 &
b1 .
b1 9
b1 C
b1 H
b1 R
b1 +
1#
#30520
0#
#30530
b1100100110100100 !
b1100100110100100 1
b1100100110100100 0
b1100100110100100 Y
0X
b1100100110100100 (
b1100100110100100 Z
0'
1#
#30540
0#
#30550
b111111000000000 !
b111111000000000 1
1S
b1110000000000000 7
b1110000000000000 <
b100011100000000 5
b100011100000000 F
b1011100000000000 4
b1011100000000000 K
b111111000000000 2
b111111000000000 U
1'
b1011100010001000 $
b1011100010001000 -
b1011100010001000 8
b1011100010001000 =
b1011100010001000 B
b1011100010001000 G
b1011100010001000 L
b1011100010001000 Q
b1011100010001000 V
b1011100010001000 [
b1011100010001000 )
b11 "
b11 ,
b11 *
b10 &
b10 .
b10 9
b10 C
b10 H
b10 R
b10 +
1#
#30560
0#
#30570
b1011100000000000 !
b1011100000000000 1
b1011100000000000 2
b1011100000000000 U
0S
b1011100000000000 (
b1011100011001001 T
0'
1#
#30580
0#
#30590
1:
b1110000000110011 !
b1110000000110011 1
b1110000000110011 7
b1110000000110011 <
b100011101111001 5
b100011101111001 F
b1011100000010110 4
b1011100000010110 K
b1011100011001001 2
b1011100011001001 U
1'
b1110001000000 $
b1110001000000 -
b1110001000000 8
b1110001000000 =
b1110001000000 B
b1110001000000 G
b1110001000000 L
b1110001000000 Q
b1110001000000 V
b1110001000000 [
b1110001000000 )
b0 "
b0 ,
b0 *
b11 &
b11 .
b11 9
b11 C
b11 H
b11 R
b11 +
1#
#30600
0#
#30610
b1110001000000 !
b1110001000000 1
b1110001000000 7
b1110001000000 <
0:
b1110001000000 (
b1110001000000 ;
0'
1#
#30620
0#
#30630
1?
b10101011000110 !
b10101011000110 1
1'
b1000000101001101 $
b1000000101001101 -
b1000000101001101 8
b1000000101001101 =
b1000000101001101 B
b1000000101001101 G
b1000000101001101 L
b1000000101001101 Q
b1000000101001101 V
b1000000101001101 [
b1000000101001101 )
b101 "
b101 ,
b101 *
1#
#30640
0#
#30650
b1000000101001101 !
b1000000101001101 1
b1000000101001101 6
b1000000101001101 A
0?
b1000000101001101 (
b1000000101001101 @
0'
1#
#30660
0#
#30670
1?
b1000000 7
b1000000 <
b1111001 5
b1111001 F
b10110 4
b10110 K
b11001001 2
b11001001 U
1'
b1101011110011100 $
b1101011110011100 -
b1101011110011100 8
b1101011110011100 =
b1101011110011100 B
b1101011110011100 G
b1101011110011100 L
b1101011110011100 Q
b1101011110011100 V
b1101011110011100 [
b1101011110011100 )
b1 &
b1 .
b1 9
b1 C
b1 H
b1 R
b1 +
1#
#30680
0#
#30690
b1101011110011100 !
b1101011110011100 1
b1101011110011100 6
b1101011110011100 A
0?
b1101011110011100 (
b1101011110011100 @
0'
1#
#30700
0#
#30710
b1001101010110010 !
b1001101010110010 1
1\
b1110000000000 7
b1110000000000 <
b100011100000000 5
b100011100000000 F
b1011100000000000 4
b1011100000000000 K
b1011100000000000 2
b1011100000000000 U
1'
b1111110101110010 $
b1111110101110010 -
b1111110101110010 8
b1111110101110010 =
b1111110101110010 B
b1111110101110010 G
b1111110101110010 L
b1111110101110010 Q
b1111110101110010 V
b1111110101110010 [
b1111110101110010 )
b100 "
b100 ,
b100 *
b10 &
b10 .
b10 9
b10 C
b10 H
b10 R
b10 +
1#
#30720
0#
#30730
b1111110101110010 !
b1111110101110010 1
b1111110101110010 /
b1111110101110010 ]
0\
b1111110101110010 (
b1111110101110010 ^
0'
1#
#30740
0#
#30750
b1101011110011100 !
b1101011110011100 1
1?
b1110001000000 7
b1110001000000 <
b100011101111001 5
b100011101111001 F
b1011100000010110 4
b1011100000010110 K
b1011100011001001 2
b1011100011001001 U
1'
b1011011000001100 $
b1011011000001100 -
b1011011000001100 8
b1011011000001100 =
b1011011000001100 B
b1011011000001100 G
b1011011000001100 L
b1011011000001100 Q
b1011011000001100 V
b1011011000001100 [
b1011011000001100 )
b101 "
b101 ,
b101 *
b11 &
b11 .
b11 9
b11 C
b11 H
b11 R
b11 +
1#
#30760
0#
#30770
b1011011000001100 !
b1011011000001100 1
b1011011000001100 6
b1011011000001100 A
0?
b1011011000001100 (
b1011011000001100 @
0'
1#
#30780
0#
#30790
b1011100011001001 !
b1011100011001001 1
1S
1'
b1101100111001111 $
b1101100111001111 -
b1101100111001111 8
b1101100111001111 =
b1101100111001111 B
b1101100111001111 G
b1101100111001111 L
b1101100111001111 Q
b1101100111001111 V
b1101100111001111 [
b1101100111001111 )
b11 "
b11 ,
b11 *
1#
#30800
0#
#30810
b1101100111001111 !
b1101100111001111 1
b1101100111001111 2
b1101100111001111 U
0S
b1101100111001111 (
b1101100111001111 T
0'
1#
#30820
0#
#30830
b100011101111001 !
b100011101111001 1
1D
1'
b1100101100011 $
b1100101100011 -
b1100101100011 8
b1100101100011 =
b1100101100011 B
b1100101100011 G
b1100101100011 L
b1100101100011 Q
b1100101100011 V
b1100101100011 [
b1100101100011 )
b1 "
b1 ,
b1 *
b0 &
b0 .
b0 9
b0 C
b0 H
b0 R
b0 +
1#
#30840
0#
#30850
b1100101100011 !
b1100101100011 1
b1100101100011 5
b1100101100011 F
0D
b1100101100011 (
b1100101100011 E
0'
1#
#30860
0#
#30870
b1111110101110010 !
b1111110101110010 1
1\
b1000000 7
b1000000 <
b1100011 5
b1100011 F
b10110 4
b10110 K
b11001111 2
b11001111 U
1'
b1000111001110010 $
b1000111001110010 -
b1000111001110010 8
b1000111001110010 =
b1000111001110010 B
b1000111001110010 G
b1000111001110010 L
b1000111001110010 Q
b1000111001110010 V
b1000111001110010 [
b1000111001110010 )
b100 "
b100 ,
b100 *
b1 &
b1 .
b1 9
b1 C
b1 H
b1 R
b1 +
1#
#30880
0#
#30890
b1000111001110010 !
b1000111001110010 1
b1000111001110010 /
b1000111001110010 ]
0\
b1000111001110010 (
b1000111001110010 ^
0'
1#
#30900
0#
#30910
1\
b1110001000000 7
b1110001000000 <
b1100101100011 5
b1100101100011 F
b1011100000010110 4
b1011100000010110 K
b1101100111001111 2
b1101100111001111 U
1'
b1010101100100 $
b1010101100100 -
b1010101100100 8
b1010101100100 =
b1010101100100 B
b1010101100100 G
b1010101100100 L
b1010101100100 Q
b1010101100100 V
b1010101100100 [
b1010101100100 )
b0 &
b0 .
b0 9
b0 C
b0 H
b0 R
b0 +
1#
#30920
0#
#30930
b1010101100100 !
b1010101100100 1
b1010101100100 /
b1010101100100 ]
0\
b1010101100100 (
b1010101100100 ^
0'
1#
#30940
0#
#30950
b1011011000001100 !
b1011011000001100 1
1?
b1110000000000 7
b1110000000000 <
b1100100000000 5
b1100100000000 F
b1011100000000000 4
b1011100000000000 K
b1101100100000000 2
b1101100100000000 U
1'
b1111110101011100 $
b1111110101011100 -
b1111110101011100 8
b1111110101011100 =
b1111110101011100 B
b1111110101011100 G
b1111110101011100 L
b1111110101011100 Q
b1111110101011100 V
b1111110101011100 [
b1111110101011100 )
b101 "
b101 ,
b101 *
b10 &
b10 .
b10 9
b10 C
b10 H
b10 R
b10 +
1#
#30960
0#
#30970
b1111110101011100 !
b1111110101011100 1
b1111110101011100 6
b1111110101011100 A
0?
b1111110101011100 (
b1111110101011100 @
0'
1#
#30980
0#
#30990
b1100100000000 !
b1100100000000 1
1D
1'
b1010000011000111 $
b1010000011000111 -
b1010000011000111 8
b1010000011000111 =
b1010000011000111 B
b1010000011000111 G
b1010000011000111 L
b1010000011000111 Q
b1010000011000111 V
b1010000011000111 [
b1010000011000111 )
b1 "
b1 ,
b1 *
1#
#31000
0#
#31010
b1010000000000000 !
b1010000000000000 1
b1010000000000000 5
b1010000000000000 F
0D
b1010000000000000 (
b1010000001100011 E
0'
1#
#31020
0#
#31030
b11001111 !
b11001111 1
1S
b1000000 7
b1000000 <
b1100011 5
b1100011 F
b10110 4
b10110 K
b11001111 2
b11001111 U
1'
b1001010001001 $
b1001010001001 -
b1001010001001 8
b1001010001001 =
b1001010001001 B
b1001010001001 G
b1001010001001 L
b1001010001001 Q
b1001010001001 V
b1001010001001 [
b1001010001001 )
b11 "
b11 ,
b11 *
b1 &
b1 .
b1 9
b1 C
b1 H
b1 R
b1 +
1#
#31040
0#
#31050
b10001001 !
b10001001 1
b10001001 2
b10001001 U
0S
b10001001 (
b1101100110001001 T
0'
1#
#31060
0#
#31070
b1100011 !
b1100011 1
1D
1'
b1010110110110101 $
b1010110110110101 -
b1010110110110101 8
b1010110110110101 =
b1010110110110101 B
b1010110110110101 G
b1010110110110101 L
b1010110110110101 Q
b1010110110110101 V
b1010110110110101 [
b1010110110110101 )
b1 "
b1 ,
b1 *
1#
#31080
0#
#31090
b10110101 !
b10110101 1
b10110101 5
b10110101 F
0D
b10110101 (
b1010000010110101 E
0'
1#
#31100
0#
#31110
b1010000010110101 !
b1010000010110101 1
1D
b1110001000000 7
b1110001000000 <
b1010000010110101 5
b1010000010110101 F
b1011100000010110 4
b1011100000010110 K
b1101100110001001 2
b1101100110001001 U
1'
b110101010011011 $
b110101010011011 -
b110101010011011 8
b110101010011011 =
b110101010011011 B
b110101010011011 G
b110101010011011 L
b110101010011011 Q
b110101010011011 V
b110101010011011 [
b110101010011011 )
b11 &
b11 .
b11 9
b11 C
b11 H
b11 R
b11 +
1#
#31120
0#
#31130
b110101010011011 !
b110101010011011 1
b110101010011011 5
b110101010011011 F
0D
b110101010011011 (
b110101010011011 E
0'
1#
#31140
0#
#31150
1:
b1000000 !
b1000000 1
b1000000 7
b1000000 <
b10011011 5
b10011011 F
b10110 4
b10110 K
b10001001 2
b10001001 U
1'
b100011001001001 $
b100011001001001 -
b100011001001001 8
b100011001001001 =
b100011001001001 B
b100011001001001 G
b100011001001001 L
b100011001001001 Q
b100011001001001 V
b100011001001001 [
b100011001001001 )
b0 "
b0 ,
b0 *
b1 &
b1 .
b1 9
b1 C
b1 H
b1 R
b1 +
1#
#31160
0#
#31170
b1001001 !
b1001001 1
b1001001 7
b1001001 <
0:
b1001001 (
b1110001001001 ;
0'
1#
#31180
0#
#31190
1?
b1111110101011100 !
b1111110101011100 1
1'
b1110110110010100 $
b1110110110010100 -
b1110110110010100 8
b1110110110010100 =
b1110110110010100 B
b1110110110010100 G
b1110110110010100 L
b1110110110010100 Q
b1110110110010100 V
b1110110110010100 [
b1110110110010100 )
b101 "
b101 ,
b101 *
1#
#31200
0#
#31210
b1110110110010100 !
b1110110110010100 1
b1110110110010100 6
b1110110110010100 A
0?
b1110110110010100 (
b1110110110010100 @
0'
1#
#31220
0#
#31230
b1100100110100100 !
b1100100110100100 1
1X
b1110000000000 7
b1110000000000 <
b110101000000000 5
b110101000000000 F
b1011100000000000 4
b1011100000000000 K
b1101100100000000 2
b1101100100000000 U
1'
b1011001011000010 $
b1011001011000010 -
b1011001011000010 8
b1011001011000010 =
b1011001011000010 B
b1011001011000010 G
b1011001011000010 L
b1011001011000010 Q
b1011001011000010 V
b1011001011000010 [
b1011001011000010 )
b110 "
b110 ,
b110 *
b10 &
b10 .
b10 9
b10 C
b10 H
b10 R
b10 +
1#
#31240
0#
#31250
b1011001011000010 !
b1011001011000010 1
b1011001011000010 0
b1011001011000010 Y
0X
b1011001011000010 (
b1011001011000010 Z
0'
1#
#31260
0#
#31270
b1101100110001001 !
b1101100110001001 1
1S
b1110001001001 7
b1110001001001 <
b110101010011011 5
b110101010011011 F
b1011100000010110 4
b1011100000010110 K
b1101100110001001 2
b1101100110001001 U
1'
b110101011010010 $
b110101011010010 -
b110101011010010 8
b110101011010010 =
b110101011010010 B
b110101011010010 G
b110101011010010 L
b110101011010010 Q
b110101011010010 V
b110101011010010 [
b110101011010010 )
b11 "
b11 ,
b11 *
b0 &
b0 .
b0 9
b0 C
b0 H
b0 R
b0 +
1#
#31280
0#
#31290
b110101011010010 !
b110101011010010 1
b110101011010010 2
b110101011010010 U
0S
b110101011010010 (
b110101011010010 T
0'
1#
#31300
0#
#31310
1:
b1110001001001 !
b1110001001001 1
1'
b1001101000101011 $
b1001101000101011 -
b1001101000101011 8
b1001101000101011 =
b1001101000101011 B
b1001101000101011 G
b1001101000101011 L
b1001101000101011 Q
b1001101000101011 V
b1001101000101011 [
b1001101000101011 )
b0 "
b0 ,
b0 *
1#
#31320
0#
#31330
b1001101000101011 !
b1001101000101011 1
b1001101000101011 7
b1001101000101011 <
0:
b1001101000101011 (
b1001101000101011 ;
0'
1#
#31340
0#
#31350
1S
b110101011010010 !
b110101011010010 1
1'
b100001100111011 $
b100001100111011 -
b100001100111011 8
b100001100111011 =
b100001100111011 B
b100001100111011 G
b100001100111011 L
b100001100111011 Q
b100001100111011 V
b100001100111011 [
b100001100111011 )
b11 "
b11 ,
b11 *
1#
#31360
0#
#31370
b100001100111011 !
b100001100111011 1
b100001100111011 2
b100001100111011 U
0S
b100001100111011 (
b100001100111011 T
0'
1#
#31380
0#
#31390
1:
b1001101000101011 !
b1001101000101011 1
1'
b1101101110101 $
b1101101110101 -
b1101101110101 8
b1101101110101 =
b1101101110101 B
b1101101110101 G
b1101101110101 L
b1101101110101 Q
b1101101110101 V
b1101101110101 [
b1101101110101 )
b0 "
b0 ,
b0 *
b11 &
b11 .
b11 9
b11 C
b11 H
b11 R
b11 +
1#
#31400
0#
#31410
b1101101110101 !
b1101101110101 1
b1101101110101 7
b1101101110101 <
0:
b1101101110101 (
b1101101110101 ;
0'
1#
#31420
0#
#31430
1\
b1010101100100 !
b1010101100100 1
1'
b1111111101110010 $
b1111111101110010 -
b1111111101110010 8
b1111111101110010 =
b1111111101110010 B
b1111111101110010 G
b1111111101110010 L
b1111111101110010 Q
b1111111101110010 V
b1111111101110010 [
b1111111101110010 )
b100 "
b100 ,
b100 *
1#
#31440
0#
#31450
b1111111101110010 !
b1111111101110010 1
b1111111101110010 /
b1111111101110010 ]
0\
b1111111101110010 (
b1111111101110010 ^
0'
1#
#31460
0#
#31470
b1110110110010100 !
b1110110110010100 1
1?
b1101100000000 7
b1101100000000 <
b110101000000000 5
b110101000000000 F
b1011100000000000 4
b1011100000000000 K
b100001100000000 2
b100001100000000 U
1'
b1111001100011001 $
b1111001100011001 -
b1111001100011001 8
b1111001100011001 =
b1111001100011001 B
b1111001100011001 G
b1111001100011001 L
b1111001100011001 Q
b1111001100011001 V
b1111001100011001 [
b1111001100011001 )
b101 "
b101 ,
b101 *
b10 &
b10 .
b10 9
b10 C
b10 H
b10 R
b10 +
1#
#31480
0#
#31490
b1111001100011001 !
b1111001100011001 1
b1111001100011001 6
b1111001100011001 A
0?
b1111001100011001 (
b1111001100011001 @
0'
1#
#31500
0#
#31510
b1011001011000010 !
b1011001011000010 1
1X
b1110101 7
b1110101 <
b10011011 5
b10011011 F
b10110 4
b10110 K
b111011 2
b111011 U
1'
b1111011011001010 $
b1111011011001010 -
b1111011011001010 8
b1111011011001010 =
b1111011011001010 B
b1111011011001010 G
b1111011011001010 L
b1111011011001010 Q
b1111011011001010 V
b1111011011001010 [
b1111011011001010 )
b110 "
b110 ,
b110 *
b1 &
b1 .
b1 9
b1 C
b1 H
b1 R
b1 +
1#
#31520
0#
#31530
b1111011011001010 !
b1111011011001010 1
b1111011011001010 0
b1111011011001010 Y
0X
b1111011011001010 (
b1111011011001010 Z
0'
1#
#31540
0#
#31550
b1111001100011001 !
b1111001100011001 1
1?
b1101101110101 7
b1101101110101 <
b110101010011011 5
b110101010011011 F
b1011100000010110 4
b1011100000010110 K
b100001100111011 2
b100001100111011 U
1'
b1001100000011111 $
b1001100000011111 -
b1001100000011111 8
b1001100000011111 =
b1001100000011111 B
b1001100000011111 G
b1001100000011111 L
b1001100000011111 Q
b1001100000011111 V
b1001100000011111 [
b1001100000011111 )
b101 "
b101 ,
b101 *
b0 &
b0 .
b0 9
b0 C
b0 H
b0 R
b0 +
1#
#31560
0#
#31570
b1001100000011111 !
b1001100000011111 1
b1001100000011111 6
b1001100000011111 A
0?
b1001100000011111 (
b1001100000011111 @
0'
1#
#31580
0#
#31590
b1110000101100101 !
b1110000101100101 1
1N
b1110101 7
b1110101 <
b10011011 5
b10011011 F
b10110 4
b10110 K
b111011 2
b111011 U
1'
b1110110101001111 $
b1110110101001111 -
b1110110101001111 8
b1110110101001111 =
b1110110101001111 B
b1110110101001111 G
b1110110101001111 L
b1110110101001111 Q
b1110110101001111 V
b1110110101001111 [
b1110110101001111 )
b111 "
b111 ,
b111 *
b1 &
b1 .
b1 9
b1 C
b1 H
b1 R
b1 +
1#
#31600
0#
#31610
b1110110101001111 !
b1110110101001111 1
b1110110101001111 3
b1110110101001111 P
0N
b1110110101001111 (
b1110110101001111 O
0'
1#
#31620
0#
#31630
b1001100000011111 !
b1001100000011111 1
1?
b1101101110101 7
b1101101110101 <
b110101010011011 5
b110101010011011 F
b1011100000010110 4
b1011100000010110 K
b100001100111011 2
b100001100111011 U
1'
b110001111111100 $
b110001111111100 -
b110001111111100 8
b110001111111100 =
b110001111111100 B
b110001111111100 G
b110001111111100 L
b110001111111100 Q
b110001111111100 V
b110001111111100 [
b110001111111100 )
b101 "
b101 ,
b101 *
b0 &
b0 .
b0 9
b0 C
b0 H
b0 R
b0 +
1#
#31640
0#
#31650
b110001111111100 !
b110001111111100 1
b110001111111100 6
b110001111111100 A
0?
b110001111111100 (
b110001111111100 @
0'
1#
#31660
0#
#31670
b1111011011001010 !
b1111011011001010 1
1X
b1101100000000 7
b1101100000000 <
b110101000000000 5
b110101000000000 F
b1011100000000000 4
b1011100000000000 K
b100001100000000 2
b100001100000000 U
1'
b1010111010111001 $
b1010111010111001 -
b1010111010111001 8
b1010111010111001 =
b1010111010111001 B
b1010111010111001 G
b1010111010111001 L
b1010111010111001 Q
b1010111010111001 V
b1010111010111001 [
b1010111010111001 )
b110 "
b110 ,
b110 *
b10 &
b10 .
b10 9
b10 C
b10 H
b10 R
b10 +
1#
#31680
0#
#31690
b1010111010111001 !
b1010111010111001 1
b1010111010111001 0
b1010111010111001 Y
0X
b1010111010111001 (
b1010111010111001 Z
0'
1#
#31700
0#
#31710
b10110 !
b10110 1
1I
b1110101 7
b1110101 <
b10011011 5
b10011011 F
b10110 4
b10110 K
b111011 2
b111011 U
1'
b1010000010010100 $
b1010000010010100 -
b1010000010010100 8
b1010000010010100 =
b1010000010010100 B
b1010000010010100 G
b1010000010010100 L
b1010000010010100 Q
b1010000010010100 V
b1010000010010100 [
b1010000010010100 )
b10 "
b10 ,
b10 *
b1 &
b1 .
b1 9
b1 C
b1 H
b1 R
b1 +
1#
#31720
0#
#31730
b10010100 !
b10010100 1
b10010100 4
b10010100 K
0I
b10010100 (
b1011100010010100 J
0'
1#
#31740
0#
#31750
b100001100111011 !
b100001100111011 1
1S
b1101101110101 7
b1101101110101 <
b110101010011011 5
b110101010011011 F
b1011100010010100 4
b1011100010010100 K
b100001100111011 2
b100001100111011 U
1'
b1011011111101001 $
b1011011111101001 -
b1011011111101001 8
b1011011111101001 =
b1011011111101001 B
b1011011111101001 G
b1011011111101001 L
b1011011111101001 Q
b1011011111101001 V
b1011011111101001 [
b1011011111101001 )
b11 "
b11 ,
b11 *
b0 &
b0 .
b0 9
b0 C
b0 H
b0 R
b0 +
1#
#31760
0#
#31770
b1011011111101001 !
b1011011111101001 1
b1011011111101001 2
b1011011111101001 U
0S
b1011011111101001 (
b1011011111101001 T
0'
1#
#31780
0#
#31790
b1110110101001111 !
b1110110101001111 1
1N
1'
b1011111000111001 $
b1011111000111001 -
b1011111000111001 8
b1011111000111001 =
b1011111000111001 B
b1011111000111001 G
b1011111000111001 L
b1011111000111001 Q
b1011111000111001 V
b1011111000111001 [
b1011111000111001 )
b111 "
b111 ,
b111 *
1#
#31800
0#
#31810
b1011111000111001 !
b1011111000111001 1
b1011111000111001 3
b1011111000111001 P
0N
b1011111000111001 (
b1011111000111001 O
0'
1#
#31820
0#
#31830
b110001111111100 !
b110001111111100 1
1?
b1101100000000 7
b1101100000000 <
b110101000000000 5
b110101000000000 F
b1011100000000000 4
b1011100000000000 K
b1011011100000000 2
b1011011100000000 U
1'
b1100110000100101 $
b1100110000100101 -
b1100110000100101 8
b1100110000100101 =
b1100110000100101 B
b1100110000100101 G
b1100110000100101 L
b1100110000100101 Q
b1100110000100101 V
b1100110000100101 [
b1100110000100101 )
b101 "
b101 ,
b101 *
b10 &
b10 .
b10 9
b10 C
b10 H
b10 R
b10 +
1#
#31840
0#
#31850
b1100110000100101 !
b1100110000100101 1
b1100110000100101 6
b1100110000100101 A
0?
b1100110000100101 (
b1100110000100101 @
0'
1#
#31860
0#
#31870
b1011100010010100 !
b1011100010010100 1
1I
b1101101110101 7
b1101101110101 <
b110101010011011 5
b110101010011011 F
b1011100010010100 4
b1011100010010100 K
b1011011111101001 2
b1011011111101001 U
1'
b110011000001010 $
b110011000001010 -
b110011000001010 8
b110011000001010 =
b110011000001010 B
b110011000001010 G
b110011000001010 L
b110011000001010 Q
b110011000001010 V
b110011000001010 [
b110011000001010 )
b10 "
b10 ,
b10 *
b0 &
b0 .
b0 9
b0 C
b0 H
b0 R
b0 +
1#
#31880
0#
#31890
b110011000001010 !
b110011000001010 1
b110011000001010 4
b110011000001010 K
0I
b110011000001010 (
b110011000001010 J
0'
1#
#31900
0#
#31910
b1100110000100101 !
b1100110000100101 1
1?
1'
b1010001011100110 $
b1010001011100110 -
b1010001011100110 8
b1010001011100110 =
b1010001011100110 B
b1010001011100110 G
b1010001011100110 L
b1010001011100110 Q
b1010001011100110 V
b1010001011100110 [
b1010001011100110 )
b101 "
b101 ,
b101 *
1#
#31920
0#
#31930
b1010001011100110 !
b1010001011100110 1
b1010001011100110 6
b1010001011100110 A
0?
b1010001011100110 (
b1010001011100110 @
0'
1#
#31940
0#
#31950
1:
b1101100000000 !
b1101100000000 1
b1101100000000 7
b1101100000000 <
b110101000000000 5
b110101000000000 F
b110011000000000 4
b110011000000000 K
b1011011100000000 2
b1011011100000000 U
1'
b1001101011101101 $
b1001101011101101 -
b1001101011101101 8
b1001101011101101 =
b1001101011101101 B
b1001101011101101 G
b1001101011101101 L
b1001101011101101 Q
b1001101011101101 V
b1001101011101101 [
b1001101011101101 )
b0 "
b0 ,
b0 *
b10 &
b10 .
b10 9
b10 C
b10 H
b10 R
b10 +
1#
#31960
0#
#31970
b1001101000000000 !
b1001101000000000 1
b1001101000000000 7
b1001101000000000 <
0:
b1001101000000000 (
b1001101001110101 ;
0'
1#
#31980
0#
#31990
b1110101 !
b1110101 1
1:
b1110101 7
b1110101 <
b10011011 5
b10011011 F
b1010 4
b1010 K
b11101001 2
b11101001 U
1'
b111010000001011 $
b111010000001011 -
b111010000001011 8
b111010000001011 =
b111010000001011 B
b111010000001011 G
b111010000001011 L
b111010000001011 Q
b111010000001011 V
b111010000001011 [
b111010000001011 )
b1 &
b1 .
b1 9
b1 C
b1 H
b1 R
b1 +
1#
#32000
0#
#32010
b1011 !
b1011 1
b1011 7
b1011 <
0:
b1011 (
b1001101000001011 ;
0'
1#
#32020
0#
#32030
1X
b1010111010111001 !
b1010111010111001 1
b1001101000001011 7
b1001101000001011 <
b110101010011011 5
b110101010011011 F
b110011000001010 4
b110011000001010 K
b1011011111101001 2
b1011011111101001 U
1'
b1101110000101010 $
b1101110000101010 -
b1101110000101010 8
b1101110000101010 =
b1101110000101010 B
b1101110000101010 G
b1101110000101010 L
b1101110000101010 Q
b1101110000101010 V
b1101110000101010 [
b1101110000101010 )
b110 "
b110 ,
b110 *
b11 &
b11 .
b11 9
b11 C
b11 H
b11 R
b11 +
1#
#32040
0#
#32050
b1101110000101010 !
b1101110000101010 1
b1101110000101010 0
b1101110000101010 Y
0X
b1101110000101010 (
b1101110000101010 Z
0'
1#
#32060
0#
#32070
b10011011 !
b10011011 1
1D
b1011 7
b1011 <
b10011011 5
b10011011 F
b1010 4
b1010 K
b11101001 2
b11101001 U
1'
b1011000101000011 $
b1011000101000011 -
b1011000101000011 8
b1011000101000011 =
b1011000101000011 B
b1011000101000011 G
b1011000101000011 L
b1011000101000011 Q
b1011000101000011 V
b1011000101000011 [
b1011000101000011 )
b1 "
b1 ,
b1 *
b1 &
b1 .
b1 9
b1 C
b1 H
b1 R
b1 +
1#
#32080
0#
#32090
b1000011 !
b1000011 1
b1000011 5
b1000011 F
0D
b1000011 (
b110101001000011 E
0'
1#
#32100
0#
#32110
b1101110000101010 !
b1101110000101010 1
1X
b1001101000001011 7
b1001101000001011 <
b110101001000011 5
b110101001000011 F
b110011000001010 4
b110011000001010 K
b1011011111101001 2
b1011011111101001 U
1'
b100101101100011 $
b100101101100011 -
b100101101100011 8
b100101101100011 =
b100101101100011 B
b100101101100011 G
b100101101100011 L
b100101101100011 Q
b100101101100011 V
b100101101100011 [
b100101101100011 )
b110 "
b110 ,
b110 *
b0 &
b0 .
b0 9
b0 C
b0 H
b0 R
b0 +
1#
#32120
0#
#32130
b100101101100011 !
b100101101100011 1
b100101101100011 0
b100101101100011 Y
0X
b100101101100011 (
b100101101100011 Z
0'
1#
#32140
0#
#32150
1:
b1001101000001011 !
b1001101000001011 1
1'
b1000110110000101 $
b1000110110000101 -
b1000110110000101 8
b1000110110000101 =
b1000110110000101 B
b1000110110000101 G
b1000110110000101 L
b1000110110000101 Q
b1000110110000101 V
b1000110110000101 [
b1000110110000101 )
b0 "
b0 ,
b0 *
b11 &
b11 .
b11 9
b11 C
b11 H
b11 R
b11 +
1#
#32160
0#
#32170
b1000110110000101 !
b1000110110000101 1
b1000110110000101 7
b1000110110000101 <
0:
b1000110110000101 (
b1000110110000101 ;
0'
1#
#32180
0#
#32190
1\
b1111111101110010 !
b1111111101110010 1
b10000101 7
b10000101 <
b1000011 5
b1000011 F
b1010 4
b1010 K
b11101001 2
b11101001 U
1'
b1011101000101000 $
b1011101000101000 -
b1011101000101000 8
b1011101000101000 =
b1011101000101000 B
b1011101000101000 G
b1011101000101000 L
b1011101000101000 Q
b1011101000101000 V
b1011101000101000 [
b1011101000101000 )
b100 "
b100 ,
b100 *
b1 &
b1 .
b1 9
b1 C
b1 H
b1 R
b1 +
1#
#32200
0#
#32210
b1011101000101000 !
b1011101000101000 1
b1011101000101000 /
b1011101000101000 ]
0\
b1011101000101000 (
b1011101000101000 ^
0'
1#
#32220
0#
#32230
b1000011 !
b1000011 1
1D
1'
b1010101100101110 $
b1010101100101110 -
b1010101100101110 8
b1010101100101110 =
b1010101100101110 B
b1010101100101110 G
b1010101100101110 L
b1010101100101110 Q
b1010101100101110 V
b1010101100101110 [
b1010101100101110 )
b1 "
b1 ,
b1 *
1#
#32240
0#
#32250
b101110 !
b101110 1
b101110 5
b101110 F
0D
b101110 (
b110101000101110 E
0'
1#
#32260
0#
#32270
b110011000001010 !
b110011000001010 1
1I
b1000110110000101 7
b1000110110000101 <
b110101000101110 5
b110101000101110 F
b110011000001010 4
b110011000001010 K
b1011011111101001 2
b1011011111101001 U
1'
b1110000001011000 $
b1110000001011000 -
b1110000001011000 8
b1110000001011000 =
b1110000001011000 B
b1110000001011000 G
b1110000001011000 L
b1110000001011000 Q
b1110000001011000 V
b1110000001011000 [
b1110000001011000 )
b10 "
b10 ,
b10 *
b0 &
b0 .
b0 9
b0 C
b0 H
b0 R
b0 +
1#
#32280
0#
#32290
b1110000001011000 !
b1110000001011000 1
b1110000001011000 4
b1110000001011000 K
0I
b1110000001011000 (
b1110000001011000 J
0'
1#
#32300
0#
#32310
b100101101100011 !
b100101101100011 1
1X
b10000101 7
b10000101 <
b101110 5
b101110 F
b1011000 4
b1011000 K
b11101001 2
b11101001 U
1'
b1011011111011001 $
b1011011111011001 -
b1011011111011001 8
b1011011111011001 =
b1011011111011001 B
b1011011111011001 G
b1011011111011001 L
b1011011111011001 Q
b1011011111011001 V
b1011011111011001 [
b1011011111011001 )
b110 "
b110 ,
b110 *
b1 &
b1 .
b1 9
b1 C
b1 H
b1 R
b1 +
1#
#32320
0#
#32330
b1011011111011001 !
b1011011111011001 1
b1011011111011001 0
b1011011111011001 Y
0X
b1011011111011001 (
b1011011111011001 Z
0'
1#
#32340
0#
#32350
b1011101000101000 !
b1011101000101000 1
1\
1'
b111000001100011 $
b111000001100011 -
b111000001100011 8
b111000001100011 =
b111000001100011 B
b111000001100011 G
b111000001100011 L
b111000001100011 Q
b111000001100011 V
b111000001100011 [
b111000001100011 )
b100 "
b100 ,
b100 *
1#
#32360
0#
#32370
b111000001100011 !
b111000001100011 1
b111000001100011 /
b111000001100011 ]
0\
b111000001100011 (
b111000001100011 ^
0'
1#
#32380
0#
#32390
b1010001011100110 !
b1010001011100110 1
1?
b1000110100000000 7
b1000110100000000 <
b110101000000000 5
b110101000000000 F
b1110000000000000 4
b1110000000000000 K
b1011011100000000 2
b1011011100000000 U
1'
b111100110110 $
b111100110110 -
b111100110110 8
b111100110110 =
b111100110110 B
b111100110110 G
b111100110110 L
b111100110110 Q
b111100110110 V
b111100110110 [
b111100110110 )
b101 "
b101 ,
b101 *
b10 &
b10 .
b10 9
b10 C
b10 H
b10 R
b10 +
1#
#32400
0#
#32410
b111100110110 !
b111100110110 1
b111100110110 6
b111100110110 A
0?
b111100110110 (
b111100110110 @
0'
1#
#32420
0#
#32430
b1011011111101001 !
b1011011111101001 1
1S
b1000110110000101 7
b1000110110000101 <
b110101000101110 5
b110101000101110 F
b1110000001011000 4
b1110000001011000 K
b1011011111101001 2
b1011011111101001 U
1'
b11010101000001 $
b11010101000001 -
b11010101000001 8
b11010101000001 =
b11010101000001 B
b11010101000001 G
b11010101000001 L
b11010101000001 Q
b11010101000001 V
b11010101000001 [
b11010101000001 )
b11 "
b11 ,
b11 *
b11 &
b11 .
b11 9
b11 C
b11 H
b11 R
b11 +
1#
#32440
0#
#32450
b11010101000001 !
b11010101000001 1
b11010101000001 2
b11010101000001 U
0S
b11010101000001 (
b11010101000001 T
0'
1#
#32460
0#
#32470
b1011111000111001 !
b1011111000111001 1
1N
1'
b101100010010100 $
b101100010010100 -
b101100010010100 8
b101100010010100 =
b101100010010100 B
b101100010010100 G
b101100010010100 L
b101100010010100 Q
b101100010010100 V
b101100010010100 [
b101100010010100 )
b111 "
b111 ,
b111 *
1#
#32480
0#
#32490
b101100010010100 !
b101100010010100 1
b101100010010100 3
b101100010010100 P
0N
b101100010010100 (
b101100010010100 O
0'
1#
#32500
0#
#32510
b1110000000000000 !
b1110000000000000 1
1I
b1000110100000000 7
b1000110100000000 <
b110101000000000 5
b110101000000000 F
b1110000000000000 4
b1110000000000000 K
b11010100000000 2
b11010100000000 U
1'
b11010001100010 $
b11010001100010 -
b11010001100010 8
b11010001100010 =
b11010001100010 B
b11010001100010 G
b11010001100010 L
b11010001100010 Q
b11010001100010 V
b11010001100010 [
b11010001100010 )
b10 "
b10 ,
b10 *
b10 &
b10 .
b10 9
b10 C
b10 H
b10 R
b10 +
1#
#32520
0#
#32530
b11010000000000 !
b11010000000000 1
b11010000000000 4
b11010000000000 K
0I
b11010000000000 (
b11010001011000 J
0'
1#
#32540
0#
#32550
b1011000 !
b1011000 1
1I
b10000101 7
b10000101 <
b101110 5
b101110 F
b1011000 4
b1011000 K
b1000001 2
b1000001 U
1'
b10010010110011 $
b10010010110011 -
b10010010110011 8
b10010010110011 =
b10010010110011 B
b10010010110011 G
b10010010110011 L
b10010010110011 Q
b10010010110011 V
b10010010110011 [
b10010010110011 )
b1 &
b1 .
b1 9
b1 C
b1 H
b1 R
b1 +
1#
#32560
0#
#32570
b10110011 !
b10110011 1
b10110011 4
b10110011 K
0I
b10110011 (
b11010010110011 J
0'
1#
#32580
0#
#32590
b111100110110 !
b111100110110 1
1?
1'
b1101011000111111 $
b1101011000111111 -
b1101011000111111 8
b1101011000111111 =
b1101011000111111 B
b1101011000111111 G
b1101011000111111 L
b1101011000111111 Q
b1101011000111111 V
b1101011000111111 [
b1101011000111111 )
b101 "
b101 ,
b101 *
1#
#32600
0#
#32610
b1101011000111111 !
b1101011000111111 1
b1101011000111111 6
b1101011000111111 A
0?
b1101011000111111 (
b1101011000111111 @
0'
1#
#32620
0#
#32630
b10110011 !
b10110011 1
1I
1'
b1001010110010010 $
b1001010110010010 -
b1001010110010010 8
b1001010110010010 =
b1001010110010010 B
b1001010110010010 G
b1001010110010010 L
b1001010110010010 Q
b1001010110010010 V
b1001010110010010 [
b1001010110010010 )
b10 "
b10 ,
b10 *
1#
#32640
0#
#32650
b10010010 !
b10010010 1
b10010010 4
b10010010 K
0I
b10010010 (
b11010010010010 J
0'
1#
#32660
0#
#32670
b101100010010100 !
b101100010010100 1
1N
b1000110100000000 7
b1000110100000000 <
b110101000000000 5
b110101000000000 F
b11010000000000 4
b11010000000000 K
b11010100000000 2
b11010100000000 U
1'
b1111101010011011 $
b1111101010011011 -
b1111101010011011 8
b1111101010011011 =
b1111101010011011 B
b1111101010011011 G
b1111101010011011 L
b1111101010011011 Q
b1111101010011011 V
b1111101010011011 [
b1111101010011011 )
b111 "
b111 ,
b111 *
b10 &
b10 .
b10 9
b10 C
b10 H
b10 R
b10 +
1#
#32680
0#
#32690
b1111101010011011 !
b1111101010011011 1
b1111101010011011 3
b1111101010011011 P
0N
b1111101010011011 (
b1111101010011011 O
0'
1#
#32700
0#
#32710
b1000001 !
b1000001 1
1S
b10000101 7
b10000101 <
b101110 5
b101110 F
b10010010 4
b10010010 K
b1000001 2
b1000001 U
1'
b1110111100001010 $
b1110111100001010 -
b1110111100001010 8
b1110111100001010 =
b1110111100001010 B
b1110111100001010 G
b1110111100001010 L
b1110111100001010 Q
b1110111100001010 V
b1110111100001010 [
b1110111100001010 )
b11 "
b11 ,
b11 *
b1 &
b1 .
b1 9
b1 C
b1 H
b1 R
b1 +
1#
#32720
0#
#32730
b1010 !
b1010 1
b1010 2
b1010 U
0S
b1010 (
b11010100001010 T
0'
1#
#32740
0#
#32750
b1101011000111111 !
b1101011000111111 1
1?
1'
b1110011011001 $
b1110011011001 -
b1110011011001 8
b1110011011001 =
b1110011011001 B
b1110011011001 G
b1110011011001 L
b1110011011001 Q
b1110011011001 V
b1110011011001 [
b1110011011001 )
b101 "
b101 ,
b101 *
1#
#32760
0#
#32770
b1110011011001 !
b1110011011001 1
b1110011011001 6
b1110011011001 A
0?
b1110011011001 (
b1110011011001 @
0'
1#
#32780
0#
#32790
b1010 !
b1010 1
1S
1'
b100111000011011 $
b100111000011011 -
b100111000011011 8
b100111000011011 =
b100111000011011 B
b100111000011011 G
b100111000011011 L
b100111000011011 Q
b100111000011011 V
b100111000011011 [
b100111000011011 )
b11 "
b11 ,
b11 *
1#
#32800
0#
#32810
b11011 !
b11011 1
b11011 2
b11011 U
0S
b11011 (
b11010100011011 T
0'
1#
#32820
0#
#32830
1:
b1000110100000000 !
b1000110100000000 1
b1000110100000000 7
b1000110100000000 <
b110101000000000 5
b110101000000000 F
b11010000000000 4
b11010000000000 K
b11010100000000 2
b11010100000000 U
1'
b111011011110011 $
b111011011110011 -
b111011011110011 8
b111011011110011 =
b111011011110011 B
b111011011110011 G
b111011011110011 L
b111011011110011 Q
b111011011110011 V
b111011011110011 [
b111011011110011 )
b0 "
b0 ,
b0 *
b10 &
b10 .
b10 9
b10 C
b10 H
b10 R
b10 +
1#
#32840
0#
#32850
b111011000000000 !
b111011000000000 1
b111011000000000 7
b111011000000000 <
0:
b111011000000000 (
b111011010000101 ;
0'
1#
#32860
0#
#32870
1X
b1011011111011001 !
b1011011111011001 1
b10000101 7
b10000101 <
b101110 5
b101110 F
b10010010 4
b10010010 K
b11011 2
b11011 U
1'
b11001011001000 $
b11001011001000 -
b11001011001000 8
b11001011001000 =
b11001011001000 B
b11001011001000 G
b11001011001000 L
b11001011001000 Q
b11001011001000 V
b11001011001000 [
b11001011001000 )
b110 "
b110 ,
b110 *
b1 &
b1 .
b1 9
b1 C
b1 H
b1 R
b1 +
1#
#32880
0#
#32890
b11001011001000 !
b11001011001000 1
b11001011001000 0
b11001011001000 Y
0X
b11001011001000 (
b11001011001000 Z
0'
1#
#32900
0#
#32910
b111000001100011 !
b111000001100011 1
1\
1'
b1110100110101 $
b1110100110101 -
b1110100110101 8
b1110100110101 =
b1110100110101 B
b1110100110101 G
b1110100110101 L
b1110100110101 Q
b1110100110101 V
b1110100110101 [
b1110100110101 )
b100 "
b100 ,
b100 *
1#
#32920
0#
#32930
b1110100110101 !
b1110100110101 1
b1110100110101 /
b1110100110101 ]
0\
b1110100110101 (
b1110100110101 ^
0'
1#
#32940
0#
#32950
b11001011001000 !
b11001011001000 1
1X
b111011010000101 7
b111011010000101 <
b110101000101110 5
b110101000101110 F
b11010010010010 4
b11010010010010 K
b11010100011011 2
b11010100011011 U
1'
b10110111111001 $
b10110111111001 -
b10110111111001 8
b10110111111001 =
b10110111111001 B
b10110111111001 G
b10110111111001 L
b10110111111001 Q
b10110111111001 V
b10110111111001 [
b10110111111001 )
b110 "
b110 ,
b110 *
b0 &
b0 .
b0 9
b0 C
b0 H
b0 R
b0 +
1#
#32960
0#
#32970
b10110111111001 !
b10110111111001 1
b10110111111001 0
b10110111111001 Y
0X
b10110111111001 (
b10110111111001 Z
0'
1#
#32980
0#
#32990
b10010010 !
b10010010 1
1I
b10000101 7
b10000101 <
b101110 5
b101110 F
b10010010 4
b10010010 K
b11011 2
b11011 U
1'
b1110001010110 $
b1110001010110 -
b1110001010110 8
b1110001010110 =
b1110001010110 B
b1110001010110 G
b1110001010110 L
b1110001010110 Q
b1110001010110 V
b1110001010110 [
b1110001010110 )
b10 "
b10 ,
b10 *
b1 &
b1 .
b1 9
b1 C
b1 H
b1 R
b1 +
1#
#33000
0#
#33010
b1010110 !
b1010110 1
b1010110 4
b1010110 K
0I
b1010110 (
b11010001010110 J
0'
1#
#33020
0#
#33030
b11010000000000 !
b11010000000000 1
1I
b111011000000000 7
b111011000000000 <
b110101000000000 5
b110101000000000 F
b11010000000000 4
b11010000000000 K
b11010100000000 2
b11010100000000 U
1'
b111001100011001 $
b111001100011001 -
b111001100011001 8
b111001100011001 =
b111001100011001 B
b111001100011001 G
b111001100011001 L
b111001100011001 Q
b111001100011001 V
b111001100011001 [
b111001100011001 )
b10 &
b10 .
b10 9
b10 C
b10 H
b10 R
b10 +
1#
#33040
0#
#33050
b111001100000000 !
b111001100000000 1
b111001100000000 4
b111001100000000 K
0I
b111001100000000 (
b111001101010110 J
0'
1#
#33060
0#
#33070
b1010110 !
b1010110 1
1I
b10000101 7
b10000101 <
b101110 5
b101110 F
b1010110 4
b1010110 K
b11011 2
b11011 U
1'
b1010011011101010 $
b1010011011101010 -
b1010011011101010 8
b1010011011101010 =
b1010011011101010 B
b1010011011101010 G
b1010011011101010 L
b1010011011101010 Q
b1010011011101010 V
b1010011011101010 [
b1010011011101010 )
b1 &
b1 .
b1 9
b1 C
b1 H
b1 R
b1 +
1#
#33080
0#
#33090
b11101010 !
b11101010 1
b11101010 4
b11101010 K
0I
b11101010 (
b111001111101010 J
0'
1#
#33100
0#
#33110
1:
b111011010000101 !
b111011010000101 1
b111011010000101 7
b111011010000101 <
b110101000101110 5
b110101000101110 F
b111001111101010 4
b111001111101010 K
b11010100011011 2
b11010100011011 U
1'
b1001000010111110 $
b1001000010111110 -
b1001000010111110 8
b1001000010111110 =
b1001000010111110 B
b1001000010111110 G
b1001000010111110 L
b1001000010111110 Q
b1001000010111110 V
b1001000010111110 [
b1001000010111110 )
b0 "
b0 ,
b0 *
b0 &
b0 .
b0 9
b0 C
b0 H
b0 R
b0 +
1#
#33120
0#
#33130
b1001000010111110 !
b1001000010111110 1
b1001000010111110 7
b1001000010111110 <
0:
b1001000010111110 (
b1001000010111110 ;
0'
1#
#33140
0#
#33150
1X
b10110111111001 !
b10110111111001 1
b10111110 7
b10111110 <
b101110 5
b101110 F
b11101010 4
b11101010 K
b11011 2
b11011 U
1'
b10000101010011 $
b10000101010011 -
b10000101010011 8
b10000101010011 =
b10000101010011 B
b10000101010011 G
b10000101010011 L
b10000101010011 Q
b10000101010011 V
b10000101010011 [
b10000101010011 )
b110 "
b110 ,
b110 *
b1 &
b1 .
b1 9
b1 C
b1 H
b1 R
b1 +
1#
#33160
0#
#33170
b10000101010011 !
b10000101010011 1
b10000101010011 0
b10000101010011 Y
0X
b10000101010011 (
b10000101010011 Z
0'
1#
#33180
0#
#33190
b1110100110101 !
b1110100110101 1
1\
b1001000010111110 7
b1001000010111110 <
b110101000101110 5
b110101000101110 F
b111001111101010 4
b111001111101010 K
b11010100011011 2
b11010100011011 U
1'
b1111010110110110 $
b1111010110110110 -
b1111010110110110 8
b1111010110110110 =
b1111010110110110 B
b1111010110110110 G
b1111010110110110 L
b1111010110110110 Q
b1111010110110110 V
b1111010110110110 [
b1111010110110110 )
b100 "
b100 ,
b100 *
b0 &
b0 .
b0 9
b0 C
b0 H
b0 R
b0 +
1#
#33200
0#
#33210
b1111010110110110 !
b1111010110110110 1
b1111010110110110 /
b1111010110110110 ]
0\
b1111010110110110 (
b1111010110110110 ^
0'
1#
#33220
0#
#33230
b11101010 !
b11101010 1
1I
b10111110 7
b10111110 <
b101110 5
b101110 F
b11101010 4
b11101010 K
b11011 2
b11011 U
1'
b100111000100001 $
b100111000100001 -
b100111000100001 8
b100111000100001 =
b100111000100001 B
b100111000100001 G
b100111000100001 L
b100111000100001 Q
b100111000100001 V
b100111000100001 [
b100111000100001 )
b10 "
b10 ,
b10 *
b1 &
b1 .
b1 9
b1 C
b1 H
b1 R
b1 +
1#
#33240
0#
#33250
b100001 !
b100001 1
b100001 4
b100001 K
0I
b100001 (
b111001100100001 J
0'
1#
#33260
0#
#33270
b1110011011001 !
b1110011011001 1
1?
b1001000000000000 7
b1001000000000000 <
b110101000000000 5
b110101000000000 F
b111001100000000 4
b111001100000000 K
b11010100000000 2
b11010100000000 U
1'
b1001111100001001 $
b1001111100001001 -
b1001111100001001 8
b1001111100001001 =
b1001111100001001 B
b1001111100001001 G
b1001111100001001 L
b1001111100001001 Q
b1001111100001001 V
b1001111100001001 [
b1001111100001001 )
b101 "
b101 ,
b101 *
b10 &
b10 .
b10 9
b10 C
b10 H
b10 R
b10 +
1#
#33280
0#
#33290
b1001111100001001 !
b1001111100001001 1
b1001111100001001 6
b1001111100001001 A
0?
b1001111100001001 (
b1001111100001001 @
0'
1#
#33300
0#
#33310
b1111101010011011 !
b1111101010011011 1
1N
b10111110 7
b10111110 <
b101110 5
b101110 F
b100001 4
b100001 K
b11011 2
b11011 U
1'
b111010100100011 $
b111010100100011 -
b111010100100011 8
b111010100100011 =
b111010100100011 B
b111010100100011 G
b111010100100011 L
b111010100100011 Q
b111010100100011 V
b111010100100011 [
b111010100100011 )
b111 "
b111 ,
b111 *
b1 &
b1 .
b1 9
b1 C
b1 H
b1 R
b1 +
1#
#33320
0#
#33330
b111010100100011 !
b111010100100011 1
b111010100100011 3
b111010100100011 P
0N
b111010100100011 (
b111010100100011 O
0'
1#
#33340
0#
#33350
b1111010110110110 !
b1111010110110110 1
1\
1'
b1011101010110010 $
b1011101010110010 -
b1011101010110010 8
b1011101010110010 =
b1011101010110010 B
b1011101010110010 G
b1011101010110010 L
b1011101010110010 Q
b1011101010110010 V
b1011101010110010 [
b1011101010110010 )
b100 "
b100 ,
b100 *
1#
#33360
0#
#33370
b1011101010110010 !
b1011101010110010 1
b1011101010110010 /
b1011101010110010 ]
0\
b1011101010110010 (
b1011101010110010 ^
0'
1#
#33380
0#
#33390
b100001 !
b100001 1
1I
1'
b110110100011101 $
b110110100011101 -
b110110100011101 8
b110110100011101 =
b110110100011101 B
b110110100011101 G
b110110100011101 L
b110110100011101 Q
b110110100011101 V
b110110100011101 [
b110110100011101 )
b10 "
b10 ,
b10 *
1#
#33400
0#
#33410
b11101 !
b11101 1
b11101 4
b11101 K
0I
b11101 (
b111001100011101 J
0'
1#
#33420
0#
#33430
b1001111100001001 !
b1001111100001001 1
1?
1'
b11110100010011 $
b11110100010011 -
b11110100010011 8
b11110100010011 =
b11110100010011 B
b11110100010011 G
b11110100010011 L
b11110100010011 Q
b11110100010011 V
b11110100010011 [
b11110100010011 )
b101 "
b101 ,
b101 *
1#
#33440
0#
#33450
b11110100010011 !
b11110100010011 1
b11110100010011 6
b11110100010011 A
0?
b11110100010011 (
b11110100010011 @
0'
1#
#33460
0#
#33470
b110101000000000 !
b110101000000000 1
1D
b1001000000000000 7
b1001000000000000 <
b110101000000000 5
b110101000000000 F
b111001100000000 4
b111001100000000 K
b11010100000000 2
b11010100000000 U
1'
b1101000000000101 $
b1101000000000101 -
b1101000000000101 8
b1101000000000101 =
b1101000000000101 B
b1101000000000101 G
b1101000000000101 L
b1101000000000101 Q
b1101000000000101 V
b1101000000000101 [
b1101000000000101 )
b1 "
b1 ,
b1 *
b10 &
b10 .
b10 9
b10 C
b10 H
b10 R
b10 +
1#
#33480
0#
#33490
b1101000000000000 !
b1101000000000000 1
b1101000000000000 5
b1101000000000000 F
0D
b1101000000000000 (
b1101000000101110 E
0'
1#
#33500
0#
#33510
b11110100010011 !
b11110100010011 1
1?
b1001000010111110 7
b1001000010111110 <
b1101000000101110 5
b1101000000101110 F
b111001100011101 4
b111001100011101 K
b11010100011011 2
b11010100011011 U
1'
b1000100101010000 $
b1000100101010000 -
b1000100101010000 8
b1000100101010000 =
b1000100101010000 B
b1000100101010000 G
b1000100101010000 L
b1000100101010000 Q
b1000100101010000 V
b1000100101010000 [
b1000100101010000 )
b101 "
b101 ,
b101 *
b11 &
b11 .
b11 9
b11 C
b11 H
b11 R
b11 +
1#
#33520
0#
#33530
b1000100101010000 !
b1000100101010000 1
b1000100101010000 6
b1000100101010000 A
0?
b1000100101010000 (
b1000100101010000 @
0'
1#
#33540
0#
#33550
b101110 !
b101110 1
1D
b10111110 7
b10111110 <
b101110 5
b101110 F
b11101 4
b11101 K
b11011 2
b11011 U
1'
b1001111100010 $
b1001111100010 -
b1001111100010 8
b1001111100010 =
b1001111100010 B
b1001111100010 G
b1001111100010 L
b1001111100010 Q
b1001111100010 V
b1001111100010 [
b1001111100010 )
b1 "
b1 ,
b1 *
b1 &
b1 .
b1 9
b1 C
b1 H
b1 R
b1 +
1#
#33560
0#
#33570
b11100010 !
b11100010 1
b11100010 5
b11100010 F
0D
b11100010 (
b1101000011100010 E
0'
1#
#33580
0#
#33590
b11010100011011 !
b11010100011011 1
1S
b1001000010111110 7
b1001000010111110 <
b1101000011100010 5
b1101000011100010 F
b111001100011101 4
b111001100011101 K
b11010100011011 2
b11010100011011 U
1'
b110101000011 $
b110101000011 -
b110101000011 8
b110101000011 =
b110101000011 B
b110101000011 G
b110101000011 L
b110101000011 Q
b110101000011 V
b110101000011 [
b110101000011 )
b11 "
b11 ,
b11 *
b0 &
b0 .
b0 9
b0 C
b0 H
b0 R
b0 +
1#
#33600
0#
#33610
b110101000011 !
b110101000011 1
b110101000011 2
b110101000011 U
0S
b110101000011 (
b110101000011 T
0'
1#
#33620
0#
#33630
b111010100100011 !
b111010100100011 1
1N
b1001000000000000 7
b1001000000000000 <
b1101000000000000 5
b1101000000000000 F
b111001100000000 4
b111001100000000 K
b110100000000 2
b110100000000 U
1'
b1010010101010101 $
b1010010101010101 -
b1010010101010101 8
b1010010101010101 =
b1010010101010101 B
b1010010101010101 G
b1010010101010101 L
b1010010101010101 Q
b1010010101010101 V
b1010010101010101 [
b1010010101010101 )
b111 "
b111 ,
b111 *
b10 &
b10 .
b10 9
b10 C
b10 H
b10 R
b10 +
1#
#33640
0#
#33650
b1010010101010101 !
b1010010101010101 1
b1010010101010101 3
b1010010101010101 P
0N
b1010010101010101 (
b1010010101010101 O
0'
1#
#33660
0#
#33670
b10000101010011 !
b10000101010011 1
1X
1'
b1110001001010101 $
b1110001001010101 -
b1110001001010101 8
b1110001001010101 =
b1110001001010101 B
b1110001001010101 G
b1110001001010101 L
b1110001001010101 Q
b1110001001010101 V
b1110001001010101 [
b1110001001010101 )
b110 "
b110 ,
b110 *
1#
#33680
0#
#33690
b1110001001010101 !
b1110001001010101 1
b1110001001010101 0
b1110001001010101 Y
0X
b1110001001010101 (
b1110001001010101 Z
0'
1#
#33700
0#
#33710
b1101000000000000 !
b1101000000000000 1
1D
1'
b1001100011001 $
b1001100011001 -
b1001100011001 8
b1001100011001 =
b1001100011001 B
b1001100011001 G
b1001100011001 L
b1001100011001 Q
b1001100011001 V
b1001100011001 [
b1001100011001 )
b1 "
b1 ,
b1 *
1#
#33720
0#
#33730
b1001100000000 !
b1001100000000 1
b1001100000000 5
b1001100000000 F
0D
b1001100000000 (
b1001111100010 E
0'
1#
#33740
0#
#33750
b11101 !
b11101 1
1I
b10111110 7
b10111110 <
b11100010 5
b11100010 F
b11101 4
b11101 K
b1000011 2
b1000011 U
1'
b111001100011110 $
b111001100011110 -
b111001100011110 8
b111001100011110 =
b111001100011110 B
b111001100011110 G
b111001100011110 L
b111001100011110 Q
b111001100011110 V
b111001100011110 [
b111001100011110 )
b10 "
b10 ,
b10 *
b1 &
b1 .
b1 9
b1 C
b1 H
b1 R
b1 +
1#
#33760
0#
#33770
b11110 !
b11110 1
b11110 4
b11110 K
0I
b11110 (
b111001100011110 J
0'
1#
#33780
0#
#33790
b110101000011 !
b110101000011 1
1S
b1001000010111110 7
b1001000010111110 <
b1001111100010 5
b1001111100010 F
b111001100011110 4
b111001100011110 K
b110101000011 2
b110101000011 U
1'
b10011101000101 $
b10011101000101 -
b10011101000101 8
b10011101000101 =
b10011101000101 B
b10011101000101 G
b10011101000101 L
b10011101000101 Q
b10011101000101 V
b10011101000101 [
b10011101000101 )
b11 "
b11 ,
b11 *
b11 &
b11 .
b11 9
b11 C
b11 H
b11 R
b11 +
1#
#33800
0#
#33810
b10011101000101 !
b10011101000101 1
b10011101000101 2
b10011101000101 U
0S
b10011101000101 (
b10011101000101 T
0'
1#
#33820
0#
#33830
b1010010101010101 !
b1010010101010101 1
1N
1'
b111111100010 $
b111111100010 -
b111111100010 8
b111111100010 =
b111111100010 B
b111111100010 G
b111111100010 L
b111111100010 Q
b111111100010 V
b111111100010 [
b111111100010 )
b111 "
b111 ,
b111 *
1#
#33840
0#
#33850
b111111100010 !
b111111100010 1
b111111100010 3
b111111100010 P
0N
b111111100010 (
b111111100010 O
0'
1#
#33860
0#
#33870
b111001100011110 !
b111001100011110 1
1I
1'
b10011010111 $
b10011010111 -
b10011010111 8
b10011010111 =
b10011010111 B
b10011010111 G
b10011010111 L
b10011010111 Q
b10011010111 V
b10011010111 [
b10011010111 )
b10 "
b10 ,
b10 *
1#
#33880
0#
#33890
b10011010111 !
b10011010111 1
b10011010111 4
b10011010111 K
0I
b10011010111 (
b10011010111 J
0'
1#
#33900
0#
#33910
b1001111100010 !
b1001111100010 1
1D
1'
b1001010001010011 $
b1001010001010011 -
b1001010001010011 8
b1001010001010011 =
b1001010001010011 B
b1001010001010011 G
b1001010001010011 L
b1001010001010011 Q
b1001010001010011 V
b1001010001010011 [
b1001010001010011 )
b1 "
b1 ,
b1 *
b0 &
b0 .
b0 9
b0 C
b0 H
b0 R
b0 +
1#
#33920
0#
#33930
b1001010001010011 !
b1001010001010011 1
b1001010001010011 5
b1001010001010011 F
0D
b1001010001010011 (
b1001010001010011 E
0'
1#
#33940
0#
#33950
b1000100101010000 !
b1000100101010000 1
1?
b10111110 7
b10111110 <
b1010011 5
b1010011 F
b11010111 4
b11010111 K
b1000101 2
b1000101 U
1'
b100101110100011 $
b100101110100011 -
b100101110100011 8
b100101110100011 =
b100101110100011 B
b100101110100011 G
b100101110100011 L
b100101110100011 Q
b100101110100011 V
b100101110100011 [
b100101110100011 )
b101 "
b101 ,
b101 *
b1 &
b1 .
b1 9
b1 C
b1 H
b1 R
b1 +
1#
#33960
0#
#33970
b100101110100011 !
b100101110100011 1
b100101110100011 6
b100101110100011 A
0?
b100101110100011 (
b100101110100011 @
0'
1#
#33980
0#
#33990
b1001010001010011 !
b1001010001010011 1
1D
b1001000010111110 7
b1001000010111110 <
b1001010001010011 5
b1001010001010011 F
b10011010111 4
b10011010111 K
b10011101000101 2
b10011101000101 U
1'
b1000001011110 $
b1000001011110 -
b1000001011110 8
b1000001011110 =
b1000001011110 B
b1000001011110 G
b1000001011110 L
b1000001011110 Q
b1000001011110 V
b1000001011110 [
b1000001011110 )
b1 "
b1 ,
b1 *
b0 &
b0 .
b0 9
b0 C
b0 H
b0 R
b0 +
1#
#34000
0#
#34010
b1000001011110 !
b1000001011110 1
b1000001011110 5
b1000001011110 F
0D
b1000001011110 (
b1000001011110 E
0'
1#
#34020
0#
#34030
1:
b1001000010111110 !
b1001000010111110 1
1'
b11100101111011 $
b11100101111011 -
b11100101111011 8
b11100101111011 =
b11100101111011 B
b11100101111011 G
b11100101111011 L
b11100101111011 Q
b11100101111011 V
b11100101111011 [
b11100101111011 )
b0 "
b0 ,
b0 *
1#
#34040
0#
#34050
b11100101111011 !
b11100101111011 1
b11100101111011 7
b11100101111011 <
0:
b11100101111011 (
b11100101111011 ;
0'
1#
#34060
0#
#34070
1I
b10000000000 !
b10000000000 1
b11100100000000 7
b11100100000000 <
b1000000000000 5
b1000000000000 F
b10000000000 4
b10000000000 K
b10011100000000 2
b10011100000000 U
1'
b101010100100111 $
b101010100100111 -
b101010100100111 8
b101010100100111 =
b101010100100111 B
b101010100100111 G
b101010100100111 L
b101010100100111 Q
b101010100100111 V
b101010100100111 [
b101010100100111 )
b10 "
b10 ,
b10 *
b10 &
b10 .
b10 9
b10 C
b10 H
b10 R
b10 +
1#
#34080
0#
#34090
b101010100000000 !
b101010100000000 1
b101010100000000 4
b101010100000000 K
0I
b101010100000000 (
b101010111010111 J
0'
1#
#34100
0#
#34110
b100101110100011 !
b100101110100011 1
1?
b11100101111011 7
b11100101111011 <
b1000001011110 5
b1000001011110 F
b101010111010111 4
b101010111010111 K
b10011101000101 2
b10011101000101 U
1'
b1100010010010011 $
b1100010010010011 -
b1100010010010011 8
b1100010010010011 =
b1100010010010011 B
b1100010010010011 G
b1100010010010011 L
b1100010010010011 Q
b1100010010010011 V
b1100010010010011 [
b1100010010010011 )
b101 "
b101 ,
b101 *
b0 &
b0 .
b0 9
b0 C
b0 H
b0 R
b0 +
1#
#34120
0#
#34130
b1100010010010011 !
b1100010010010011 1
b1100010010010011 6
b1100010010010011 A
0?
b1100010010010011 (
b1100010010010011 @
0'
1#
#34140
0#
#34150
b1000000000000 !
b1000000000000 1
1D
b11100100000000 7
b11100100000000 <
b1000000000000 5
b1000000000000 F
b101010100000000 4
b101010100000000 K
b10011100000000 2
b10011100000000 U
1'
b1010100110000010 $
b1010100110000010 -
b1010100110000010 8
b1010100110000010 =
b1010100110000010 B
b1010100110000010 G
b1010100110000010 L
b1010100110000010 Q
b1010100110000010 V
b1010100110000010 [
b1010100110000010 )
b1 "
b1 ,
b1 *
b10 &
b10 .
b10 9
b10 C
b10 H
b10 R
b10 +
1#
#34160
0#
#34170
b1010100100000000 !
b1010100100000000 1
b1010100100000000 5
b1010100100000000 F
0D
b1010100100000000 (
b1010100101011110 E
0'
1#
#34180
0#
#34190
b1100010010010011 !
b1100010010010011 1
1?
b11100101111011 7
b11100101111011 <
b1010100101011110 5
b1010100101011110 F
b101010111010111 4
b101010111010111 K
b10011101000101 2
b10011101000101 U
1'
b1100010001000000 $
b1100010001000000 -
b1100010001000000 8
b1100010001000000 =
b1100010001000000 B
b1100010001000000 G
b1100010001000000 L
b1100010001000000 Q
b1100010001000000 V
b1100010001000000 [
b1100010001000000 )
b101 "
b101 ,
b101 *
b11 &
b11 .
b11 9
b11 C
b11 H
b11 R
b11 +
1#
#34200
0#
#34210
b1100010001000000 !
b1100010001000000 1
b1100010001000000 6
b1100010001000000 A
0?
b1100010001000000 (
b1100010001000000 @
0'
1#
#34220
0#
#34230
b1110001001010101 !
b1110001001010101 1
1X
b1111011 7
b1111011 <
b1011110 5
b1011110 F
b11010111 4
b11010111 K
b1000101 2
b1000101 U
1'
b101100100011010 $
b101100100011010 -
b101100100011010 8
b101100100011010 =
b101100100011010 B
b101100100011010 G
b101100100011010 L
b101100100011010 Q
b101100100011010 V
b101100100011010 [
b101100100011010 )
b110 "
b110 ,
b110 *
b1 &
b1 .
b1 9
b1 C
b1 H
b1 R
b1 +
1#
#34240
0#
#34250
b101100100011010 !
b101100100011010 1
b101100100011010 0
b101100100011010 Y
0X
b101100100011010 (
b101100100011010 Z
0'
1#
#34260
0#
#34270
b111111100010 !
b111111100010 1
1N
1'
b100110100010 $
b100110100010 -
b100110100010 8
b100110100010 =
b100110100010 B
b100110100010 G
b100110100010 L
b100110100010 Q
b100110100010 V
b100110100010 [
b100110100010 )
b111 "
b111 ,
b111 *
1#
#34280
0#
#34290
b100110100010 !
b100110100010 1
b100110100010 3
b100110100010 P
0N
b100110100010 (
b100110100010 O
0'
1#
#34300
0#
#34310
b101010100000000 !
b101010100000000 1
1I
b11100100000000 7
b11100100000000 <
b1010100100000000 5
b1010100100000000 F
b101010100000000 4
b101010100000000 K
b10011100000000 2
b10011100000000 U
1'
b101111111111011 $
b101111111111011 -
b101111111111011 8
b101111111111011 =
b101111111111011 B
b101111111111011 G
b101111111111011 L
b101111111111011 Q
b101111111111011 V
b101111111111011 [
b101111111111011 )
b10 "
b10 ,
b10 *
b10 &
b10 .
b10 9
b10 C
b10 H
b10 R
b10 +
1#
#34320
0#
#34330
b101111100000000 !
b101111100000000 1
b101111100000000 4
b101111100000000 K
0I
b101111100000000 (
b101111111010111 J
0'
1#
#34340
0#
#34350
b1100010001000000 !
b1100010001000000 1
1?
b11100101111011 7
b11100101111011 <
b1010100101011110 5
b1010100101011110 F
b101111111010111 4
b101111111010111 K
b10011101000101 2
b10011101000101 U
1'
b111110010101011 $
b111110010101011 -
b111110010101011 8
b111110010101011 =
b111110010101011 B
b111110010101011 G
b111110010101011 L
b111110010101011 Q
b111110010101011 V
b111110010101011 [
b111110010101011 )
b101 "
b101 ,
b101 *
b0 &
b0 .
b0 9
b0 C
b0 H
b0 R
b0 +
1#
#34360
0#
#34370
b111110010101011 !
b111110010101011 1
b111110010101011 6
b111110010101011 A
0?
b111110010101011 (
b111110010101011 @
0'
1#
#34380
0#
#34390
b101100100011010 !
b101100100011010 1
1X
1'
b1111110100 $
b1111110100 -
b1111110100 8
b1111110100 =
b1111110100 B
b1111110100 G
b1111110100 L
b1111110100 Q
b1111110100 V
b1111110100 [
b1111110100 )
b110 "
b110 ,
b110 *
b11 &
b11 .
b11 9
b11 C
b11 H
b11 R
b11 +
1#
#34400
0#
#34410
b1111110100 !
b1111110100 1
b1111110100 0
b1111110100 Y
0X
b1111110100 (
b1111110100 Z
0'
1#
#34420
0#
#34430
b100110100010 !
b100110100010 1
1N
b11100100000000 7
b11100100000000 <
b1010100100000000 5
b1010100100000000 F
b101111100000000 4
b101111100000000 K
b10011100000000 2
b10011100000000 U
1'
b100100100100001 $
b100100100100001 -
b100100100100001 8
b100100100100001 =
b100100100100001 B
b100100100100001 G
b100100100100001 L
b100100100100001 Q
b100100100100001 V
b100100100100001 [
b100100100100001 )
b111 "
b111 ,
b111 *
b10 &
b10 .
b10 9
b10 C
b10 H
b10 R
b10 +
1#
#34440
0#
#34450
b100100100100001 !
b100100100100001 1
b100100100100001 3
b100100100100001 P
0N
b100100100100001 (
b100100100100001 O
0'
1#
#34460
0#
#34470
1N
1'
b111011111000001 $
b111011111000001 -
b111011111000001 8
b111011111000001 =
b111011111000001 B
b111011111000001 G
b111011111000001 L
b111011111000001 Q
b111011111000001 V
b111011111000001 [
b111011111000001 )
1#
#34480
0#
#34490
b111011111000001 !
b111011111000001 1
b111011111000001 3
b111011111000001 P
0N
b111011111000001 (
b111011111000001 O
0'
1#
#34500
0#
#34510
b1010100100000000 !
b1010100100000000 1
1D
1'
b1111010110001000 $
b1111010110001000 -
b1111010110001000 8
b1111010110001000 =
b1111010110001000 B
b1111010110001000 G
b1111010110001000 L
b1111010110001000 Q
b1111010110001000 V
b1111010110001000 [
b1111010110001000 )
b1 "
b1 ,
b1 *
1#
#34520
0#
#34530
b1111010100000000 !
b1111010100000000 1
b1111010100000000 5
b1111010100000000 F
0D
b1111010100000000 (
b1111010101011110 E
0'
1#
#34540
0#
#34550
b111011111000001 !
b111011111000001 1
1N
b11100101111011 7
b11100101111011 <
b1111010101011110 5
b1111010101011110 F
b101111111010111 4
b101111111010111 K
b10011101000101 2
b10011101000101 U
1'
b111011100011010 $
b111011100011010 -
b111011100011010 8
b111011100011010 =
b111011100011010 B
b111011100011010 G
b111011100011010 L
b111011100011010 Q
b111011100011010 V
b111011100011010 [
b111011100011010 )
b111 "
b111 ,
b111 *
b0 &
b0 .
b0 9
b0 C
b0 H
b0 R
b0 +
1#
#34560
0#
#34570
b111011100011010 !
b111011100011010 1
b111011100011010 3
b111011100011010 P
0N
b111011100011010 (
b111011100011010 O
0'
1#
#34580
0#
#34590
b1011101010110010 !
b1011101010110010 1
1\
b11100100000000 7
b11100100000000 <
b1111010100000000 5
b1111010100000000 F
b101111100000000 4
b101111100000000 K
b10011100000000 2
b10011100000000 U
1'
b111110100100101 $
b111110100100101 -
b111110100100101 8
b111110100100101 =
b111110100100101 B
b111110100100101 G
b111110100100101 L
b111110100100101 Q
b111110100100101 V
b111110100100101 [
b111110100100101 )
b100 "
b100 ,
b100 *
b10 &
b10 .
b10 9
b10 C
b10 H
b10 R
b10 +
1#
#34600
0#
#34610
b111110100100101 !
b111110100100101 1
b111110100100101 /
b111110100100101 ]
0\
b111110100100101 (
b111110100100101 ^
0'
1#
#34620
0#
#34630
b111110010101011 !
b111110010101011 1
1?
b11100101111011 7
b11100101111011 <
b1111010101011110 5
b1111010101011110 F
b101111111010111 4
b101111111010111 K
b10011101000101 2
b10011101000101 U
1'
b1111001010010011 $
b1111001010010011 -
b1111001010010011 8
b1111001010010011 =
b1111001010010011 B
b1111001010010011 G
b1111001010010011 L
b1111001010010011 Q
b1111001010010011 V
b1111001010010011 [
b1111001010010011 )
b101 "
b101 ,
b101 *
b0 &
b0 .
b0 9
b0 C
b0 H
b0 R
b0 +
1#
#34640
0#
#34650
b1111001010010011 !
b1111001010010011 1
b1111001010010011 6
b1111001010010011 A
0?
b1111001010010011 (
b1111001010010011 @
0'
1#
#34660
0#
#34670
b10011101000101 !
b10011101000101 1
1S
1'
b111111110001110 $
b111111110001110 -
b111111110001110 8
b111111110001110 =
b111111110001110 B
b111111110001110 G
b111111110001110 L
b111111110001110 Q
b111111110001110 V
b111111110001110 [
b111111110001110 )
b11 "
b11 ,
b11 *
b11 &
b11 .
b11 9
b11 C
b11 H
b11 R
b11 +
1#
#34680
0#
#34690
b111111110001110 !
b111111110001110 1
b111111110001110 2
b111111110001110 U
0S
b111111110001110 (
b111111110001110 T
0'
1#
#34700
0#
#34710
b1111001010010011 !
b1111001010010011 1
1?
b11100100000000 7
b11100100000000 <
b1111010100000000 5
b1111010100000000 F
b101111100000000 4
b101111100000000 K
b111111100000000 2
b111111100000000 U
1'
b1001101001100011 $
b1001101001100011 -
b1001101001100011 8
b1001101001100011 =
b1001101001100011 B
b1001101001100011 G
b1001101001100011 L
b1001101001100011 Q
b1001101001100011 V
b1001101001100011 [
b1001101001100011 )
b101 "
b101 ,
b101 *
b10 &
b10 .
b10 9
b10 C
b10 H
b10 R
b10 +
1#
#34720
0#
#34730
b1001101001100011 !
b1001101001100011 1
b1001101001100011 6
b1001101001100011 A
0?
b1001101001100011 (
b1001101001100011 @
0'
1#
#34740
0#
#34750
b111111100000000 !
b111111100000000 1
1S
1'
b101010100100001 $
b101010100100001 -
b101010100100001 8
b101010100100001 =
b101010100100001 B
b101010100100001 G
b101010100100001 L
b101010100100001 Q
b101010100100001 V
b101010100100001 [
b101010100100001 )
b11 "
b11 ,
b11 *
1#
#34760
0#
#34770
b101010100000000 !
b101010100000000 1
b101010100000000 2
b101010100000000 U
0S
b101010100000000 (
b101010110001110 T
0'
1#
#34780
0#
#34790
b111110100100101 !
b111110100100101 1
1\
1'
b1001011110111100 $
b1001011110111100 -
b1001011110111100 8
b1001011110111100 =
b1001011110111100 B
b1001011110111100 G
b1001011110111100 L
b1001011110111100 Q
b1001011110111100 V
b1001011110111100 [
b1001011110111100 )
b100 "
b100 ,
b100 *
1#
#34800
0#
#34810
b1001011110111100 !
b1001011110111100 1
b1001011110111100 /
b1001011110111100 ]
0\
b1001011110111100 (
b1001011110111100 ^
0'
1#
#34820
0#
#34830
b1001101001100011 !
b1001101001100011 1
1?
b11100101111011 7
b11100101111011 <
b1111010101011110 5
b1111010101011110 F
b101111111010111 4
b101111111010111 K
b101010110001110 2
b101010110001110 U
1'
b11001101100101 $
b11001101100101 -
b11001101100101 8
b11001101100101 =
b11001101100101 B
b11001101100101 G
b11001101100101 L
b11001101100101 Q
b11001101100101 V
b11001101100101 [
b11001101100101 )
b101 "
b101 ,
b101 *
b0 &
b0 .
b0 9
b0 C
b0 H
b0 R
b0 +
1#
#34840
0#
#34850
b11001101100101 !
b11001101100101 1
b11001101100101 6
b11001101100101 A
0?
b11001101100101 (
b11001101100101 @
0'
1#
#34860
0#
#34870
1:
b11100101111011 !
b11100101111011 1
1'
b1000100111011 $
b1000100111011 -
b1000100111011 8
b1000100111011 =
b1000100111011 B
b1000100111011 G
b1000100111011 L
b1000100111011 Q
b1000100111011 V
b1000100111011 [
b1000100111011 )
b0 "
b0 ,
b0 *
1#
#34880
0#
#34890
b1000100111011 !
b1000100111011 1
b1000100111011 7
b1000100111011 <
0:
b1000100111011 (
b1000100111011 ;
0'
1#
#34900
0#
#34910
1D
b1011110 !
b1011110 1
b111011 7
b111011 <
b1011110 5
b1011110 F
b11010111 4
b11010111 K
b10001110 2
b10001110 U
1'
b100100001110111 $
b100100001110111 -
b100100001110111 8
b100100001110111 =
b100100001110111 B
b100100001110111 G
b100100001110111 L
b100100001110111 Q
b100100001110111 V
b100100001110111 [
b100100001110111 )
b1 "
b1 ,
b1 *
b1 &
b1 .
b1 9
b1 C
b1 H
b1 R
b1 +
1#
#34920
0#
#34930
b1110111 !
b1110111 1
b1110111 5
b1110111 F
0D
b1110111 (
b1111010101110111 E
0'
1#
#34940
0#
#34950
b1001011110111100 !
b1001011110111100 1
1\
b1000100000000 7
b1000100000000 <
b1111010100000000 5
b1111010100000000 F
b101111100000000 4
b101111100000000 K
b101010100000000 2
b101010100000000 U
1'
b1110011110001000 $
b1110011110001000 -
b1110011110001000 8
b1110011110001000 =
b1110011110001000 B
b1110011110001000 G
b1110011110001000 L
b1110011110001000 Q
b1110011110001000 V
b1110011110001000 [
b1110011110001000 )
b100 "
b100 ,
b100 *
b10 &
b10 .
b10 9
b10 C
b10 H
b10 R
b10 +
1#
#34960
0#
#34970
b1110011110001000 !
b1110011110001000 1
b1110011110001000 /
b1110011110001000 ]
0\
b1110011110001000 (
b1110011110001000 ^
0'
1#
#34980
0#
#34990
b101010100000000 !
b101010100000000 1
1S
1'
b1110001000011101 $
b1110001000011101 -
b1110001000011101 8
b1110001000011101 =
b1110001000011101 B
b1110001000011101 G
b1110001000011101 L
b1110001000011101 Q
b1110001000011101 V
b1110001000011101 [
b1110001000011101 )
b11 "
b11 ,
b11 *
1#
#35000
0#
#35010
b1110001000000000 !
b1110001000000000 1
b1110001000000000 2
b1110001000000000 U
0S
b1110001000000000 (
b1110001010001110 T
0'
1#
#35020
0#
#35030
b111011100011010 !
b111011100011010 1
1N
b1000100111011 7
b1000100111011 <
b1111010101110111 5
b1111010101110111 F
b101111111010111 4
b101111111010111 K
b1110001010001110 2
b1110001010001110 U
1'
b11111001100000 $
b11111001100000 -
b11111001100000 8
b11111001100000 =
b11111001100000 B
b11111001100000 G
b11111001100000 L
b11111001100000 Q
b11111001100000 V
b11111001100000 [
b11111001100000 )
b111 "
b111 ,
b111 *
b0 &
b0 .
b0 9
b0 C
b0 H
b0 R
b0 +
1#
#35040
0#
#35050
b11111001100000 !
b11111001100000 1
b11111001100000 3
b11111001100000 P
0N
b11111001100000 (
b11111001100000 O
0'
1#
#35060
0#
#35070
1N
1'
b1000100111101111 $
b1000100111101111 -
b1000100111101111 8
b1000100111101111 =
b1000100111101111 B
b1000100111101111 G
b1000100111101111 L
b1000100111101111 Q
b1000100111101111 V
b1000100111101111 [
b1000100111101111 )
b11 &
b11 .
b11 9
b11 C
b11 H
b11 R
b11 +
1#
#35080
0#
#35090
b1000100111101111 !
b1000100111101111 1
b1000100111101111 3
b1000100111101111 P
0N
b1000100111101111 (
b1000100111101111 O
0'
1#
#35100
0#
#35110
b1110011110001000 !
b1110011110001000 1
1\
b1000100000000 7
b1000100000000 <
b1111010100000000 5
b1111010100000000 F
b101111100000000 4
b101111100000000 K
b1110001000000000 2
b1110001000000000 U
1'
b10100010010000 $
b10100010010000 -
b10100010010000 8
b10100010010000 =
b10100010010000 B
b10100010010000 G
b10100010010000 L
b10100010010000 Q
b10100010010000 V
b10100010010000 [
b10100010010000 )
b100 "
b100 ,
b100 *
b10 &
b10 .
b10 9
b10 C
b10 H
b10 R
b10 +
1#
#35120
0#
#35130
b10100010010000 !
b10100010010000 1
b10100010010000 /
b10100010010000 ]
0\
b10100010010000 (
b10100010010000 ^
0'
1#
#35140
0#
#35150
b1000100111101111 !
b1000100111101111 1
1N
1'
b10000011011111 $
b10000011011111 -
b10000011011111 8
b10000011011111 =
b10000011011111 B
b10000011011111 G
b10000011011111 L
b10000011011111 Q
b10000011011111 V
b10000011011111 [
b10000011011111 )
b111 "
b111 ,
b111 *
1#
#35160
0#
#35170
b10000011011111 !
b10000011011111 1
b10000011011111 3
b10000011011111 P
0N
b10000011011111 (
b10000011011111 O
0'
1#
#35180
0#
#35190
1N
b1000100111011 7
b1000100111011 <
b1111010101110111 5
b1111010101110111 F
b101111111010111 4
b101111111010111 K
b1110001010001110 2
b1110001010001110 U
1'
b100011111110101 $
b100011111110101 -
b100011111110101 8
b100011111110101 =
b100011111110101 B
b100011111110101 G
b100011111110101 L
b100011111110101 Q
b100011111110101 V
b100011111110101 [
b100011111110101 )
b0 &
b0 .
b0 9
b0 C
b0 H
b0 R
b0 +
1#
#35200
0#
#35210
b100011111110101 !
b100011111110101 1
b100011111110101 3
b100011111110101 P
0N
b100011111110101 (
b100011111110101 O
0'
1#
#35220
0#
#35230
b101111111010111 !
b101111111010111 1
1I
1'
b101101111001 $
b101101111001 -
b101101111001 8
b101101111001 =
b101101111001 B
b101101111001 G
b101101111001 L
b101101111001 Q
b101101111001 V
b101101111001 [
b101101111001 )
b10 "
b10 ,
b10 *
b11 &
b11 .
b11 9
b11 C
b11 H
b11 R
b11 +
1#
#35240
0#
#35250
b101101111001 !
b101101111001 1
b101101111001 4
b101101111001 K
0I
b101101111001 (
b101101111001 J
0'
1#
#35260
0#
#35270
1:
b1000100000000 !
b1000100000000 1
b1000100000000 7
b1000100000000 <
b1111010100000000 5
b1111010100000000 F
b101100000000 4
b101100000000 K
b1110001000000000 2
b1110001000000000 U
1'
b110000001010010 $
b110000001010010 -
b110000001010010 8
b110000001010010 =
b110000001010010 B
b110000001010010 G
b110000001010010 L
b110000001010010 Q
b110000001010010 V
b110000001010010 [
b110000001010010 )
b0 "
b0 ,
b0 *
b10 &
b10 .
b10 9
b10 C
b10 H
b10 R
b10 +
1#
#35280
0#
#35290
b110000000000000 !
b110000000000000 1
b110000000000000 7
b110000000000000 <
0:
b110000000000000 (
b110000000111011 ;
0'
1#
#35300
0#
#35310
1I
b1111001 !
b1111001 1
b111011 7
b111011 <
b1110111 5
b1110111 F
b1111001 4
b1111001 K
b10001110 2
b10001110 U
1'
b100001111011011 $
b100001111011011 -
b100001111011011 8
b100001111011011 =
b100001111011011 B
b100001111011011 G
b100001111011011 L
b100001111011011 Q
b100001111011011 V
b100001111011011 [
b100001111011011 )
b10 "
b10 ,
b10 *
b1 &
b1 .
b1 9
b1 C
b1 H
b1 R
b1 +
1#
#35320
0#
#35330
b11011011 !
b11011011 1
b11011011 4
b11011011 K
0I
b11011011 (
b101111011011 J
0'
1#
#35340
0#
#35350
1:
b110000000111011 !
b110000000111011 1
b110000000111011 7
b110000000111011 <
b1111010101110111 5
b1111010101110111 F
b101111011011 4
b101111011011 K
b1110001010001110 2
b1110001010001110 U
1'
b110101000010 $
b110101000010 -
b110101000010 8
b110101000010 =
b110101000010 B
b110101000010 G
b110101000010 L
b110101000010 Q
b110101000010 V
b110101000010 [
b110101000010 )
b0 "
b0 ,
b0 *
b0 &
b0 .
b0 9
b0 C
b0 H
b0 R
b0 +
1#
#35360
0#
#35370
b110101000010 !
b110101000010 1
b110101000010 7
b110101000010 <
0:
b110101000010 (
b110101000010 ;
0'
1#
#35380
0#
#35390
1I
b101111011011 !
b101111011011 1
1'
b1000001100100010 $
b1000001100100010 -
b1000001100100010 8
b1000001100100010 =
b1000001100100010 B
b1000001100100010 G
b1000001100100010 L
b1000001100100010 Q
b1000001100100010 V
b1000001100100010 [
b1000001100100010 )
b10 "
b10 ,
b10 *
1#
#35400
0#
#35410
b1000001100100010 !
b1000001100100010 1
b1000001100100010 4
b1000001100100010 K
0I
b1000001100100010 (
b1000001100100010 J
0'
1#
#35420
0#
#35430
1:
b1000010 !
b1000010 1
b1000010 7
b1000010 <
b1110111 5
b1110111 F
b100010 4
b100010 K
b10001110 2
b10001110 U
1'
b100111000100101 $
b100111000100101 -
b100111000100101 8
b100111000100101 =
b100111000100101 B
b100111000100101 G
b100111000100101 L
b100111000100101 Q
b100111000100101 V
b100111000100101 [
b100111000100101 )
b0 "
b0 ,
b0 *
b1 &
b1 .
b1 9
b1 C
b1 H
b1 R
b1 +
1#
#35440
0#
#35450
b100101 !
b100101 1
b100101 7
b100101 <
0:
b100101 (
b110100100101 ;
0'
1#
#35460
0#
#35470
1?
b11001101100101 !
b11001101100101 1
1'
b101110000111000 $
b101110000111000 -
b101110000111000 8
b101110000111000 =
b101110000111000 B
b101110000111000 G
b101110000111000 L
b101110000111000 Q
b101110000111000 V
b101110000111000 [
b101110000111000 )
b101 "
b101 ,
b101 *
1#
#35480
0#
#35490
b101110000111000 !
b101110000111000 1
b101110000111000 6
b101110000111000 A
0?
b101110000111000 (
b101110000111000 @
0'
1#
#35500
0#
#35510
b10001110 !
b10001110 1
1S
1'
b11011011011100 $
b11011011011100 -
b11011011011100 8
b11011011011100 =
b11011011011100 B
b11011011011100 G
b11011011011100 L
b11011011011100 Q
b11011011011100 V
b11011011011100 [
b11011011011100 )
b11 "
b11 ,
b11 *
1#
#35520
0#
#35530
b11011100 !
b11011100 1
b11011100 2
b11011100 U
0S
b11011100 (
b1110001011011100 T
0'
1#
#35540
0#
#35550
b100010 !
b100010 1
1I
1'
b110010110100010 $
b110010110100010 -
b110010110100010 8
b110010110100010 =
b110010110100010 B
b110010110100010 G
b110010110100010 L
b110010110100010 Q
b110010110100010 V
b110010110100010 [
b110010110100010 )
b10 "
b10 ,
b10 *
1#
#35560
0#
#35570
b10100010 !
b10100010 1
b10100010 4
b10100010 K
0I
b10100010 (
b1000001110100010 J
0'
1#
#35580
0#
#35590
b1111110100 !
b1111110100 1
1X
b110100100101 7
b110100100101 <
b1111010101110111 5
b1111010101110111 F
b1000001110100010 4
b1000001110100010 K
b1110001011011100 2
b1110001011011100 U
1'
b111101100001000 $
b111101100001000 -
b111101100001000 8
b111101100001000 =
b111101100001000 B
b111101100001000 G
b111101100001000 L
b111101100001000 Q
b111101100001000 V
b111101100001000 [
b111101100001000 )
b110 "
b110 ,
b110 *
b11 &
b11 .
b11 9
b11 C
b11 H
b11 R
b11 +
1#
#35600
0#
#35610
b111101100001000 !
b111101100001000 1
b111101100001000 0
b111101100001000 Y
0X
b111101100001000 (
b111101100001000 Z
0'
1#
#35620
0#
#35630
b1111010100000000 !
b1111010100000000 1
1D
b110100000000 7
b110100000000 <
b1111010100000000 5
b1111010100000000 F
b1000001100000000 4
b1000001100000000 K
b1110001000000000 2
b1110001000000000 U
1'
b100001000100101 $
b100001000100101 -
b100001000100101 8
b100001000100101 =
b100001000100101 B
b100001000100101 G
b100001000100101 L
b100001000100101 Q
b100001000100101 V
b100001000100101 [
b100001000100101 )
b1 "
b1 ,
b1 *
b10 &
b10 .
b10 9
b10 C
b10 H
b10 R
b10 +
1#
#35640
0#
#35650
b100001000000000 !
b100001000000000 1
b100001000000000 5
b100001000000000 F
0D
b100001000000000 (
b100001001110111 E
0'
1#
#35660
0#
#35670
b10100010010000 !
b10100010010000 1
1\
1'
b10011110000011 $
b10011110000011 -
b10011110000011 8
b10011110000011 =
b10011110000011 B
b10011110000011 G
b10011110000011 L
b10011110000011 Q
b10011110000011 V
b10011110000011 [
b10011110000011 )
b100 "
b100 ,
b100 *
1#
#35680
0#
#35690
b10011110000011 !
b10011110000011 1
b10011110000011 /
b10011110000011 ]
0\
b10011110000011 (
b10011110000011 ^
0'
1#
#35700
0#
#35710
b11011100 !
b11011100 1
1S
b100101 7
b100101 <
b1110111 5
b1110111 F
b10100010 4
b10100010 K
b11011100 2
b11011100 U
1'
b1110001001110101 $
b1110001001110101 -
b1110001001110101 8
b1110001001110101 =
b1110001001110101 B
b1110001001110101 G
b1110001001110101 L
b1110001001110101 Q
b1110001001110101 V
b1110001001110101 [
b1110001001110101 )
b11 "
b11 ,
b11 *
b1 &
b1 .
b1 9
b1 C
b1 H
b1 R
b1 +
1#
#35720
0#
#35730
b1110101 !
b1110101 1
b1110101 2
b1110101 U
0S
b1110101 (
b1110001001110101 T
0'
1#
#35740
0#
#35750
b10011110000011 !
b10011110000011 1
1\
b110100000000 7
b110100000000 <
b100001000000000 5
b100001000000000 F
b1000001100000000 4
b1000001100000000 K
b1110001000000000 2
b1110001000000000 U
1'
b10100001100100 $
b10100001100100 -
b10100001100100 8
b10100001100100 =
b10100001100100 B
b10100001100100 G
b10100001100100 L
b10100001100100 Q
b10100001100100 V
b10100001100100 [
b10100001100100 )
b100 "
b100 ,
b100 *
b10 &
b10 .
b10 9
b10 C
b10 H
b10 R
b10 +
1#
#35760
0#
#35770
b10100001100100 !
b10100001100100 1
b10100001100100 /
b10100001100100 ]
0\
b10100001100100 (
b10100001100100 ^
0'
1#
#35780
0#
#35790
b111101100001000 !
b111101100001000 1
1X
1'
b1000100110101011 $
b1000100110101011 -
b1000100110101011 8
b1000100110101011 =
b1000100110101011 B
b1000100110101011 G
b1000100110101011 L
b1000100110101011 Q
b1000100110101011 V
b1000100110101011 [
b1000100110101011 )
b110 "
b110 ,
b110 *
1#
#35800
0#
#35810
b1000100110101011 !
b1000100110101011 1
b1000100110101011 0
b1000100110101011 Y
0X
b1000100110101011 (
b1000100110101011 Z
0'
1#
#35820
0#
#35830
b1110101 !
b1110101 1
1S
b100101 7
b100101 <
b1110111 5
b1110111 F
b10100010 4
b10100010 K
b1110101 2
b1110101 U
1'
b110000011 $
b110000011 -
b110000011 8
b110000011 =
b110000011 B
b110000011 G
b110000011 L
b110000011 Q
b110000011 V
b110000011 [
b110000011 )
b11 "
b11 ,
b11 *
b1 &
b1 .
b1 9
b1 C
b1 H
b1 R
b1 +
1#
#35840
0#
#35850
b10000011 !
b10000011 1
b10000011 2
b10000011 U
0S
b10000011 (
b1110001010000011 T
0'
1#
#35860
0#
#35870
b101110000111000 !
b101110000111000 1
1?
b110100100101 7
b110100100101 <
b100001001110111 5
b100001001110111 F
b1000001110100010 4
b1000001110100010 K
b1110001010000011 2
b1110001010000011 U
1'
b1111010011010111 $
b1111010011010111 -
b1111010011010111 8
b1111010011010111 =
b1111010011010111 B
b1111010011010111 G
b1111010011010111 L
b1111010011010111 Q
b1111010011010111 V
b1111010011010111 [
b1111010011010111 )
b101 "
b101 ,
b101 *
b0 &
b0 .
b0 9
b0 C
b0 H
b0 R
b0 +
1#
#35880
0#
#35890
b1111010011010111 !
b1111010011010111 1
b1111010011010111 6
b1111010011010111 A
0?
b1111010011010111 (
b1111010011010111 @
0'
1#
#35900
0#
#35910
b100001001110111 !
b100001001110111 1
1D
1'
b101101100111001 $
b101101100111001 -
b101101100111001 8
b101101100111001 =
b101101100111001 B
b101101100111001 G
b101101100111001 L
b101101100111001 Q
b101101100111001 V
b101101100111001 [
b101101100111001 )
b1 "
b1 ,
b1 *
1#
#35920
0#
#35930
b101101100111001 !
b101101100111001 1
b101101100111001 5
b101101100111001 F
0D
b101101100111001 (
b101101100111001 E
0'
1#
#35940
0#
#35950
b1000100110101011 !
b1000100110101011 1
1X
1'
b1000001001110000 $
b1000001001110000 -
b1000001001110000 8
b1000001001110000 =
b1000001001110000 B
b1000001001110000 G
b1000001001110000 L
b1000001001110000 Q
b1000001001110000 V
b1000001001110000 [
b1000001001110000 )
b110 "
b110 ,
b110 *
1#
#35960
0#
#35970
b1000001001110000 !
b1000001001110000 1
b1000001001110000 0
b1000001001110000 Y
0X
b1000001001110000 (
b1000001001110000 Z
0'
1#
#35980
0#
#35990
b111001 !
b111001 1
1D
b100101 7
b100101 <
b111001 5
b111001 F
b10100010 4
b10100010 K
b10000011 2
b10000011 U
1'
b1010101111010101 $
b1010101111010101 -
b1010101111010101 8
b1010101111010101 =
b1010101111010101 B
b1010101111010101 G
b1010101111010101 L
b1010101111010101 Q
b1010101111010101 V
b1010101111010101 [
b1010101111010101 )
b1 "
b1 ,
b1 *
b1 &
b1 .
b1 9
b1 C
b1 H
b1 R
b1 +
1#
#36000
0#
#36010
b11010101 !
b11010101 1
b11010101 5
b11010101 F
0D
b11010101 (
b101101111010101 E
0'
1#
#36020
0#
#36030
b10100001100100 !
b10100001100100 1
1\
b110100100101 7
b110100100101 <
b101101111010101 5
b101101111010101 F
b1000001110100010 4
b1000001110100010 K
b1110001010000011 2
b1110001010000011 U
1'
b100101010011001 $
b100101010011001 -
b100101010011001 8
b100101010011001 =
b100101010011001 B
b100101010011001 G
b100101010011001 L
b100101010011001 Q
b100101010011001 V
b100101010011001 [
b100101010011001 )
b100 "
b100 ,
b100 *
b0 &
b0 .
b0 9
b0 C
b0 H
b0 R
b0 +
1#
#36040
0#
#36050
b100101010011001 !
b100101010011001 1
b100101010011001 /
b100101010011001 ]
0\
b100101010011001 (
b100101010011001 ^
0'
1#
#36060
0#
#36070
b100011111110101 !
b100011111110101 1
1N
b110100000000 7
b110100000000 <
b101101100000000 5
b101101100000000 F
b1000001100000000 4
b1000001100000000 K
b1110001000000000 2
b1110001000000000 U
1'
b1101010011000110 $
b1101010011000110 -
b1101010011000110 8
b1101010011000110 =
b1101010011000110 B
b1101010011000110 G
b1101010011000110 L
b1101010011000110 Q
b1101010011000110 V
b1101010011000110 [
b1101010011000110 )
b111 "
b111 ,
b111 *
b10 &
b10 .
b10 9
b10 C
b10 H
b10 R
b10 +
1#
#36080
0#
#36090
b1101010011000110 !
b1101010011000110 1
b1101010011000110 3
b1101010011000110 P
0N
b1101010011000110 (
b1101010011000110 O
0'
1#
#36100
0#
#36110
b1111010011010111 !
b1111010011010111 1
1?
b110100100101 7
b110100100101 <
b101101111010101 5
b101101111010101 F
b1000001110100010 4
b1000001110100010 K
b1110001010000011 2
b1110001010000011 U
1'
b100001000010110 $
b100001000010110 -
b100001000010110 8
b100001000010110 =
b100001000010110 B
b100001000010110 G
b100001000010110 L
b100001000010110 Q
b100001000010110 V
b100001000010110 [
b100001000010110 )
b101 "
b101 ,
b101 *
b11 &
b11 .
b11 9
b11 C
b11 H
b11 R
b11 +
1#
#36120
0#
#36130
b100001000010110 !
b100001000010110 1
b100001000010110 6
b100001000010110 A
0?
b100001000010110 (
b100001000010110 @
0'
1#
#36140
0#
#36150
b100101010011001 !
b100101010011001 1
1\
b100101 7
b100101 <
b11010101 5
b11010101 F
b10100010 4
b10100010 K
b10000011 2
b10000011 U
1'
b1100011111001100 $
b1100011111001100 -
b1100011111001100 8
b1100011111001100 =
b1100011111001100 B
b1100011111001100 G
b1100011111001100 L
b1100011111001100 Q
b1100011111001100 V
b1100011111001100 [
b1100011111001100 )
b100 "
b100 ,
b100 *
b1 &
b1 .
b1 9
b1 C
b1 H
b1 R
b1 +
1#
#36160
0#
#36170
b1100011111001100 !
b1100011111001100 1
b1100011111001100 /
b1100011111001100 ]
0\
b1100011111001100 (
b1100011111001100 ^
0'
1#
#36180
0#
#36190
b1101010011000110 !
b1101010011000110 1
1N
1'
b101110100101100 $
b101110100101100 -
b101110100101100 8
b101110100101100 =
b101110100101100 B
b101110100101100 G
b101110100101100 L
b101110100101100 Q
b101110100101100 V
b101110100101100 [
b101110100101100 )
b111 "
b111 ,
b111 *
1#
#36200
0#
#36210
b101110100101100 !
b101110100101100 1
b101110100101100 3
b101110100101100 P
0N
b101110100101100 (
b101110100101100 O
0'
1#
#36220
0#
#36230
1:
b110100100101 !
b110100100101 1
b110100100101 7
b110100100101 <
b101101111010101 5
b101101111010101 F
b1000001110100010 4
b1000001110100010 K
b1110001010000011 2
b1110001010000011 U
1'
b1101100110100 $
b1101100110100 -
b1101100110100 8
b1101100110100 =
b1101100110100 B
b1101100110100 G
b1101100110100 L
b1101100110100 Q
b1101100110100 V
b1101100110100 [
b1101100110100 )
b0 "
b0 ,
b0 *
b11 &
b11 .
b11 9
b11 C
b11 H
b11 R
b11 +
1#
#36240
0#
#36250
b1101100110100 !
b1101100110100 1
b1101100110100 7
b1101100110100 <
0:
b1101100110100 (
b1101100110100 ;
0'
1#
#36260
0#
#36270
1?
b100001000010110 !
b100001000010110 1
b1101100000000 7
b1101100000000 <
b101101100000000 5
b101101100000000 F
b1000001100000000 4
b1000001100000000 K
b1110001000000000 2
b1110001000000000 U
1'
b1010000001010101 $
b1010000001010101 -
b1010000001010101 8
b1010000001010101 =
b1010000001010101 B
b1010000001010101 G
b1010000001010101 L
b1010000001010101 Q
b1010000001010101 V
b1010000001010101 [
b1010000001010101 )
b101 "
b101 ,
b101 *
b10 &
b10 .
b10 9
b10 C
b10 H
b10 R
b10 +
1#
#36280
0#
#36290
b1010000001010101 !
b1010000001010101 1
b1010000001010101 6
b1010000001010101 A
0?
b1010000001010101 (
b1010000001010101 @
0'
1#
#36300
0#
#36310
b1000001100000000 !
b1000001100000000 1
1I
1'
b1011100110100000 $
b1011100110100000 -
b1011100110100000 8
b1011100110100000 =
b1011100110100000 B
b1011100110100000 G
b1011100110100000 L
b1011100110100000 Q
b1011100110100000 V
b1011100110100000 [
b1011100110100000 )
b10 "
b10 ,
b10 *
1#
#36320
0#
#36330
b1011100100000000 !
b1011100100000000 1
b1011100100000000 4
b1011100100000000 K
0I
b1011100100000000 (
b1011100110100010 J
0'
1#
#36340
0#
#36350
b1100011111001100 !
b1100011111001100 1
1\
1'
b101101011011011 $
b101101011011011 -
b101101011011011 8
b101101011011011 =
b101101011011011 B
b101101011011011 G
b101101011011011 L
b101101011011011 Q
b101101011011011 V
b101101011011011 [
b101101011011011 )
b100 "
b100 ,
b100 *
1#
#36360
0#
#36370
b101101011011011 !
b101101011011011 1
b101101011011011 /
b101101011011011 ]
0\
b101101011011011 (
b101101011011011 ^
0'
1#
#36380
0#
#36390
b11010101 !
b11010101 1
1D
b110100 7
b110100 <
b11010101 5
b11010101 F
b10100010 4
b10100010 K
b10000011 2
b10000011 U
1'
b111001001000111 $
b111001001000111 -
b111001001000111 8
b111001001000111 =
b111001001000111 B
b111001001000111 G
b111001001000111 L
b111001001000111 Q
b111001001000111 V
b111001001000111 [
b111001001000111 )
b1 "
b1 ,
b1 *
b1 &
b1 .
b1 9
b1 C
b1 H
b1 R
b1 +
1#
#36400
0#
#36410
b1000111 !
b1000111 1
b1000111 5
b1000111 F
0D
b1000111 (
b101101101000111 E
0'
1#
#36420
0#
#36430
b1110001010000011 !
b1110001010000011 1
1S
b1101100110100 7
b1101100110100 <
b101101101000111 5
b101101101000111 F
b1011100110100010 4
b1011100110100010 K
b1110001010000011 2
b1110001010000011 U
1'
b10110101111101 $
b10110101111101 -
b10110101111101 8
b10110101111101 =
b10110101111101 B
b10110101111101 G
b10110101111101 L
b10110101111101 Q
b10110101111101 V
b10110101111101 [
b10110101111101 )
b11 "
b11 ,
b11 *
b11 &
b11 .
b11 9
b11 C
b11 H
b11 R
b11 +
1#
#36440
0#
#36450
b10110101111101 !
b10110101111101 1
b10110101111101 2
b10110101111101 U
0S
b10110101111101 (
b10110101111101 T
0'
1#
#36460
0#
#36470
b1000001001110000 !
b1000001001110000 1
1X
b110100 7
b110100 <
b1000111 5
b1000111 F
b10100010 4
b10100010 K
b1111101 2
b1111101 U
1'
b1010011110001011 $
b1010011110001011 -
b1010011110001011 8
b1010011110001011 =
b1010011110001011 B
b1010011110001011 G
b1010011110001011 L
b1010011110001011 Q
b1010011110001011 V
b1010011110001011 [
b1010011110001011 )
b110 "
b110 ,
b110 *
b1 &
b1 .
b1 9
b1 C
b1 H
b1 R
b1 +
1#
#36480
0#
#36490
b1010011110001011 !
b1010011110001011 1
b1010011110001011 0
b1010011110001011 Y
0X
b1010011110001011 (
b1010011110001011 Z
0'
1#
#36500
0#
#36510
b1010000001010101 !
b1010000001010101 1
1?
b1101100000000 7
b1101100000000 <
b101101100000000 5
b101101100000000 F
b1011100100000000 4
b1011100100000000 K
b10110100000000 2
b10110100000000 U
1'
b11101101111111 $
b11101101111111 -
b11101101111111 8
b11101101111111 =
b11101101111111 B
b11101101111111 G
b11101101111111 L
b11101101111111 Q
b11101101111111 V
b11101101111111 [
b11101101111111 )
b101 "
b101 ,
b101 *
b10 &
b10 .
b10 9
b10 C
b10 H
b10 R
b10 +
1#
#36520
0#
#36530
b11101101111111 !
b11101101111111 1
b11101101111111 6
b11101101111111 A
0?
b11101101111111 (
b11101101111111 @
0'
1#
#36540
0#
#36550
b101110100101100 !
b101110100101100 1
1N
1'
b1110000110100100 $
b1110000110100100 -
b1110000110100100 8
b1110000110100100 =
b1110000110100100 B
b1110000110100100 G
b1110000110100100 L
b1110000110100100 Q
b1110000110100100 V
b1110000110100100 [
b1110000110100100 )
b111 "
b111 ,
b111 *
1#
#36560
0#
#36570
b1110000110100100 !
b1110000110100100 1
b1110000110100100 3
b1110000110100100 P
0N
b1110000110100100 (
b1110000110100100 O
0'
1#
#36580
0#
#36590
b11101101111111 !
b11101101111111 1
1?
b110100 7
b110100 <
b1000111 5
b1000111 F
b10100010 4
b10100010 K
b1111101 2
b1111101 U
1'
b11110110001011 $
b11110110001011 -
b11110110001011 8
b11110110001011 =
b11110110001011 B
b11110110001011 G
b11110110001011 L
b11110110001011 Q
b11110110001011 V
b11110110001011 [
b11110110001011 )
b101 "
b101 ,
b101 *
b1 &
b1 .
b1 9
b1 C
b1 H
b1 R
b1 +
1#
#36600
0#
#36610
b11110110001011 !
b11110110001011 1
b11110110001011 6
b11110110001011 A
0?
b11110110001011 (
b11110110001011 @
0'
1#
#36620
0#
#36630
b1010011110001011 !
b1010011110001011 1
1X
b1101100000000 7
b1101100000000 <
b101101100000000 5
b101101100000000 F
b1011100100000000 4
b1011100100000000 K
b10110100000000 2
b10110100000000 U
1'
b111010011011001 $
b111010011011001 -
b111010011011001 8
b111010011011001 =
b111010011011001 B
b111010011011001 G
b111010011011001 L
b111010011011001 Q
b111010011011001 V
b111010011011001 [
b111010011011001 )
b110 "
b110 ,
b110 *
b10 &
b10 .
b10 9
b10 C
b10 H
b10 R
b10 +
1#
#36640
0#
#36650
b111010011011001 !
b111010011011001 1
b111010011011001 0
b111010011011001 Y
0X
b111010011011001 (
b111010011011001 Z
0'
1#
#36660
0#
#36670
b10100010 !
b10100010 1
1I
b110100 7
b110100 <
b1000111 5
b1000111 F
b10100010 4
b10100010 K
b1111101 2
b1111101 U
1'
b1011000110111000 $
b1011000110111000 -
b1011000110111000 8
b1011000110111000 =
b1011000110111000 B
b1011000110111000 G
b1011000110111000 L
b1011000110111000 Q
b1011000110111000 V
b1011000110111000 [
b1011000110111000 )
b10 "
b10 ,
b10 *
b1 &
b1 .
b1 9
b1 C
b1 H
b1 R
b1 +
1#
#36680
0#
#36690
b10111000 !
b10111000 1
b10111000 4
b10111000 K
0I
b10111000 (
b1011100110111000 J
0'
1#
#36700
0#
#36710
b101101011011011 !
b101101011011011 1
1\
b1101100110100 7
b1101100110100 <
b101101101000111 5
b101101101000111 F
b1011100110111000 4
b1011100110111000 K
b10110101111101 2
b10110101111101 U
1'
b10010110110001 $
b10010110110001 -
b10010110110001 8
b10010110110001 =
b10010110110001 B
b10010110110001 G
b10010110110001 L
b10010110110001 Q
b10010110110001 V
b10010110110001 [
b10010110110001 )
b100 "
b100 ,
b100 *
b11 &
b11 .
b11 9
b11 C
b11 H
b11 R
b11 +
1#
#36720
0#
#36730
b10010110110001 !
b10010110110001 1
b10010110110001 /
b10010110110001 ]
0\
b10010110110001 (
b10010110110001 ^
0'
1#
#36740
0#
#36750
b1011100100000000 !
b1011100100000000 1
1I
b1101100000000 7
b1101100000000 <
b101101100000000 5
b101101100000000 F
b1011100100000000 4
b1011100100000000 K
b10110100000000 2
b10110100000000 U
1'
b1110011101101111 $
b1110011101101111 -
b1110011101101111 8
b1110011101101111 =
b1110011101101111 B
b1110011101101111 G
b1110011101101111 L
b1110011101101111 Q
b1110011101101111 V
b1110011101101111 [
b1110011101101111 )
b10 "
b10 ,
b10 *
b10 &
b10 .
b10 9
b10 C
b10 H
b10 R
b10 +
1#
#36760
0#
#36770
b1110011100000000 !
b1110011100000000 1
b1110011100000000 4
b1110011100000000 K
0I
b1110011100000000 (
b1110011110111000 J
0'
1#
#36780
0#
#36790
b1110000110100100 !
b1110000110100100 1
1N
1'
b1100001110010101 $
b1100001110010101 -
b1100001110010101 8
b1100001110010101 =
b1100001110010101 B
b1100001110010101 G
b1100001110010101 L
b1100001110010101 Q
b1100001110010101 V
b1100001110010101 [
b1100001110010101 )
b111 "
b111 ,
b111 *
1#
#36800
0#
#36810
b1100001110010101 !
b1100001110010101 1
b1100001110010101 3
b1100001110010101 P
0N
b1100001110010101 (
b1100001110010101 O
0'
1#
#36820
0#
#36830
b101101100000000 !
b101101100000000 1
1D
1'
b10111011110101 $
b10111011110101 -
b10111011110101 8
b10111011110101 =
b10111011110101 B
b10111011110101 G
b10111011110101 L
b10111011110101 Q
b10111011110101 V
b10111011110101 [
b10111011110101 )
b1 "
b1 ,
b1 *
1#
#36840
0#
#36850
b10111000000000 !
b10111000000000 1
b10111000000000 5
b10111000000000 F
0D
b10111000000000 (
b10111001000111 E
0'
1#
#36860
0#
#36870
b111010011011001 !
b111010011011001 1
1X
1'
b1100011110010011 $
b1100011110010011 -
b1100011110010011 8
b1100011110010011 =
b1100011110010011 B
b1100011110010011 G
b1100011110010011 L
b1100011110010011 Q
b1100011110010011 V
b1100011110010011 [
b1100011110010011 )
b110 "
b110 ,
b110 *
1#
#36880
0#
#36890
b1100011110010011 !
b1100011110010011 1
b1100011110010011 0
b1100011110010011 Y
0X
b1100011110010011 (
b1100011110010011 Z
0'
1#
#36900
0#
#36910
b1100001110010101 !
b1100001110010101 1
1N
b110100 7
b110100 <
b1000111 5
b1000111 F
b10111000 4
b10111000 K
b1111101 2
b1111101 U
1'
b1111101110111010 $
b1111101110111010 -
b1111101110111010 8
b1111101110111010 =
b1111101110111010 B
b1111101110111010 G
b1111101110111010 L
b1111101110111010 Q
b1111101110111010 V
b1111101110111010 [
b1111101110111010 )
b111 "
b111 ,
b111 *
b1 &
b1 .
b1 9
b1 C
b1 H
b1 R
b1 +
1#
#36920
0#
#36930
b1111101110111010 !
b1111101110111010 1
b1111101110111010 3
b1111101110111010 P
0N
b1111101110111010 (
b1111101110111010 O
0'
1#
#36940
0#
#36950
1N
b1101100110100 7
b1101100110100 <
b10111001000111 5
b10111001000111 F
b1110011110111000 4
b1110011110111000 K
b10110101111101 2
b10110101111101 U
1'
b1111100100111011 $
b1111100100111011 -
b1111100100111011 8
b1111100100111011 =
b1111100100111011 B
b1111100100111011 G
b1111100100111011 L
b1111100100111011 Q
b1111100100111011 V
b1111100100111011 [
b1111100100111011 )
b11 &
b11 .
b11 9
b11 C
b11 H
b11 R
b11 +
1#
#36960
0#
#36970
b1111100100111011 !
b1111100100111011 1
b1111100100111011 3
b1111100100111011 P
0N
b1111100100111011 (
b1111100100111011 O
0'
1#
#36980
0#
#36990
b11110110001011 !
b11110110001011 1
1?
b110100 7
b110100 <
b1000111 5
b1000111 F
b10111000 4
b10111000 K
b1111101 2
b1111101 U
1'
b1110110001000110 $
b1110110001000110 -
b1110110001000110 8
b1110110001000110 =
b1110110001000110 B
b1110110001000110 G
b1110110001000110 L
b1110110001000110 Q
b1110110001000110 V
b1110110001000110 [
b1110110001000110 )
b101 "
b101 ,
b101 *
b1 &
b1 .
b1 9
b1 C
b1 H
b1 R
b1 +
1#
#37000
0#
#37010
b1110110001000110 !
b1110110001000110 1
b1110110001000110 6
b1110110001000110 A
0?
b1110110001000110 (
b1110110001000110 @
0'
1#
#37020
0#
#37030
b1100011110010011 !
b1100011110010011 1
1X
1'
b101001010110 $
b101001010110 -
b101001010110 8
b101001010110 =
b101001010110 B
b101001010110 G
b101001010110 L
b101001010110 Q
b101001010110 V
b101001010110 [
b101001010110 )
b110 "
b110 ,
b110 *
1#
#37040
0#
#37050
b101001010110 !
b101001010110 1
b101001010110 0
b101001010110 Y
0X
b101001010110 (
b101001010110 Z
0'
1#
#37060
0#
#37070
b1111100100111011 !
b1111100100111011 1
1N
b1101100110100 7
b1101100110100 <
b10111001000111 5
b10111001000111 F
b1110011110111000 4
b1110011110111000 K
b10110101111101 2
b10110101111101 U
1'
b110101001011 $
b110101001011 -
b110101001011 8
b110101001011 =
b110101001011 B
b110101001011 G
b110101001011 L
b110101001011 Q
b110101001011 V
b110101001011 [
b110101001011 )
b111 "
b111 ,
b111 *
b0 &
b0 .
b0 9
b0 C
b0 H
b0 R
b0 +
1#
#37080
0#
#37090
b110101001011 !
b110101001011 1
b110101001011 3
b110101001011 P
0N
b110101001011 (
b110101001011 O
0'
1#
#37100
0#
#37110
b1110110001000110 !
b1110110001000110 1
1?
b110100 7
b110100 <
b1000111 5
b1000111 F
b10111000 4
b10111000 K
b1111101 2
b1111101 U
1'
b11101000100001 $
b11101000100001 -
b11101000100001 8
b11101000100001 =
b11101000100001 B
b11101000100001 G
b11101000100001 L
b11101000100001 Q
b11101000100001 V
b11101000100001 [
b11101000100001 )
b101 "
b101 ,
b101 *
b1 &
b1 .
b1 9
b1 C
b1 H
b1 R
b1 +
1#
#37120
0#
#37130
b11101000100001 !
b11101000100001 1
b11101000100001 6
b11101000100001 A
0?
b11101000100001 (
b11101000100001 @
0'
1#
#37140
0#
#37150
b110101001011 !
b110101001011 1
1N
1'
b1101110101010111 $
b1101110101010111 -
b1101110101010111 8
b1101110101010111 =
b1101110101010111 B
b1101110101010111 G
b1101110101010111 L
b1101110101010111 Q
b1101110101010111 V
b1101110101010111 [
b1101110101010111 )
b111 "
b111 ,
b111 *
1#
#37160
0#
#37170
b1101110101010111 !
b1101110101010111 1
b1101110101010111 3
b1101110101010111 P
0N
b1101110101010111 (
b1101110101010111 O
0'
1#
#37180
0#
#37190
b10110101111101 !
b10110101111101 1
1S
b1101100110100 7
b1101100110100 <
b10111001000111 5
b10111001000111 F
b1110011110111000 4
b1110011110111000 K
b10110101111101 2
b10110101111101 U
1'
b1111001011001011 $
b1111001011001011 -
b1111001011001011 8
b1111001011001011 =
b1111001011001011 B
b1111001011001011 G
b1111001011001011 L
b1111001011001011 Q
b1111001011001011 V
b1111001011001011 [
b1111001011001011 )
b11 "
b11 ,
b11 *
b0 &
b0 .
b0 9
b0 C
b0 H
b0 R
b0 +
1#
#37200
0#
#37210
b1111001011001011 !
b1111001011001011 1
b1111001011001011 2
b1111001011001011 U
0S
b1111001011001011 (
b1111001011001011 T
0'
1#
#37220
0#
#37230
b1101110101010111 !
b1101110101010111 1
1N
1'
b111010000110010 $
b111010000110010 -
b111010000110010 8
b111010000110010 =
b111010000110010 B
b111010000110010 G
b111010000110010 L
b111010000110010 Q
b111010000110010 V
b111010000110010 [
b111010000110010 )
b111 "
b111 ,
b111 *
1#
#37240
0#
#37250
b111010000110010 !
b111010000110010 1
b111010000110010 3
b111010000110010 P
0N
b111010000110010 (
b111010000110010 O
0'
1#
#37260
0#
#37270
b1110011100000000 !
b1110011100000000 1
1I
b1101100000000 7
b1101100000000 <
b10111000000000 5
b10111000000000 F
b1110011100000000 4
b1110011100000000 K
b1111001000000000 2
b1111001000000000 U
1'
b110100011100001 $
b110100011100001 -
b110100011100001 8
b110100011100001 =
b110100011100001 B
b110100011100001 G
b110100011100001 L
b110100011100001 Q
b110100011100001 V
b110100011100001 [
b110100011100001 )
b10 "
b10 ,
b10 *
b10 &
b10 .
b10 9
b10 C
b10 H
b10 R
b10 +
1#
#37280
0#
#37290
b110100000000000 !
b110100000000000 1
b110100000000000 4
b110100000000000 K
0I
b110100000000000 (
b110100010111000 J
0'
1#
#37300
0#
#37310
b11001011 !
b11001011 1
1S
b110100 7
b110100 <
b1000111 5
b1000111 F
b10111000 4
b10111000 K
b11001011 2
b11001011 U
1'
b1011000010000001 $
b1011000010000001 -
b1011000010000001 8
b1011000010000001 =
b1011000010000001 B
b1011000010000001 G
b1011000010000001 L
b1011000010000001 Q
b1011000010000001 V
b1011000010000001 [
b1011000010000001 )
b11 "
b11 ,
b11 *
b1 &
b1 .
b1 9
b1 C
b1 H
b1 R
b1 +
1#
#37320
0#
#37330
b10000001 !
b10000001 1
b10000001 2
b10000001 U
0S
b10000001 (
b1111001010000001 T
0'
1#
#37340
0#
#37350
1:
b110100 !
b110100 1
1'
b100001100011010 $
b100001100011010 -
b100001100011010 8
b100001100011010 =
b100001100011010 B
b100001100011010 G
b100001100011010 L
b100001100011010 Q
b100001100011010 V
b100001100011010 [
b100001100011010 )
b0 "
b0 ,
b0 *
1#
#37360
0#
#37370
b11010 !
b11010 1
b11010 7
b11010 <
0:
b11010 (
b1101100011010 ;
0'
1#
#37380
0#
#37390
1N
b111010000110010 !
b111010000110010 1
1'
b100010001100110 $
b100010001100110 -
b100010001100110 8
b100010001100110 =
b100010001100110 B
b100010001100110 G
b100010001100110 L
b100010001100110 Q
b100010001100110 V
b100010001100110 [
b100010001100110 )
b111 "
b111 ,
b111 *
1#
#37400
0#
#37410
b100010001100110 !
b100010001100110 1
b100010001100110 3
b100010001100110 P
0N
b100010001100110 (
b100010001100110 O
0'
1#
#37420
0#
#37430
b10010110110001 !
b10010110110001 1
1\
b1101100011010 7
b1101100011010 <
b10111001000111 5
b10111001000111 F
b110100010111000 4
b110100010111000 K
b1111001010000001 2
b1111001010000001 U
1'
b10110010011001 $
b10110010011001 -
b10110010011001 8
b10110010011001 =
b10110010011001 B
b10110010011001 G
b10110010011001 L
b10110010011001 Q
b10110010011001 V
b10110010011001 [
b10110010011001 )
b100 "
b100 ,
b100 *
b0 &
b0 .
b0 9
b0 C
b0 H
b0 R
b0 +
1#
#37440
0#
#37450
b10110010011001 !
b10110010011001 1
b10110010011001 /
b10110010011001 ]
0\
b10110010011001 (
b10110010011001 ^
0'
1#
#37460
0#
#37470
b110100000000000 !
b110100000000000 1
1I
b1101100000000 7
b1101100000000 <
b10111000000000 5
b10111000000000 F
b110100000000000 4
b110100000000000 K
b1111001000000000 2
b1111001000000000 U
1'
b1101111001010010 $
b1101111001010010 -
b1101111001010010 8
b1101111001010010 =
b1101111001010010 B
b1101111001010010 G
b1101111001010010 L
b1101111001010010 Q
b1101111001010010 V
b1101111001010010 [
b1101111001010010 )
b10 "
b10 ,
b10 *
b10 &
b10 .
b10 9
b10 C
b10 H
b10 R
b10 +
1#
#37480
0#
#37490
b1101111000000000 !
b1101111000000000 1
b1101111000000000 4
b1101111000000000 K
0I
b1101111000000000 (
b1101111010111000 J
0'
1#
#37500
0#
#37510
1:
b1101100011010 !
b1101100011010 1
b1101100011010 7
b1101100011010 <
b10111001000111 5
b10111001000111 F
b1101111010111000 4
b1101111010111000 K
b1111001010000001 2
b1111001010000001 U
1'
b111111010011000 $
b111111010011000 -
b111111010011000 8
b111111010011000 =
b111111010011000 B
b111111010011000 G
b111111010011000 L
b111111010011000 Q
b111111010011000 V
b111111010011000 [
b111111010011000 )
b0 "
b0 ,
b0 *
b0 &
b0 .
b0 9
b0 C
b0 H
b0 R
b0 +
1#
#37520
0#
#37530
b111111010011000 !
b111111010011000 1
b111111010011000 7
b111111010011000 <
0:
b111111010011000 (
b111111010011000 ;
0'
1#
#37540
0#
#37550
1S
b1111001000000000 !
b1111001000000000 1
b111111000000000 7
b111111000000000 <
b10111000000000 5
b10111000000000 F
b1101111000000000 4
b1101111000000000 K
b1111001000000000 2
b1111001000000000 U
1'
b100111101111101 $
b100111101111101 -
b100111101111101 8
b100111101111101 =
b100111101111101 B
b100111101111101 G
b100111101111101 L
b100111101111101 Q
b100111101111101 V
b100111101111101 [
b100111101111101 )
b11 "
b11 ,
b11 *
b10 &
b10 .
b10 9
b10 C
b10 H
b10 R
b10 +
1#
#37560
0#
#37570
b100111100000000 !
b100111100000000 1
b100111100000000 2
b100111100000000 U
0S
b100111100000000 (
b100111110000001 T
0'
1#
#37580
0#
#37590
b100010001100110 !
b100010001100110 1
1N
b111111010011000 7
b111111010011000 <
b10111001000111 5
b10111001000111 F
b1101111010111000 4
b1101111010111000 K
b100111110000001 2
b100111110000001 U
1'
b1110010000111011 $
b1110010000111011 -
b1110010000111011 8
b1110010000111011 =
b1110010000111011 B
b1110010000111011 G
b1110010000111011 L
b1110010000111011 Q
b1110010000111011 V
b1110010000111011 [
b1110010000111011 )
b111 "
b111 ,
b111 *
b11 &
b11 .
b11 9
b11 C
b11 H
b11 R
b11 +
1#
#37600
0#
#37610
b1110010000111011 !
b1110010000111011 1
b1110010000111011 3
b1110010000111011 P
0N
b1110010000111011 (
b1110010000111011 O
0'
1#
#37620
0#
#37630
b10111001000111 !
b10111001000111 1
1D
1'
b1001101001111100 $
b1001101001111100 -
b1001101001111100 8
b1001101001111100 =
b1001101001111100 B
b1001101001111100 G
b1001101001111100 L
b1001101001111100 Q
b1001101001111100 V
b1001101001111100 [
b1001101001111100 )
b1 "
b1 ,
b1 *
1#
#37640
0#
#37650
b1001101001111100 !
b1001101001111100 1
b1001101001111100 5
b1001101001111100 F
0D
b1001101001111100 (
b1001101001111100 E
0'
1#
#37660
0#
#37670
b11101000100001 !
b11101000100001 1
1?
b111111000000000 7
b111111000000000 <
b1001101000000000 5
b1001101000000000 F
b1101111000000000 4
b1101111000000000 K
b100111100000000 2
b100111100000000 U
1'
b1110110111100111 $
b1110110111100111 -
b1110110111100111 8
b1110110111100111 =
b1110110111100111 B
b1110110111100111 G
b1110110111100111 L
b1110110111100111 Q
b1110110111100111 V
b1110110111100111 [
b1110110111100111 )
b101 "
b101 ,
b101 *
b10 &
b10 .
b10 9
b10 C
b10 H
b10 R
b10 +
1#
#37680
0#
#37690
b1110110111100111 !
b1110110111100111 1
b1110110111100111 6
b1110110111100111 A
0?
b1110110111100111 (
b1110110111100111 @
0'
1#
#37700
0#
#37710
1:
b111111010011000 !
b111111010011000 1
b111111010011000 7
b111111010011000 <
b1001101001111100 5
b1001101001111100 F
b1101111010111000 4
b1101111010111000 K
b100111110000001 2
b100111110000001 U
1'
b10101000001110 $
b10101000001110 -
b10101000001110 8
b10101000001110 =
b10101000001110 B
b10101000001110 G
b10101000001110 L
b10101000001110 Q
b10101000001110 V
b10101000001110 [
b10101000001110 )
b0 "
b0 ,
b0 *
b11 &
b11 .
b11 9
b11 C
b11 H
b11 R
b11 +
1#
#37720
0#
#37730
b10101000001110 !
b10101000001110 1
b10101000001110 7
b10101000001110 <
0:
b10101000001110 (
b10101000001110 ;
0'
1#
#37740
0#
#37750
1N
b1110010000111011 !
b1110010000111011 1
1'
b1011100010111110 $
b1011100010111110 -
b1011100010111110 8
b1011100010111110 =
b1011100010111110 B
b1011100010111110 G
b1011100010111110 L
b1011100010111110 Q
b1011100010111110 V
b1011100010111110 [
b1011100010111110 )
b111 "
b111 ,
b111 *
1#
#37760
0#
#37770
b1011100010111110 !
b1011100010111110 1
b1011100010111110 3
b1011100010111110 P
0N
b1011100010111110 (
b1011100010111110 O
0'
1#
#37780
0#
#37790
b100111110000001 !
b100111110000001 1
1S
1'
b1101101110001111 $
b1101101110001111 -
b1101101110001111 8
b1101101110001111 =
b1101101110001111 B
b1101101110001111 G
b1101101110001111 L
b1101101110001111 Q
b1101101110001111 V
b1101101110001111 [
b1101101110001111 )
b11 "
b11 ,
b11 *
b0 &
b0 .
b0 9
b0 C
b0 H
b0 R
b0 +
1#
#37800
0#
#37810
b1101101110001111 !
b1101101110001111 1
b1101101110001111 2
b1101101110001111 U
0S
b1101101110001111 (
b1101101110001111 T
0'
1#
#37820
0#
#37830
1:
b1110 !
b1110 1
b1110 7
b1110 <
b1111100 5
b1111100 F
b10111000 4
b10111000 K
b10001111 2
b10001111 U
1'
b1001000011100111 $
b1001000011100111 -
b1001000011100111 8
b1001000011100111 =
b1001000011100111 B
b1001000011100111 G
b1001000011100111 L
b1001000011100111 Q
b1001000011100111 V
b1001000011100111 [
b1001000011100111 )
b0 "
b0 ,
b0 *
b1 &
b1 .
b1 9
b1 C
b1 H
b1 R
b1 +
1#
#37840
0#
#37850
b11100111 !
b11100111 1
b11100111 7
b11100111 <
0:
b11100111 (
b10101011100111 ;
0'
1#
#37860
0#
#37870
1I
b1101111000000000 !
b1101111000000000 1
b10101000000000 7
b10101000000000 <
b1001101000000000 5
b1001101000000000 F
b1101111000000000 4
b1101111000000000 K
b1101101100000000 2
b1101101100000000 U
1'
b10100011011000 $
b10100011011000 -
b10100011011000 8
b10100011011000 =
b10100011011000 B
b10100011011000 G
b10100011011000 L
b10100011011000 Q
b10100011011000 V
b10100011011000 [
b10100011011000 )
b10 "
b10 ,
b10 *
b10 &
b10 .
b10 9
b10 C
b10 H
b10 R
b10 +
1#
#37880
0#
#37890
b10100000000000 !
b10100000000000 1
b10100000000000 4
b10100000000000 K
0I
b10100000000000 (
b10100010111000 J
0'
1#
#37900
0#
#37910
b1110110111100111 !
b1110110111100111 1
1?
b10101011100111 7
b10101011100111 <
b1001101001111100 5
b1001101001111100 F
b10100010111000 4
b10100010111000 K
b1101101110001111 2
b1101101110001111 U
1'
b1000101101101110 $
b1000101101101110 -
b1000101101101110 8
b1000101101101110 =
b1000101101101110 B
b1000101101101110 G
b1000101101101110 L
b1000101101101110 Q
b1000101101101110 V
b1000101101101110 [
b1000101101101110 )
b101 "
b101 ,
b101 *
b0 &
b0 .
b0 9
b0 C
b0 H
b0 R
b0 +
1#
#37920
0#
#37930
b1000101101101110 !
b1000101101101110 1
b1000101101101110 6
b1000101101101110 A
0?
b1000101101101110 (
b1000101101101110 @
0'
1#
#37940
0#
#37950
b10110010011001 !
b10110010011001 1
1\
b10101000000000 7
b10101000000000 <
b1001101000000000 5
b1001101000000000 F
b10100000000000 4
b10100000000000 K
b1101101100000000 2
b1101101100000000 U
1'
b100110001100111 $
b100110001100111 -
b100110001100111 8
b100110001100111 =
b100110001100111 B
b100110001100111 G
b100110001100111 L
b100110001100111 Q
b100110001100111 V
b100110001100111 [
b100110001100111 )
b100 "
b100 ,
b100 *
b10 &
b10 .
b10 9
b10 C
b10 H
b10 R
b10 +
1#
#37960
0#
#37970
b100110001100111 !
b100110001100111 1
b100110001100111 /
b100110001100111 ]
0\
b100110001100111 (
b100110001100111 ^
0'
1#
#37980
0#
#37990
b10001111 !
b10001111 1
1S
b11100111 7
b11100111 <
b1111100 5
b1111100 F
b10111000 4
b10111000 K
b10001111 2
b10001111 U
1'
b10101101111110 $
b10101101111110 -
b10101101111110 8
b10101101111110 =
b10101101111110 B
b10101101111110 G
b10101101111110 L
b10101101111110 Q
b10101101111110 V
b10101101111110 [
b10101101111110 )
b11 "
b11 ,
b11 *
b1 &
b1 .
b1 9
b1 C
b1 H
b1 R
b1 +
1#
#38000
0#
#38010
b1111110 !
b1111110 1
b1111110 2
b1111110 U
0S
b1111110 (
b1101101101111110 T
0'
1#
#38020
0#
#38030
b1001101001111100 !
b1001101001111100 1
1D
b10101011100111 7
b10101011100111 <
b1001101001111100 5
b1001101001111100 F
b10100010111000 4
b10100010111000 K
b1101101101111110 2
b1101101101111110 U
1'
b101111101110001 $
b101111101110001 -
b101111101110001 8
b101111101110001 =
b101111101110001 B
b101111101110001 G
b101111101110001 L
b101111101110001 Q
b101111101110001 V
b101111101110001 [
b101111101110001 )
b1 "
b1 ,
b1 *
b0 &
b0 .
b0 9
b0 C
b0 H
b0 R
b0 +
1#
#38040
0#
#38050
b101111101110001 !
b101111101110001 1
b101111101110001 5
b101111101110001 F
0D
b101111101110001 (
b101111101110001 E
0'
1#
#38060
0#
#38070
b10100010111000 !
b10100010111000 1
1I
1'
b100110100 $
b100110100 -
b100110100 8
b100110100 =
b100110100 B
b100110100 G
b100110100 L
b100110100 Q
b100110100 V
b100110100 [
b100110100 )
b10 "
b10 ,
b10 *
b11 &
b11 .
b11 9
b11 C
b11 H
b11 R
b11 +
1#
#38080
0#
#38090
b100110100 !
b100110100 1
b100110100 4
b100110100 K
0I
b100110100 (
b100110100 J
0'
1#
#38100
0#
#38110
b100110001100111 !
b100110001100111 1
1\
b10101000000000 7
b10101000000000 <
b101111100000000 5
b101111100000000 F
b100000000 4
b100000000 K
b1101101100000000 2
b1101101100000000 U
1'
b110101110110011 $
b110101110110011 -
b110101110110011 8
b110101110110011 =
b110101110110011 B
b110101110110011 G
b110101110110011 L
b110101110110011 Q
b110101110110011 V
b110101110110011 [
b110101110110011 )
b100 "
b100 ,
b100 *
b10 &
b10 .
b10 9
b10 C
b10 H
b10 R
b10 +
1#
#38120
0#
#38130
b110101110110011 !
b110101110110011 1
b110101110110011 /
b110101110110011 ]
0\
b110101110110011 (
b110101110110011 ^
0'
1#
#38140
0#
#38150
b101001010110 !
b101001010110 1
1X
1'
b100001111000110 $
b100001111000110 -
b100001111000110 8
b100001111000110 =
b100001111000110 B
b100001111000110 G
b100001111000110 L
b100001111000110 Q
b100001111000110 V
b100001111000110 [
b100001111000110 )
b110 "
b110 ,
b110 *
1#
#38160
0#
#38170
b100001111000110 !
b100001111000110 1
b100001111000110 0
b100001111000110 Y
0X
b100001111000110 (
b100001111000110 Z
0'
1#
#38180
0#
#38190
b1000101101101110 !
b1000101101101110 1
1?
1'
b1010000110000011 $
b1010000110000011 -
b1010000110000011 8
b1010000110000011 =
b1010000110000011 B
b1010000110000011 G
b1010000110000011 L
b1010000110000011 Q
b1010000110000011 V
b1010000110000011 [
b1010000110000011 )
b101 "
b101 ,
b101 *
1#
#38200
0#
#38210
b1010000110000011 !
b1010000110000011 1
b1010000110000011 6
b1010000110000011 A
0?
b1010000110000011 (
b1010000110000011 @
0'
1#
#38220
0#
#38230
1:
b10101011100111 !
b10101011100111 1
b10101011100111 7
b10101011100111 <
b101111101110001 5
b101111101110001 F
b100110100 4
b100110100 K
b1101101101111110 2
b1101101101111110 U
1'
b111110100001000 $
b111110100001000 -
b111110100001000 8
b111110100001000 =
b111110100001000 B
b111110100001000 G
b111110100001000 L
b111110100001000 Q
b111110100001000 V
b111110100001000 [
b111110100001000 )
b0 "
b0 ,
b0 *
b11 &
b11 .
b11 9
b11 C
b11 H
b11 R
b11 +
1#
#38240
0#
#38250
b111110100001000 !
b111110100001000 1
b111110100001000 7
b111110100001000 <
0:
b111110100001000 (
b111110100001000 ;
0'
1#
#38260
0#
#38270
1I
b110100 !
b110100 1
b1000 7
b1000 <
b1110001 5
b1110001 F
b110100 4
b110100 K
b1111110 2
b1111110 U
1'
b110011110000010 $
b110011110000010 -
b110011110000010 8
b110011110000010 =
b110011110000010 B
b110011110000010 G
b110011110000010 L
b110011110000010 Q
b110011110000010 V
b110011110000010 [
b110011110000010 )
b10 "
b10 ,
b10 *
b1 &
b1 .
b1 9
b1 C
b1 H
b1 R
b1 +
1#
#38280
0#
#38290
b10000010 !
b10000010 1
b10000010 4
b10000010 K
0I
b10000010 (
b110000010 J
0'
1#
#38300
0#
#38310
b101111101110001 !
b101111101110001 1
1D
b111110100001000 7
b111110100001000 <
b101111101110001 5
b101111101110001 F
b110000010 4
b110000010 K
b1101101101111110 2
b1101101101111110 U
1'
b1110110100100 $
b1110110100100 -
b1110110100100 8
b1110110100100 =
b1110110100100 B
b1110110100100 G
b1110110100100 L
b1110110100100 Q
b1110110100100 V
b1110110100100 [
b1110110100100 )
b1 "
b1 ,
b1 *
b0 &
b0 .
b0 9
b0 C
b0 H
b0 R
b0 +
1#
#38320
0#
#38330
b1110110100100 !
b1110110100100 1
b1110110100100 5
b1110110100100 F
0D
b1110110100100 (
b1110110100100 E
0'
1#
#38340
0#
#38350
b1011100010111110 !
b1011100010111110 1
1N
b111110100000000 7
b111110100000000 <
b1110100000000 5
b1110100000000 F
b100000000 4
b100000000 K
b1101101100000000 2
b1101101100000000 U
1'
b1000001101100001 $
b1000001101100001 -
b1000001101100001 8
b1000001101100001 =
b1000001101100001 B
b1000001101100001 G
b1000001101100001 L
b1000001101100001 Q
b1000001101100001 V
b1000001101100001 [
b1000001101100001 )
b111 "
b111 ,
b111 *
b10 &
b10 .
b10 9
b10 C
b10 H
b10 R
b10 +
1#
#38360
0#
#38370
b1000001101100001 !
b1000001101100001 1
b1000001101100001 3
b1000001101100001 P
0N
b1000001101100001 (
b1000001101100001 O
0'
1#
#38380
0#
#38390
b110101110110011 !
b110101110110011 1
1\
b1000 7
b1000 <
b10100100 5
b10100100 F
b10000010 4
b10000010 K
b1111110 2
b1111110 U
1'
b10001101101000 $
b10001101101000 -
b10001101101000 8
b10001101101000 =
b10001101101000 B
b10001101101000 G
b10001101101000 L
b10001101101000 Q
b10001101101000 V
b10001101101000 [
b10001101101000 )
b100 "
b100 ,
b100 *
b1 &
b1 .
b1 9
b1 C
b1 H
b1 R
b1 +
1#
#38400
0#
#38410
b10001101101000 !
b10001101101000 1
b10001101101000 /
b10001101101000 ]
0\
b10001101101000 (
b10001101101000 ^
0'
1#
#38420
0#
#38430
1\
b111110100000000 7
b111110100000000 <
b1110100000000 5
b1110100000000 F
b100000000 4
b100000000 K
b1101101100000000 2
b1101101100000000 U
1'
b11001000111100 $
b11001000111100 -
b11001000111100 8
b11001000111100 =
b11001000111100 B
b11001000111100 G
b11001000111100 L
b11001000111100 Q
b11001000111100 V
b11001000111100 [
b11001000111100 )
b10 &
b10 .
b10 9
b10 C
b10 H
b10 R
b10 +
1#
#38440
0#
#38450
b11001000111100 !
b11001000111100 1
b11001000111100 /
b11001000111100 ]
0\
b11001000111100 (
b11001000111100 ^
0'
1#
#38460
0#
#38470
1\
b1000 7
b1000 <
b10100100 5
b10100100 F
b10000010 4
b10000010 K
b1111110 2
b1111110 U
1'
b1011101101001010 $
b1011101101001010 -
b1011101101001010 8
b1011101101001010 =
b1011101101001010 B
b1011101101001010 G
b1011101101001010 L
b1011101101001010 Q
b1011101101001010 V
b1011101101001010 [
b1011101101001010 )
b1 &
b1 .
b1 9
b1 C
b1 H
b1 R
b1 +
1#
#38480
0#
#38490
b1011101101001010 !
b1011101101001010 1
b1011101101001010 /
b1011101101001010 ]
0\
b1011101101001010 (
b1011101101001010 ^
0'
1#
#38500
0#
#38510
b1000001101100001 !
b1000001101100001 1
1N
b111110100000000 7
b111110100000000 <
b1110100000000 5
b1110100000000 F
b100000000 4
b100000000 K
b1101101100000000 2
b1101101100000000 U
1'
b101011111111011 $
b101011111111011 -
b101011111111011 8
b101011111111011 =
b101011111111011 B
b101011111111011 G
b101011111111011 L
b101011111111011 Q
b101011111111011 V
b101011111111011 [
b101011111111011 )
b111 "
b111 ,
b111 *
b10 &
b10 .
b10 9
b10 C
b10 H
b10 R
b10 +
1#
#38520
0#
#38530
b101011111111011 !
b101011111111011 1
b101011111111011 3
b101011111111011 P
0N
b101011111111011 (
b101011111111011 O
0'
1#
#38540
0#
#38550
b1111110 !
b1111110 1
1S
b1000 7
b1000 <
b10100100 5
b10100100 F
b10000010 4
b10000010 K
b1111110 2
b1111110 U
1'
b1101100000010111 $
b1101100000010111 -
b1101100000010111 8
b1101100000010111 =
b1101100000010111 B
b1101100000010111 G
b1101100000010111 L
b1101100000010111 Q
b1101100000010111 V
b1101100000010111 [
b1101100000010111 )
b11 "
b11 ,
b11 *
b1 &
b1 .
b1 9
b1 C
b1 H
b1 R
b1 +
1#
#38560
0#
#38570
b10111 !
b10111 1
b10111 2
b10111 U
0S
b10111 (
b1101101100010111 T
0'
1#
#38580
0#
#38590
b1110100000000 !
b1110100000000 1
1D
b111110100000000 7
b111110100000000 <
b1110100000000 5
b1110100000000 F
b100000000 4
b100000000 K
b1101101100000000 2
b1101101100000000 U
1'
b1000011111101001 $
b1000011111101001 -
b1000011111101001 8
b1000011111101001 =
b1000011111101001 B
b1000011111101001 G
b1000011111101001 L
b1000011111101001 Q
b1000011111101001 V
b1000011111101001 [
b1000011111101001 )
b1 "
b1 ,
b1 *
b10 &
b10 .
b10 9
b10 C
b10 H
b10 R
b10 +
1#
#38600
0#
#38610
b1000011100000000 !
b1000011100000000 1
b1000011100000000 5
b1000011100000000 F
0D
b1000011100000000 (
b1000011110100100 E
0'
1#
#38620
0#
#38630
1:
b111110100001000 !
b111110100001000 1
b111110100001000 7
b111110100001000 <
b1000011110100100 5
b1000011110100100 F
b110000010 4
b110000010 K
b1101101100010111 2
b1101101100010111 U
1'
b1110000110111011 $
b1110000110111011 -
b1110000110111011 8
b1110000110111011 =
b1110000110111011 B
b1110000110111011 G
b1110000110111011 L
b1110000110111011 Q
b1110000110111011 V
b1110000110111011 [
b1110000110111011 )
b0 "
b0 ,
b0 *
b0 &
b0 .
b0 9
b0 C
b0 H
b0 R
b0 +
1#
#38640
0#
#38650
b1110000110111011 !
b1110000110111011 1
b1110000110111011 7
b1110000110111011 <
0:
b1110000110111011 (
b1110000110111011 ;
0'
1#
#38660
0#
#38670
1?
b1010000110000011 !
b1010000110000011 1
1'
b11010111111010 $
b11010111111010 -
b11010111111010 8
b11010111111010 =
b11010111111010 B
b11010111111010 G
b11010111111010 L
b11010111111010 Q
b11010111111010 V
b11010111111010 [
b11010111111010 )
b101 "
b101 ,
b101 *
1#
#38680
0#
#38690
b11010111111010 !
b11010111111010 1
b11010111111010 6
b11010111111010 A
0?
b11010111111010 (
b11010111111010 @
0'
1#
#38700
0#
#38710
1:
b1110000110111011 !
b1110000110111011 1
1'
b100000011011100 $
b100000011011100 -
b100000011011100 8
b100000011011100 =
b100000011011100 B
b100000011011100 G
b100000011011100 L
b100000011011100 Q
b100000011011100 V
b100000011011100 [
b100000011011100 )
b0 "
b0 ,
b0 *
1#
#38720
0#
#38730
b100000011011100 !
b100000011011100 1
b100000011011100 7
b100000011011100 <
0:
b100000011011100 (
b100000011011100 ;
0'
1#
#38740
0#
#38750
1I
b110000010 !
b110000010 1
1'
b1101001000111101 $
b1101001000111101 -
b1101001000111101 8
b1101001000111101 =
b1101001000111101 B
b1101001000111101 G
b1101001000111101 L
b1101001000111101 Q
b1101001000111101 V
b1101001000111101 [
b1101001000111101 )
b10 "
b10 ,
b10 *
1#
#38760
0#
#38770
b1101001000111101 !
b1101001000111101 1
b1101001000111101 4
b1101001000111101 K
0I
b1101001000111101 (
b1101001000111101 J
0'
1#
#38780
0#
#38790
b101011111111011 !
b101011111111011 1
1N
b11011100 7
b11011100 <
b10100100 5
b10100100 F
b111101 4
b111101 K
b10111 2
b10111 U
1'
b1010111001100 $
b1010111001100 -
b1010111001100 8
b1010111001100 =
b1010111001100 B
b1010111001100 G
b1010111001100 L
b1010111001100 Q
b1010111001100 V
b1010111001100 [
b1010111001100 )
b111 "
b111 ,
b111 *
b1 &
b1 .
b1 9
b1 C
b1 H
b1 R
b1 +
1#
#38800
0#
#38810
b1010111001100 !
b1010111001100 1
b1010111001100 3
b1010111001100 P
0N
b1010111001100 (
b1010111001100 O
0'
1#
#38820
0#
#38830
b100001111000110 !
b100001111000110 1
1X
b100000011011100 7
b100000011011100 <
b1000011110100100 5
b1000011110100100 F
b1101001000111101 4
b1101001000111101 K
b1101101100010111 2
b1101101100010111 U
1'
b1110110100001100 $
b1110110100001100 -
b1110110100001100 8
b1110110100001100 =
b1110110100001100 B
b1110110100001100 G
b1110110100001100 L
b1110110100001100 Q
b1110110100001100 V
b1110110100001100 [
b1110110100001100 )
b110 "
b110 ,
b110 *
b11 &
b11 .
b11 9
b11 C
b11 H
b11 R
b11 +
1#
#38840
0#
#38850
b1110110100001100 !
b1110110100001100 1
b1110110100001100 0
b1110110100001100 Y
0X
b1110110100001100 (
b1110110100001100 Z
0'
1#
#38860
0#
#38870
b11010111111010 !
b11010111111010 1
1?
1'
b1100000110101001 $
b1100000110101001 -
b1100000110101001 8
b1100000110101001 =
b1100000110101001 B
b1100000110101001 G
b1100000110101001 L
b1100000110101001 Q
b1100000110101001 V
b1100000110101001 [
b1100000110101001 )
b101 "
b101 ,
b101 *
1#
#38880
0#
#38890
b1100000110101001 !
b1100000110101001 1
b1100000110101001 6
b1100000110101001 A
0?
b1100000110101001 (
b1100000110101001 @
0'
1#
#38900
0#
#38910
b1101001000111101 !
b1101001000111101 1
1I
1'
b100110100111110 $
b100110100111110 -
b100110100111110 8
b100110100111110 =
b100110100111110 B
b100110100111110 G
b100110100111110 L
b100110100111110 Q
b100110100111110 V
b100110100111110 [
b100110100111110 )
b10 "
b10 ,
b10 *
1#
#38920
0#
#38930
b100110100111110 !
b100110100111110 1
b100110100111110 4
b100110100111110 K
0I
b100110100111110 (
b100110100111110 J
0'
1#
#38940
0#
#38950
1:
b11011100 !
b11011100 1
b11011100 7
b11011100 <
b10100100 5
b10100100 F
b111110 4
b111110 K
b10111 2
b10111 U
1'
b1001011110101100 $
b1001011110101100 -
b1001011110101100 8
b1001011110101100 =
b1001011110101100 B
b1001011110101100 G
b1001011110101100 L
b1001011110101100 Q
b1001011110101100 V
b1001011110101100 [
b1001011110101100 )
b0 "
b0 ,
b0 *
b1 &
b1 .
b1 9
b1 C
b1 H
b1 R
b1 +
1#
#38960
0#
#38970
b10101100 !
b10101100 1
b10101100 7
b10101100 <
0:
b10101100 (
b100000010101100 ;
0'
1#
#38980
0#
#38990
1S
b1101101100010111 !
b1101101100010111 1
b100000010101100 7
b100000010101100 <
b1000011110100100 5
b1000011110100100 F
b100110100111110 4
b100110100111110 K
b1101101100010111 2
b1101101100010111 U
1'
b1011000100101 $
b1011000100101 -
b1011000100101 8
b1011000100101 =
b1011000100101 B
b1011000100101 G
b1011000100101 L
b1011000100101 Q
b1011000100101 V
b1011000100101 [
b1011000100101 )
b11 "
b11 ,
b11 *
b0 &
b0 .
b0 9
b0 C
b0 H
b0 R
b0 +
1#
#39000
0#
#39010
b1011000100101 !
b1011000100101 1
b1011000100101 2
b1011000100101 U
0S
b1011000100101 (
b1011000100101 T
0'
1#
#39020
0#
#39030
b1011101101001010 !
b1011101101001010 1
1\
1'
b111100111001110 $
b111100111001110 -
b111100111001110 8
b111100111001110 =
b111100111001110 B
b111100111001110 G
b111100111001110 L
b111100111001110 Q
b111100111001110 V
b111100111001110 [
b111100111001110 )
b100 "
b100 ,
b100 *
b11 &
b11 .
b11 9
b11 C
b11 H
b11 R
b11 +
1#
#39040
0#
#39050
b111100111001110 !
b111100111001110 1
b111100111001110 /
b111100111001110 ]
0\
b111100111001110 (
b111100111001110 ^
0'
1#
#39060
0#
#39070
b100110100000000 !
b100110100000000 1
1I
b100000000000000 7
b100000000000000 <
b1000011100000000 5
b1000011100000000 F
b100110100000000 4
b100110100000000 K
b1011000000000 2
b1011000000000 U
1'
b1110100111111011 $
b1110100111111011 -
b1110100111111011 8
b1110100111111011 =
b1110100111111011 B
b1110100111111011 G
b1110100111111011 L
b1110100111111011 Q
b1110100111111011 V
b1110100111111011 [
b1110100111111011 )
b10 "
b10 ,
b10 *
b10 &
b10 .
b10 9
b10 C
b10 H
b10 R
b10 +
1#
#39080
0#
#39090
b1110100100000000 !
b1110100100000000 1
b1110100100000000 4
b1110100100000000 K
0I
b1110100100000000 (
b1110100100111110 J
0'
1#
#39100
0#
#39110
b111100111001110 !
b111100111001110 1
1\
b10101100 7
b10101100 <
b10100100 5
b10100100 F
b111110 4
b111110 K
b100101 2
b100101 U
1'
b111000010001000 $
b111000010001000 -
b111000010001000 8
b111000010001000 =
b111000010001000 B
b111000010001000 G
b111000010001000 L
b111000010001000 Q
b111000010001000 V
b111000010001000 [
b111000010001000 )
b100 "
b100 ,
b100 *
b1 &
b1 .
b1 9
b1 C
b1 H
b1 R
b1 +
1#
#39120
0#
#39130
b111000010001000 !
b111000010001000 1
b111000010001000 /
b111000010001000 ]
0\
b111000010001000 (
b111000010001000 ^
0'
1#
#39140
0#
#39150
b1010111001100 !
b1010111001100 1
1N
b100000010101100 7
b100000010101100 <
b1000011110100100 5
b1000011110100100 F
b1110100100111110 4
b1110100100111110 K
b1011000100101 2
b1011000100101 U
1'
b1011000110 $
b1011000110 -
b1011000110 8
b1011000110 =
b1011000110 B
b1011000110 G
b1011000110 L
b1011000110 Q
b1011000110 V
b1011000110 [
b1011000110 )
b111 "
b111 ,
b111 *
b11 &
b11 .
b11 9
b11 C
b11 H
b11 R
b11 +
1#
#39160
0#
#39170
b1011000110 !
b1011000110 1
b1011000110 3
b1011000110 P
0N
b1011000110 (
b1011000110 O
0'
1#
#39180
0#
#39190
b111110 !
b111110 1
1I
b10101100 7
b10101100 <
b10100100 5
b10100100 F
b111110 4
b111110 K
b100101 2
b100101 U
1'
b101001110011111 $
b101001110011111 -
b101001110011111 8
b101001110011111 =
b101001110011111 B
b101001110011111 G
b101001110011111 L
b101001110011111 Q
b101001110011111 V
b101001110011111 [
b101001110011111 )
b10 "
b10 ,
b10 *
b1 &
b1 .
b1 9
b1 C
b1 H
b1 R
b1 +
1#
#39200
0#
#39210
b10011111 !
b10011111 1
b10011111 4
b10011111 K
0I
b10011111 (
b1110100110011111 J
0'
1#
#39220
0#
#39230
1:
b10101100 !
b10101100 1
1'
b101101000111000 $
b101101000111000 -
b101101000111000 8
b101101000111000 =
b101101000111000 B
b101101000111000 G
b101101000111000 L
b101101000111000 Q
b101101000111000 V
b101101000111000 [
b101101000111000 )
b0 "
b0 ,
b0 *
1#
#39240
0#
#39250
b111000 !
b111000 1
b111000 7
b111000 <
0:
b111000 (
b100000000111000 ;
0'
1#
#39260
0#
#39270
1S
b100101 !
b100101 1
1'
b110000100111010 $
b110000100111010 -
b110000100111010 8
b110000100111010 =
b110000100111010 B
b110000100111010 G
b110000100111010 L
b110000100111010 Q
b110000100111010 V
b110000100111010 [
b110000100111010 )
b11 "
b11 ,
b11 *
1#
#39280
0#
#39290
b111010 !
b111010 1
b111010 2
b111010 U
0S
b111010 (
b1011000111010 T
0'
1#
#39300
0#
#39310
b1011000110 !
b1011000110 1
1N
1'
b1100011011111111 $
b1100011011111111 -
b1100011011111111 8
b1100011011111111 =
b1100011011111111 B
b1100011011111111 G
b1100011011111111 L
b1100011011111111 Q
b1100011011111111 V
b1100011011111111 [
b1100011011111111 )
b111 "
b111 ,
b111 *
1#
#39320
0#
#39330
b1100011011111111 !
b1100011011111111 1
b1100011011111111 3
b1100011011111111 P
0N
b1100011011111111 (
b1100011011111111 O
0'
1#
#39340
0#
#39350
b1100000110101001 !
b1100000110101001 1
1?
b100000000000000 7
b100000000000000 <
b1000011100000000 5
b1000011100000000 F
b1110100100000000 4
b1110100100000000 K
b1011000000000 2
b1011000000000 U
1'
b1110110101000001 $
b1110110101000001 -
b1110110101000001 8
b1110110101000001 =
b1110110101000001 B
b1110110101000001 G
b1110110101000001 L
b1110110101000001 Q
b1110110101000001 V
b1110110101000001 [
b1110110101000001 )
b101 "
b101 ,
b101 *
b10 &
b10 .
b10 9
b10 C
b10 H
b10 R
b10 +
1#
#39360
0#
#39370
b1110110101000001 !
b1110110101000001 1
b1110110101000001 6
b1110110101000001 A
0?
b1110110101000001 (
b1110110101000001 @
0'
1#
#39380
0#
#39390
b1110110100001100 !
b1110110100001100 1
1X
1'
b1011101101101 $
b1011101101101 -
b1011101101101 8
b1011101101101 =
b1011101101101 B
b1011101101101 G
b1011101101101 L
b1011101101101 Q
b1011101101101 V
b1011101101101 [
b1011101101101 )
b110 "
b110 ,
b110 *
1#
#39400
0#
#39410
b1011101101101 !
b1011101101101 1
b1011101101101 0
b1011101101101 Y
0X
b1011101101101 (
b1011101101101 Z
0'
1#
#39420
0#
#39430
b10011111 !
b10011111 1
1I
b111000 7
b111000 <
b10100100 5
b10100100 F
b10011111 4
b10011111 K
b111010 2
b111010 U
1'
b1111000010100101 $
b1111000010100101 -
b1111000010100101 8
b1111000010100101 =
b1111000010100101 B
b1111000010100101 G
b1111000010100101 L
b1111000010100101 Q
b1111000010100101 V
b1111000010100101 [
b1111000010100101 )
b10 "
b10 ,
b10 *
b1 &
b1 .
b1 9
b1 C
b1 H
b1 R
b1 +
1#
#39440
0#
#39450
b10100101 !
b10100101 1
b10100101 4
b10100101 K
0I
b10100101 (
b1110100110100101 J
0'
1#
#39460
0#
#39470
b1000011110100100 !
b1000011110100100 1
1D
b100000000111000 7
b100000000111000 <
b1000011110100100 5
b1000011110100100 F
b1110100110100101 4
b1110100110100101 K
b1011000111010 2
b1011000111010 U
1'
b11011101010011 $
b11011101010011 -
b11011101010011 8
b11011101010011 =
b11011101010011 B
b11011101010011 G
b11011101010011 L
b11011101010011 Q
b11011101010011 V
b11011101010011 [
b11011101010011 )
b1 "
b1 ,
b1 *
b11 &
b11 .
b11 9
b11 C
b11 H
b11 R
b11 +
1#
#39480
0#
#39490
b11011101010011 !
b11011101010011 1
b11011101010011 5
b11011101010011 F
0D
b11011101010011 (
b11011101010011 E
0'
1#
#39500
0#
#39510
1D
1'
b1010111011101010 $
b1010111011101010 -
b1010111011101010 8
b1010111011101010 =
b1010111011101010 B
b1010111011101010 G
b1010111011101010 L
b1010111011101010 Q
b1010111011101010 V
b1010111011101010 [
b1010111011101010 )
1#
#39520
0#
#39530
b1010111011101010 !
b1010111011101010 1
b1010111011101010 5
b1010111011101010 F
0D
b1010111011101010 (
b1010111011101010 E
0'
1#
#39540
0#
#39550
b1110100110100101 !
b1110100110100101 1
1I
1'
b101000100010010 $
b101000100010010 -
b101000100010010 8
b101000100010010 =
b101000100010010 B
b101000100010010 G
b101000100010010 L
b101000100010010 Q
b101000100010010 V
b101000100010010 [
b101000100010010 )
b10 "
b10 ,
b10 *
1#
#39560
0#
#39570
b101000100010010 !
b101000100010010 1
b101000100010010 4
b101000100010010 K
0I
b101000100010010 (
b101000100010010 J
0'
1#
#39580
0#
#39590
b111000010001000 !
b111000010001000 1
1\
b111000 7
b111000 <
b11101010 5
b11101010 F
b10010 4
b10010 K
b111010 2
b111010 U
1'
b101111110110100 $
b101111110110100 -
b101111110110100 8
b101111110110100 =
b101111110110100 B
b101111110110100 G
b101111110110100 L
b101111110110100 Q
b101111110110100 V
b101111110110100 [
b101111110110100 )
b100 "
b100 ,
b100 *
b1 &
b1 .
b1 9
b1 C
b1 H
b1 R
b1 +
1#
#39600
0#
#39610
b101111110110100 !
b101111110110100 1
b101111110110100 /
b101111110110100 ]
0\
b101111110110100 (
b101111110110100 ^
0'
1#
#39620
0#
#39630
b101000100010010 !
b101000100010010 1
1I
b100000000111000 7
b100000000111000 <
b1010111011101010 5
b1010111011101010 F
b101000100010010 4
b101000100010010 K
b1011000111010 2
b1011000111010 U
1'
b1110011100011101 $
b1110011100011101 -
b1110011100011101 8
b1110011100011101 =
b1110011100011101 B
b1110011100011101 G
b1110011100011101 L
b1110011100011101 Q
b1110011100011101 V
b1110011100011101 [
b1110011100011101 )
b10 "
b10 ,
b10 *
b0 &
b0 .
b0 9
b0 C
b0 H
b0 R
b0 +
1#
#39640
0#
#39650
b1110011100011101 !
b1110011100011101 1
b1110011100011101 4
b1110011100011101 K
0I
b1110011100011101 (
b1110011100011101 J
0'
1#
#39660
0#
#39670
1I
1'
b1011110001100111 $
b1011110001100111 -
b1011110001100111 8
b1011110001100111 =
b1011110001100111 B
b1011110001100111 G
b1011110001100111 L
b1011110001100111 Q
b1011110001100111 V
b1011110001100111 [
b1011110001100111 )
1#
#39680
0#
#39690
b1011110001100111 !
b1011110001100111 1
b1011110001100111 4
b1011110001100111 K
0I
b1011110001100111 (
b1011110001100111 J
0'
1#
#39700
0#
#39710
b101111110110100 !
b101111110110100 1
1\
b100000000000000 7
b100000000000000 <
b1010111000000000 5
b1010111000000000 F
b1011110000000000 4
b1011110000000000 K
b1011000000000 2
b1011000000000 U
1'
b1111101110010011 $
b1111101110010011 -
b1111101110010011 8
b1111101110010011 =
b1111101110010011 B
b1111101110010011 G
b1111101110010011 L
b1111101110010011 Q
b1111101110010011 V
b1111101110010011 [
b1111101110010011 )
b100 "
b100 ,
b100 *
b10 &
b10 .
b10 9
b10 C
b10 H
b10 R
b10 +
1#
#39720
0#
#39730
b1111101110010011 !
b1111101110010011 1
b1111101110010011 /
b1111101110010011 ]
0\
b1111101110010011 (
b1111101110010011 ^
0'
1#
#39740
0#
#39750
1:
b111000 !
b111000 1
b111000 7
b111000 <
b11101010 5
b11101010 F
b1100111 4
b1100111 K
b111010 2
b111010 U
1'
b1011001010001111 $
b1011001010001111 -
b1011001010001111 8
b1011001010001111 =
b1011001010001111 B
b1011001010001111 G
b1011001010001111 L
b1011001010001111 Q
b1011001010001111 V
b1011001010001111 [
b1011001010001111 )
b0 "
b0 ,
b0 *
b1 &
b1 .
b1 9
b1 C
b1 H
b1 R
b1 +
1#
#39760
0#
#39770
b10001111 !
b10001111 1
b10001111 7
b10001111 <
0:
b10001111 (
b100000010001111 ;
0'
1#
#39780
0#
#39790
1N
b1100011011111111 !
b1100011011111111 1
1'
b10101110101101 $
b10101110101101 -
b10101110101101 8
b10101110101101 =
b10101110101101 B
b10101110101101 G
b10101110101101 L
b10101110101101 Q
b10101110101101 V
b10101110101101 [
b10101110101101 )
b111 "
b111 ,
b111 *
1#
#39800
0#
#39810
b10101110101101 !
b10101110101101 1
b10101110101101 3
b10101110101101 P
0N
b10101110101101 (
b10101110101101 O
0'
1#
#39820
0#
#39830
1:
b10001111 !
b10001111 1
1'
b1111011100011111 $
b1111011100011111 -
b1111011100011111 8
b1111011100011111 =
b1111011100011111 B
b1111011100011111 G
b1111011100011111 L
b1111011100011111 Q
b1111011100011111 V
b1111011100011111 [
b1111011100011111 )
b0 "
b0 ,
b0 *
1#
#39840
0#
#39850
b11111 !
b11111 1
b11111 7
b11111 <
0:
b11111 (
b100000000011111 ;
0'
1#
#39860
0#
#39870
1\
b1111101110010011 !
b1111101110010011 1
1'
b1100110011010100 $
b1100110011010100 -
b1100110011010100 8
b1100110011010100 =
b1100110011010100 B
b1100110011010100 G
b1100110011010100 L
b1100110011010100 Q
b1100110011010100 V
b1100110011010100 [
b1100110011010100 )
b100 "
b100 ,
b100 *
1#
#39880
0#
#39890
b1100110011010100 !
b1100110011010100 1
b1100110011010100 /
b1100110011010100 ]
0\
b1100110011010100 (
b1100110011010100 ^
0'
1#
#39900
0#
#39910
1\
b100000000011111 7
b100000000011111 <
b1010111011101010 5
b1010111011101010 F
b1011110001100111 4
b1011110001100111 K
b1011000111010 2
b1011000111010 U
1'
b1010111000000101 $
b1010111000000101 -
b1010111000000101 8
b1010111000000101 =
b1010111000000101 B
b1010111000000101 G
b1010111000000101 L
b1010111000000101 Q
b1010111000000101 V
b1010111000000101 [
b1010111000000101 )
b0 &
b0 .
b0 9
b0 C
b0 H
b0 R
b0 +
1#
#39920
0#
#39930
b1010111000000101 !
b1010111000000101 1
b1010111000000101 /
b1010111000000101 ]
0\
b1010111000000101 (
b1010111000000101 ^
0'
1#
#39940
0#
#39950
b1011101101101 !
b1011101101101 1
1X
1'
b1010110110010 $
b1010110110010 -
b1010110110010 8
b1010110110010 =
b1010110110010 B
b1010110110010 G
b1010110110010 L
b1010110110010 Q
b1010110110010 V
b1010110110010 [
b1010110110010 )
b110 "
b110 ,
b110 *
b11 &
b11 .
b11 9
b11 C
b11 H
b11 R
b11 +
1#
#39960
0#
#39970
b1010110110010 !
b1010110110010 1
b1010110110010 0
b1010110110010 Y
0X
b1010110110010 (
b1010110110010 Z
0'
1#
#39980
0#
#39990
b1110110101000001 !
b1110110101000001 1
1?
1'
b11101101010 $
b11101101010 -
b11101101010 8
b11101101010 =
b11101101010 B
b11101101010 G
b11101101010 L
b11101101010 Q
b11101101010 V
b11101101010 [
b11101101010 )
b101 "
b101 ,
b101 *
1#
#40000
0#
#40010
b11101101010 !
b11101101010 1
b11101101010 6
b11101101010 A
0?
b11101101010 (
b11101101010 @
0'
1#
#40020
0#
#40030
b1010111000000101 !
b1010111000000101 1
1\
b100000000000000 7
b100000000000000 <
b1010111000000000 5
b1010111000000000 F
b1011110000000000 4
b1011110000000000 K
b1011000000000 2
b1011000000000 U
1'
b11011010111000 $
b11011010111000 -
b11011010111000 8
b11011010111000 =
b11011010111000 B
b11011010111000 G
b11011010111000 L
b11011010111000 Q
b11011010111000 V
b11011010111000 [
b11011010111000 )
b100 "
b100 ,
b100 *
b10 &
b10 .
b10 9
b10 C
b10 H
b10 R
b10 +
1#
#40040
0#
#40050
b11011010111000 !
b11011010111000 1
b11011010111000 /
b11011010111000 ]
0\
b11011010111000 (
b11011010111000 ^
0'
1#
#40060
0#
#40070
1#
#40080
0#
#40090
1#
